state,session,chamber,bill_id,type,name,leg_id
oh,129,lower,HB 1,primary,Duffey,OHL000054
oh,129,lower,HB 10,primary,Sears,OHL000079
oh,129,lower,HB 100,primary,Williams,OHL000044
oh,129,lower,HB 101,primary,Williams,OHL000044
oh,129,lower,HB 102,primary,Young,OHL000096
oh,129,lower,HB 103,primary,Clyde,OHL000101
oh,129,lower,HB 103,cosponsor,Stinziano,OHL000058
oh,129,lower,HB 104,primary,Gardner,OHL000039
oh,129,lower,HB 105,primary,Murray,OHL000113
oh,129,lower,HB 106,primary,Pillich,OHL000061
oh,129,lower,HB 107,primary,Damschroder,OHL000114
oh,129,lower,HB 107,cosponsor,Slesnick,OHL000085
oh,129,lower,HB 108,primary,Gerberry,OHL000092
oh,129,lower,HB 108,cosponsor,Hagan R,OHL000093
oh,129,lower,HB 109,primary,Williams,OHL000044
oh,129,lower,HB 11,primary,Sears,OHL000079
oh,129,lower,HB 11,cosponsor,Maag,OHL000068
oh,129,lower,HB 110,primary,Williams,OHL000044
oh,129,lower,HB 111,primary,Williams,OHL000044
oh,129,lower,HB 112,primary,Grossman,OHL000056
oh,129,lower,HB 112,cosponsor,Letson,OHL000097
oh,129,lower,HB 113,primary,Lundy,OHL000090
oh,129,lower,HB 114,primary,McGregor,OHL000105
oh,129,lower,HB 115,primary,Stebelton,OHL000038
oh,129,lower,HB 116,primary,Barnes,OHL000045
oh,129,lower,HB 117,primary,Barnes,OHL000045
oh,129,lower,HB 118,primary,Fende,OHL000095
oh,129,lower,HB 119,primary,Combs,OHL000087
oh,129,lower,HB 119,cosponsor,Fende,OHL000095
oh,129,lower,HB 12,primary,Sears,OHL000079
oh,129,lower,HB 120,primary,Carey,OHL000120
oh,129,lower,HB 120,cosponsor,Gentile,OHL000128
oh,129,lower,HB 121,primary,Rosenberger,OHL000119
oh,129,lower,HB 122,primary,Hottinger,OHL000104
oh,129,lower,HB 123,primary,Hottinger,OHL000104
oh,129,lower,HB 124,primary,Hottinger,OHL000104
oh,129,lower,HB 125,primary,Wachtmann,OHL000108
oh,129,lower,HB 126,primary,Grossman,OHL000056
oh,129,lower,HB 126,cosponsor,Gonzales,OHL000052
oh,129,lower,HB 127,primary,Luckie,OHL000072
oh,129,lower,HB 128,primary,Carey,OHL000120
oh,129,lower,HB 128,cosponsor,Peterson,OHL000118
oh,129,lower,HB 129,primary,Mallory,OHL000065
oh,129,lower,HB 13,primary,Sears,OHL000079
oh,129,lower,HB 130,primary,Mallory,OHL000065
oh,129,lower,HB 131,primary,Reece,OHL000066
oh,129,lower,HB 132,primary,DeGeeter,OHL000048
oh,129,lower,HB 133,primary,Adams J,OHL000111
oh,129,lower,HB 134,primary,Schuring,OHL000084
oh,129,lower,HB 135,primary,Burke,OHL000116
oh,129,lower,HB 136,primary,Huffman,OHL000037
oh,129,lower,HB 137,primary,Phillips,OHL000125
oh,129,lower,HB 137,cosponsor,Driehaus,OHL000064
oh,129,lower,HB 138,primary,Gerberry,OHL000092
oh,129,lower,HB 139,primary,McKenney,OHL000076
oh,129,lower,HB 14,primary,Sears,OHL000079
oh,129,lower,HB 140,primary,Hagan R,OHL000093
oh,129,lower,HB 141,primary,Goodwin,OHL000107
oh,129,lower,HB 141,cosponsor,Boyd,OHL000042
oh,129,lower,HB 142,primary,Lundy,OHL000090
oh,129,lower,HB 143,primary,Stinziano,OHL000058
oh,129,lower,HB 143,cosponsor,O'Brien,OHL000098
oh,129,lower,HB 144,primary,Dovilla,OHL000051
oh,129,lower,HB 144,cosponsor,Baker,OHL000049
oh,129,lower,HB 145,primary,Weddington,OHL000060
oh,129,lower,HB 145,cosponsor,Derickson,OHL000086
oh,129,lower,HB 146,primary,Weddington,OHL000060
oh,129,lower,HB 147,primary,Weddington,OHL000060
oh,129,lower,HB 148,primary,Letson,OHL000097
oh,129,lower,HB 148,cosponsor,Anielski,OHL000050
oh,129,lower,HB 149,primary,Letson,OHL000097
oh,129,lower,HB 15,primary,Sears,OHL000079
oh,129,lower,HB 150,primary,Gardner,OHL000039
oh,129,lower,HB 150,cosponsor,Sears,OHL000079
oh,129,lower,HB 151,primary,McGregor,OHL000105
oh,129,lower,HB 151,cosponsor,Carney,OHL000055
oh,129,lower,HB 152,primary,Mallory,OHL000065
oh,129,lower,HB 153,primary,Amstutz,OHL000036
oh,129,lower,HB 154,primary,Slesnick,OHL000085
oh,129,lower,HB 154,cosponsor,Driehaus,OHL000064
oh,129,lower,HB 155,primary,Fedor,OHL000080
oh,129,lower,HB 155,cosponsor,Garland,OHL000053
oh,129,lower,HB 156,primary,Yuko,OHL000040
oh,129,lower,HB 156,cosponsor,McGregor,OHL000105
oh,129,lower,HB 157,primary,Schuring,OHL000084
oh,129,lower,HB 157,cosponsor,Letson,OHL000097
oh,129,lower,HB 158,primary,Stebelton,OHL000038
oh,129,lower,HB 158,cosponsor,Okey,OHL000094
oh,129,lower,HB 159,primary,Mecklenborg,OHL000063
oh,129,lower,HB 159,cosponsor,Blessing,OHL000062
oh,129,lower,HB 16,primary,Sears,OHL000079
oh,129,lower,HB 160,primary,Celeste,OHL000057
oh,129,lower,HB 160,cosponsor,Antonio,OHL000046
oh,129,lower,HB 161,primary,Gerberry,OHL000092
oh,129,lower,HB 162,primary,Stebelton,OHL000038
oh,129,lower,HB 162,cosponsor,Bubp,OHL000121
oh,129,lower,HB 163,primary,Balderson,OHL000127
oh,129,lower,HB 164,primary,Blessing,OHL000062
oh,129,lower,HB 164,cosponsor,Weddington,OHL000060
oh,129,lower,HB 165,primary,Goodwin,OHL000107
oh,129,lower,HB 165,cosponsor,Lundy,OHL000090
oh,129,lower,HB 166,primary,Phillips,OHL000125
oh,129,lower,HB 167,primary,Derickson,OHL000086
oh,129,lower,HB 167,cosponsor,Mallory,OHL000065
oh,129,lower,HB 168,primary,Carey,OHL000120
oh,129,lower,HB 169,primary,Williams,OHL000044
oh,129,lower,HB 17,primary,Baker,OHL000049
oh,129,lower,HB 170,primary,Mecklenborg,OHL000063
oh,129,lower,HB 171,primary,Thompson,OHL000126
oh,129,lower,HB 171,cosponsor,Johnson,OHL000122
oh,129,lower,HB 172,primary,Hagan R,OHL000093
oh,129,lower,HB 173,primary,Gonzales,OHL000052
oh,129,lower,HB 173,cosponsor,Huffman,OHL000037
oh,129,lower,HB 174,primary,Batchelder,OHL000102
oh,129,lower,HB 175,primary,Peterson,OHL000118
oh,129,lower,HB 176,primary,Beck,OHL000100
oh,129,lower,HB 177,primary,Stebelton,OHL000038
oh,129,lower,HB 177,cosponsor,Gonzales,OHL000052
oh,129,lower,HB 178,primary,Young,OHL000096
oh,129,lower,HB 179,primary,Murray,OHL000113
oh,129,lower,HB 18,primary,Baker,OHL000049
oh,129,lower,HB 180,primary,Schuring,OHL000084
oh,129,lower,HB 181,primary,Celeste,OHL000057
oh,129,lower,HB 181,cosponsor,Foley,OHL000047
oh,129,lower,HB 182,primary,Foley,OHL000047
oh,129,lower,HB 182,cosponsor,Antonio,OHL000046
oh,129,lower,HB 183,primary,Williams,OHL000044
oh,129,lower,HB 184,primary,Martin,OHL000103
oh,129,lower,HB 185,primary,Carey,OHL000120
oh,129,lower,HB 185,cosponsor,O'Brien,OHL000098
oh,129,lower,HB 186,primary,Adams R,OHL000112
oh,129,lower,HB 187,primary,Driehaus,OHL000064
oh,129,lower,HB 187,cosponsor,Foley,OHL000047
oh,129,lower,HB 188,primary,Batchelder,OHL000102
oh,129,lower,HB 189,primary,Coley,OHL000135
oh,129,lower,HB 189,cosponsor,DeGeeter,OHL000048
oh,129,lower,HB 19,primary,Goodwin,OHL000107
oh,129,lower,HB 190,primary,Winburn,OHL000073
oh,129,lower,HB 191,primary,Hayes,OHL000124
oh,129,lower,HB 191,cosponsor,Patmon,OHL000043
oh,129,lower,HB 192,primary,Coley,OHL000135
oh,129,lower,HB 193,primary,Uecker,OHL000099
oh,129,lower,HB 194,primary,Mecklenborg,OHL000063
oh,129,lower,HB 194,cosponsor,Blessing,OHL000062
oh,129,lower,HB 195,primary,Anielski,OHL000050
oh,129,lower,HB 195,cosponsor,Baker,OHL000049
oh,129,lower,HB 196,primary,Pillich,OHL000061
oh,129,lower,HB 197,primary,Slesnick,OHL000085
oh,129,lower,HB 198,primary,Coley,OHL000135
oh,129,lower,HB 199,primary,Beck,OHL000100
oh,129,lower,HB 2,primary,Snitchler,OHL000083
oh,129,lower,HB 2,cosponsor,Stautberg,OHL000067
oh,129,lower,HB 20,primary,Burke,OHL000116
oh,129,lower,HB 20,cosponsor,Letson,OHL000097
oh,129,lower,HB 200,primary,Beck,OHL000100
oh,129,lower,HB 201,primary,Rosenberger,OHL000119
oh,129,lower,HB 201,cosponsor,Beck,OHL000100
oh,129,lower,HB 202,primary,Hollington,OHL000131
oh,129,lower,HB 203,primary,Hagan R,OHL000093
oh,129,lower,HB 203,cosponsor,Foley,OHL000047
oh,129,lower,HB 204,primary,Foley,OHL000047
oh,129,lower,HB 205,primary,Derickson,OHL000086
oh,129,lower,HB 206,primary,Stinziano,OHL000058
oh,129,lower,HB 207,primary,Balderson,OHL000127
oh,129,lower,HB 207,cosponsor,Letson,OHL000097
oh,129,lower,HB 208,primary,Stinziano,OHL000058
oh,129,lower,HB 208,cosponsor,Antonio,OHL000046
oh,129,lower,HB 209,primary,Adams R,OHL000112
oh,129,lower,HB 21,primary,Combs,OHL000087
oh,129,lower,HB 210,primary,Ramos,OHL000089
oh,129,lower,HB 211,primary,Adams J,OHL000111
oh,129,lower,HB 212,primary,Grossman,OHL000056
oh,129,lower,HB 213,primary,Gerberry,OHL000092
oh,129,lower,HB 214,primary,Yuko,OHL000040
oh,129,lower,HB 214,cosponsor,Hagan R,OHL000093
oh,129,lower,HB 215,primary,Dovilla,OHL000051
oh,129,lower,HB 216,primary,Patmon,OHL000043
oh,129,lower,HB 217,primary,Patmon,OHL000043
oh,129,lower,HB 218,primary,Hottinger,OHL000104
oh,129,lower,HB 219,primary,McClain,OHL000115
oh,129,lower,HB 22,primary,Bubp,OHL000121
oh,129,lower,HB 220,primary,Beck,OHL000100
oh,129,lower,HB 220,cosponsor,Baker,OHL000049
oh,129,lower,HB 221,primary,Mecklenborg,OHL000063
oh,129,lower,HB 221,cosponsor,Driehaus,OHL000064
oh,129,lower,HB 222,primary,Mecklenborg,OHL000063
oh,129,lower,HB 223,primary,Patmon,OHL000043
oh,129,lower,HB 224,primary,Dovilla,OHL000051
oh,129,lower,HB 224,cosponsor,Stinziano,OHL000058
oh,129,lower,HB 225,primary,Peterson,OHL000118
oh,129,lower,HB 225,cosponsor,Landis,OHL000129
oh,129,lower,HB 226,primary,Sprague,OHL000109
oh,129,lower,HB 227,primary,Goyal,OHL000106
oh,129,lower,HB 228,primary,Goyal,OHL000106
oh,129,lower,HB 229,primary,Buchy,OHL000110
oh,129,lower,HB 23,primary,Snitchler,OHL000083
oh,129,lower,HB 230,primary,Williams,OHL000044
oh,129,lower,HB 231,primary,Wachtmann,OHL000108
oh,129,lower,HB 232,primary,Letson,OHL000097
oh,129,lower,HB 232,cosponsor,O'Brien,OHL000098
oh,129,lower,HB 233,primary,Letson,OHL000097
oh,129,lower,HB 233,cosponsor,Huffman,OHL000037
oh,129,lower,HB 234,primary,DeGeeter,OHL000048
oh,129,lower,HB 235,primary,Stinziano,OHL000058
oh,129,lower,HB 236,primary,Hagan C,OHL000134
oh,129,lower,HB 237,primary,Gerberry,OHL000092
oh,129,lower,HB 237,cosponsor,Hagan R,OHL000093
oh,129,lower,HB 238,primary,Gerberry,OHL000092
oh,129,lower,HB 238,cosponsor,Hagan R,OHL000093
oh,129,lower,HB 239,primary,Stautberg,OHL000067
oh,129,lower,HB 24,primary,Combs,OHL000087
oh,129,lower,HB 240,primary,Weddington,OHL000060
oh,129,lower,HB 240,cosponsor,Amstutz,OHL000036
oh,129,lower,HB 241,primary,Phillips,OHL000125
oh,129,lower,HB 241,cosponsor,Sprague,OHL000109
oh,129,lower,HB 242,primary,Brenner,OHL000035
oh,129,lower,HB 242,cosponsor,Patmon,OHL000043
oh,129,lower,HB 243,primary,Kozlowski,OHL000132
oh,129,lower,HB 243,cosponsor,Young,OHL000096
oh,129,lower,HB 244,primary,Gonzales,OHL000052
oh,129,lower,HB 244,cosponsor,Roegner,OHL000075
oh,129,lower,HB 245,primary,Yuko,OHL000040
oh,129,lower,HB 246,primary,Roegner,OHL000075
oh,129,lower,HB 247,primary,Butler,OHL000070
oh,129,lower,HB 248,primary,Boyd,OHL000042
oh,129,lower,HB 249,primary,Boyd,OHL000042
oh,129,lower,HB 25,primary,Combs,OHL000087
oh,129,lower,HB 250,primary,Hackett,OHL000117
oh,129,lower,HB 251,primary,Schuring,OHL000084
oh,129,lower,HB 252,primary,Young,OHL000096
oh,129,lower,HB 253,primary,Weddington,OHL000060
oh,129,lower,HB 253,cosponsor,Young,OHL000096
oh,129,lower,HB 254,primary,Gentile,OHL000128
oh,129,lower,HB 255,primary,Gonzales,OHL000052
oh,129,lower,HB 256,primary,Adams J,OHL000111
oh,129,lower,HB 257,primary,Murray,OHL000113
oh,129,lower,HB 258,primary,Grossman,OHL000056
oh,129,lower,HB 258,cosponsor,Dovilla,OHL000051
oh,129,lower,HB 259,primary,Adams J,OHL000111
oh,129,lower,HB 259,cosponsor,Yuko,OHL000040
oh,129,lower,HB 26,primary,Letson,OHL000097
oh,129,lower,HB 260,primary,Derickson,OHL000086
oh,129,lower,HB 261,primary,McGregor,OHL000105
oh,129,lower,HB 262,primary,Fedor,OHL000080
oh,129,lower,HB 263,primary,Heard,OHL000059
oh,129,lower,HB 264,primary,Burke,OHL000116
oh,129,lower,HB 264,cosponsor,Grossman,OHL000056
oh,129,lower,HB 265,primary,Slaby,OHL000162
oh,129,lower,HB 265,cosponsor,O'Brien,OHL000098
oh,129,lower,HB 266,primary,Stebelton,OHL000038
oh,129,lower,HB 267,primary,McKenney,OHL000076
oh,129,lower,HB 268,primary,Szollosi,OHL000082
oh,129,lower,HB 268,cosponsor,Butler,OHL000070
oh,129,lower,HB 269,primary,Dovilla,OHL000051
oh,129,lower,HB 27,primary,Stautberg,OHL000067
oh,129,lower,HB 27,cosponsor,Letson,OHL000097
oh,129,lower,HB 270,primary,Williams,OHL000044
oh,129,lower,HB 271,primary,Antonio,OHL000046
oh,129,lower,HB 271,cosponsor,Foley,OHL000047
oh,129,lower,HB 272,primary,Celeste,OHL000057
oh,129,lower,HB 272,cosponsor,Ruhl,OHL000123
oh,129,lower,HB 273,primary,Henne,OHL000069
oh,129,lower,HB 273,cosponsor,Hagan C,OHL000134
oh,129,lower,HB 274,primary,Letson,OHL000097
oh,129,lower,HB 275,primary,Young,OHL000096
oh,129,lower,HB 275,cosponsor,Slaby,OHL000162
oh,129,lower,HB 276,primary,Buchy,OHL000110
oh,129,lower,HB 276,cosponsor,Gentile,OHL000128
oh,129,lower,HB 277,primary,Blessing,OHL000062
oh,129,lower,HB 277,cosponsor,Gerberry,OHL000092
oh,129,lower,HB 278,primary,Stebelton,OHL000038
oh,129,lower,HB 278,cosponsor,Okey,OHL000094
oh,129,lower,HB 279,primary,Grossman,OHL000056
oh,129,lower,HB 279,cosponsor,Driehaus,OHL000064
oh,129,lower,HB 28,primary,Stautberg,OHL000067
oh,129,lower,HB 28,cosponsor,Letson,OHL000097
oh,129,lower,HB 280,primary,Dovilla,OHL000051
oh,129,lower,HB 280,cosponsor,Wachtmann,OHL000108
oh,129,lower,HB 281,primary,Antonio,OHL000046
oh,129,lower,HB 282,primary,Martin,OHL000103
oh,129,lower,HB 283,primary,Grossman,OHL000056
oh,129,lower,HB 284,primary,Gonzales,OHL000052
oh,129,lower,HB 284,cosponsor,Letson,OHL000097
oh,129,lower,HB 285,primary,Yuko,OHL000040
oh,129,lower,HB 285,cosponsor,Roegner,OHL000075
oh,129,lower,HB 286,primary,Combs,OHL000087
oh,129,lower,HB 286,cosponsor,Bubp,OHL000121
oh,129,lower,HB 287,primary,Hagan R,OHL000093
oh,129,lower,HB 287,cosponsor,Foley,OHL000047
oh,129,lower,HB 288,primary,Combs,OHL000087
oh,129,lower,HB 289,primary,Goyal,OHL000106
oh,129,lower,HB 289,cosponsor,McClain,OHL000115
oh,129,lower,HB 29,primary,Mecklenborg,OHL000063
oh,129,lower,HB 290,primary,Garland,OHL000053
oh,129,lower,HB 291,primary,Stinziano,OHL000058
oh,129,lower,HB 291,cosponsor,Reece,OHL000066
oh,129,lower,HB 292,primary,Gonzales,OHL000052
oh,129,lower,HB 293,primary,Stinziano,OHL000058
oh,129,lower,HB 294,primary,Celeste,OHL000057
oh,129,lower,HB 294,cosponsor,Goyal,OHL000106
oh,129,lower,HB 295,primary,Ruhl,OHL000123
oh,129,lower,HB 296,primary,Barnes,OHL000045
oh,129,lower,HB 297,primary,Weddington,OHL000060
oh,129,lower,HB 297,cosponsor,Fende,OHL000095
oh,129,lower,HB 298,primary,Roegner,OHL000075
oh,129,lower,HB 298,cosponsor,Rosenberger,OHL000119
oh,129,lower,HB 299,primary,Stinziano,OHL000058
oh,129,lower,HB 299,cosponsor,Anielski,OHL000050
oh,129,lower,HB 3,primary,Grossman,OHL000056
oh,129,lower,HB 3,cosponsor,Hottinger,OHL000104
oh,129,lower,HB 30,primary,Gardner,OHL000039
oh,129,lower,HB 300,primary,Goyal,OHL000106
oh,129,lower,HB 300,cosponsor,Ruhl,OHL000123
oh,129,lower,HB 301,primary,Hottinger,OHL000104
oh,129,lower,HB 301,cosponsor,Beck,OHL000100
oh,129,lower,HB 302,primary,Adams R,OHL000112
oh,129,lower,HB 303,primary,Schuring,OHL000084
oh,129,lower,HB 304,primary,Antonio,OHL000046
oh,129,lower,HB 305,primary,Murray,OHL000113
oh,129,lower,HB 306,primary,Pillich,OHL000061
oh,129,lower,HB 307,primary,Peterson,OHL000118
oh,129,lower,HB 308,primary,Damschroder,OHL000114
oh,129,lower,HB 309,primary,Butler,OHL000070
oh,129,lower,HB 309,cosponsor,Rosenberger,OHL000119
oh,129,lower,HB 31,primary,Combs,OHL000087
oh,129,lower,HB 310,primary,Goodwin,OHL000107
oh,129,lower,HB 311,primary,Schuring,OHL000084
oh,129,lower,HB 311,cosponsor,Hagan C,OHL000134
oh,129,lower,HB 312,primary,Schuring,OHL000084
oh,129,lower,HB 313,primary,Carney,OHL000055
oh,129,lower,HB 313,cosponsor,Carey,OHL000120
oh,129,lower,HB 314,primary,Beck,OHL000100
oh,129,lower,HB 315,primary,Baker,OHL000049
oh,129,lower,HB 315,cosponsor,Sears,OHL000079
oh,129,lower,HB 316,primary,Rosenberger,OHL000119
oh,129,lower,HB 316,cosponsor,Landis,OHL000129
oh,129,lower,HB 317,primary,Young,OHL000096
oh,129,lower,HB 317,cosponsor,Thompson,OHL000126
oh,129,lower,HB 318,primary,Blessing,OHL000062
oh,129,lower,HB 318,cosponsor,O'Brien,OHL000098
oh,129,lower,HB 319,primary,Huffman,OHL000037
oh,129,lower,HB 32,primary,Amstutz,OHL000036
oh,129,lower,HB 320,primary,Johnson,OHL000122
oh,129,lower,HB 320,cosponsor,Bubp,OHL000121
oh,129,lower,HB 321,primary,Peterson,OHL000118
oh,129,lower,HB 322,primary,Brenner,OHL000035
oh,129,lower,HB 323,primary,Dovilla,OHL000051
oh,129,lower,HB 323,cosponsor,Anielski,OHL000050
oh,129,lower,HB 324,primary,Clyde,OHL000101
oh,129,lower,HB 324,cosponsor,Letson,OHL000097
oh,129,lower,HB 325,primary,Landis,OHL000129
oh,129,lower,HB 326,primary,McClain,OHL000115
oh,129,lower,HB 326,cosponsor,Hill,OHL000143
oh,129,lower,HB 327,primary,Gonzales,OHL000052
oh,129,lower,HB 328,primary,Uecker,OHL000099
oh,129,lower,HB 329,primary,McGregor,OHL000105
oh,129,lower,HB 33,primary,Snitchler,OHL000083
oh,129,lower,HB 330,primary,Brenner,OHL000035
oh,129,lower,HB 330,cosponsor,Celeste,OHL000057
oh,129,lower,HB 331,primary,Dovilla,OHL000051
oh,129,lower,HB 331,cosponsor,Bubp,OHL000121
oh,129,lower,HB 332,primary,Stinziano,OHL000058
oh,129,lower,HB 332,cosponsor,Grossman,OHL000056
oh,129,lower,HB 333,primary,Young,OHL000096
oh,129,lower,HB 334,primary,Johnson,OHL000122
oh,129,lower,HB 334,cosponsor,Bubp,OHL000121
oh,129,lower,HB 335,primary,Antonio,OHL000046
oh,129,lower,HB 335,cosponsor,McGregor,OHL000105
oh,129,lower,HB 336,primary,Uecker,OHL000099
oh,129,lower,HB 337,primary,Rosenberger,OHL000119
oh,129,lower,HB 338,primary,Slesnick,OHL000085
oh,129,lower,HB 339,primary,Patmon,OHL000043
oh,129,lower,HB 34,primary,Snitchler,OHL000083
oh,129,lower,HB 340,primary,Patmon,OHL000043
oh,129,lower,HB 340,cosponsor,Dovilla,OHL000051
oh,129,lower,HB 341,primary,Henne,OHL000069
oh,129,lower,HB 342,primary,Pillich,OHL000061
oh,129,lower,HB 342,cosponsor,Driehaus,OHL000064
oh,129,lower,HB 343,primary,Hagan R,OHL000093
oh,129,lower,HB 344,primary,Barnes,OHL000045
oh,129,lower,HB 345,primary,Driehaus,OHL000064
oh,129,lower,HB 345,cosponsor,Heard,OHL000059
oh,129,lower,HB 346,primary,Yuko,OHL000040
oh,129,lower,HB 347,primary,Anielski,OHL000050
oh,129,lower,HB 348,primary,Pelanda,OHL000142
oh,129,lower,HB 349,primary,McGregor,OHL000105
oh,129,lower,HB 35,primary,Sears,OHL000079
oh,129,lower,HB 350,primary,Hackett,OHL000117
oh,129,lower,HB 350,cosponsor,Grossman,OHL000056
oh,129,lower,HB 351,primary,Antonio,OHL000046
oh,129,lower,HB 351,cosponsor,Fedor,OHL000080
oh,129,lower,HB 352,primary,Phillips,OHL000125
oh,129,lower,HB 353,primary,Sears,OHL000079
oh,129,lower,HB 354,primary,Uecker,OHL000099
oh,129,lower,HB 355,primary,Blair,OHL000071
oh,129,lower,HB 356,primary,Ramos,OHL000089
oh,129,lower,HB 357,primary,Ramos,OHL000089
oh,129,lower,HB 358,primary,Carney,OHL000055
oh,129,lower,HB 359,primary,Young,OHL000096
oh,129,lower,HB 36,primary,Kozlowski,OHL000132
oh,129,lower,HB 36,cosponsor,Carey,OHL000120
oh,129,lower,HB 360,primary,Rosenberger,OHL000119
oh,129,lower,HB 361,primary,Letson,OHL000097
oh,129,lower,HB 362,primary,Gerberry,OHL000092
oh,129,lower,HB 362,cosponsor,Lundy,OHL000090
oh,129,lower,HB 363,primary,Duffey,OHL000054
oh,129,lower,HB 364,primary,Roegner,OHL000075
oh,129,lower,HB 364,cosponsor,Duffey,OHL000054
oh,129,lower,HB 365,primary,Beck,OHL000100
oh,129,lower,HB 365,cosponsor,Dovilla,OHL000051
oh,129,lower,HB 366,primary,Hagan R,OHL000093
oh,129,lower,HB 367,primary,Maag,OHL000068
oh,129,lower,HB 368,primary,Roegner,OHL000075
oh,129,lower,HB 368,cosponsor,Hagan C,OHL000134
oh,129,lower,HB 369,primary,Huffman,OHL000037
oh,129,lower,HB 37,primary,Luckie,OHL000072
oh,129,lower,HB 370,primary,Combs,OHL000087
oh,129,lower,HB 371,primary,Amstutz,OHL000036
oh,129,lower,HB 371,cosponsor,Weddington,OHL000060
oh,129,lower,HB 372,primary,Sykes,OHL000077
oh,129,lower,HB 373,primary,Johnson,OHL000122
oh,129,lower,HB 373,cosponsor,Gonzales,OHL000052
oh,129,lower,HB 374,primary,Reece,OHL000066
oh,129,lower,HB 375,primary,Butler,OHL000070
oh,129,lower,HB 376,primary,Celeste,OHL000057
oh,129,lower,HB 376,cosponsor,Garland,OHL000053
oh,129,lower,HB 377,primary,Duffey,OHL000054
oh,129,lower,HB 377,cosponsor,Stinziano,OHL000058
oh,129,lower,HB 378,primary,Young,OHL000096
oh,129,lower,HB 379,primary,Blessing,OHL000062
oh,129,lower,HB 38,primary,Luckie,OHL000072
oh,129,lower,HB 380,primary,Blessing,OHL000062
oh,129,lower,HB 381,primary,Slaby,OHL000162
oh,129,lower,HB 382,primary,Gentile,OHL000128
oh,129,lower,HB 383,primary,Slaby,OHL000162
oh,129,lower,HB 384,primary,Driehaus,OHL000064
oh,129,lower,HB 384,cosponsor,Pillich,OHL000061
oh,129,lower,HB 385,primary,Williams,OHL000044
oh,129,lower,HB 386,primary,Blessing,OHL000062
oh,129,lower,HB 387,primary,Sears,OHL000079
oh,129,lower,HB 387,cosponsor,Ashford,OHL000081
oh,129,lower,HB 388,primary,Damschroder,OHL000114
oh,129,lower,HB 389,primary,Hall,OHL000130
oh,129,lower,HB 389,cosponsor,Okey,OHL000094
oh,129,lower,HB 39,primary,Luckie,OHL000072
oh,129,lower,HB 390,primary,Combs,OHL000087
oh,129,lower,HB 391,primary,Huffman,OHL000037
oh,129,lower,HB 392,primary,Grossman,OHL000056
oh,129,lower,HB 392,cosponsor,Combs,OHL000087
oh,129,lower,HB 393,primary,Yuko,OHL000040
oh,129,lower,HB 394,primary,Maag,OHL000068
oh,129,lower,HB 395,primary,Maag,OHL000068
oh,129,lower,HB 396,primary,McGregor,OHL000105
oh,129,lower,HB 396,cosponsor,Murray,OHL000113
oh,129,lower,HB 397,primary,Antonio,OHL000046
oh,129,lower,HB 398,primary,Bubp,OHL000121
oh,129,lower,HB 398,cosponsor,Johnson,OHL000122
oh,129,lower,HB 399,primary,Butler,OHL000070
oh,129,lower,HB 4,primary,Huffman,OHL000037
oh,129,lower,HB 40,primary,Damschroder,OHL000114
oh,129,lower,HB 400,primary,Hagan R,OHL000093
oh,129,lower,HB 401,primary,Terhar,OHL000145
oh,129,lower,HB 401,cosponsor,Stautberg,OHL000067
oh,129,lower,HB 402,primary,Barnes,OHL000045
oh,129,lower,HB 403,primary,Hagan R,OHL000093
oh,129,lower,HB 404,primary,Goyal,OHL000106
oh,129,lower,HB 405,primary,Rosenberger,OHL000119
oh,129,lower,HB 406,primary,Beck,OHL000100
oh,129,lower,HB 407,primary,Beck,OHL000100
oh,129,lower,HB 408,primary,Terhar,OHL000145
oh,129,lower,HB 409,primary,Peterson,OHL000118
oh,129,lower,HB 41,primary,Boose,OHL000091
oh,129,lower,HB 410,primary,Schuring,OHL000084
oh,129,lower,HB 410,cosponsor,Slesnick,OHL000085
oh,129,lower,HB 411,primary,Luckie,OHL000072
oh,129,lower,HB 412,primary,Antonio,OHL000046
oh,129,lower,HB 412,cosponsor,Carney,OHL000055
oh,129,lower,HB 413,primary,Goyal,OHL000106
oh,129,lower,HB 413,cosponsor,Murray,OHL000113
oh,129,lower,HB 414,primary,Anielski,OHL000050
oh,129,lower,HB 415,primary,Sprague,OHL000109
oh,129,lower,HB 415,cosponsor,Hill,OHL000143
oh,129,lower,HB 416,primary,Blair,OHL000071
oh,129,lower,HB 417,primary,Grossman,OHL000056
oh,129,lower,HB 418,primary,Hagan R,OHL000093
oh,129,lower,HB 419,primary,Antonio,OHL000046
oh,129,lower,HB 419,cosponsor,Garland,OHL000053
oh,129,lower,HB 42,primary,Boose,OHL000091
oh,129,lower,HB 420,primary,Peterson,OHL000118
oh,129,lower,HB 420,cosponsor,Stinziano,OHL000058
oh,129,lower,HB 421,primary,Slaby,OHL000162
oh,129,lower,HB 421,cosponsor,O'Brien,OHL000098
oh,129,lower,HB 422,primary,Maag,OHL000068
oh,129,lower,HB 422,cosponsor,Thompson,OHL000126
oh,129,lower,HB 423,primary,Gonzales,OHL000052
oh,129,lower,HB 424,primary,Celeste,OHL000057
oh,129,lower,HB 424,cosponsor,Foley,OHL000047
oh,129,lower,HB 425,primary,Maag,OHL000068
oh,129,lower,HB 425,cosponsor,Johnson,OHL000122
oh,129,lower,HB 426,primary,Schuring,OHL000084
oh,129,lower,HB 427,primary,Boyd,OHL000042
oh,129,lower,HB 427,cosponsor,Gardner,OHL000039
oh,129,lower,HB 428,primary,Johnson,OHL000122
oh,129,lower,HB 428,cosponsor,Kozlowski,OHL000132
oh,129,lower,HB 429,primary,Johnson,OHL000122
oh,129,lower,HB 43,primary,Goyal,OHL000106
oh,129,lower,HB 43,cosponsor,Williams,OHL000044
oh,129,lower,HB 430,primary,Boose,OHL000091
oh,129,lower,HB 430,cosponsor,Hackett,OHL000117
oh,129,lower,HB 431,primary,Landis,OHL000129
oh,129,lower,HB 431,cosponsor,Cera,OHL000152
oh,129,lower,HB 432,primary,Boyd,OHL000042
oh,129,lower,HB 433,primary,Damschroder,OHL000114
oh,129,lower,HB 434,primary,Newbold,OHL000034
oh,129,lower,HB 435,primary,Beck,OHL000100
oh,129,lower,HB 436,primary,Grossman,OHL000056
oh,129,lower,HB 436,cosponsor,Anielski,OHL000050
oh,129,lower,HB 437,primary,Roegner,OHL000075
oh,129,lower,HB 437,cosponsor,Patmon,OHL000043
oh,129,lower,HB 438,primary,Sears,OHL000079
oh,129,lower,HB 439,primary,Hagan R,OHL000093
oh,129,lower,HB 44,primary,Goyal,OHL000106
oh,129,lower,HB 44,cosponsor,Garland,OHL000053
oh,129,lower,HB 440,primary,Ruhl,OHL000123
oh,129,lower,HB 441,primary,Blair,OHL000071
oh,129,lower,HB 441,cosponsor,Heard,OHL000059
oh,129,lower,HB 442,primary,Hagan C,OHL000134
oh,129,lower,HB 443,primary,Conditt,OHL000137
oh,129,lower,HB 444,primary,Henne,OHL000069
oh,129,lower,HB 445,primary,Hill,OHL000143
oh,129,lower,HB 446,primary,Driehaus,OHL000064
oh,129,lower,HB 446,cosponsor,Foley,OHL000047
oh,129,lower,HB 447,primary,Stinziano,OHL000058
oh,129,lower,HB 448,primary,Grossman,OHL000056
oh,129,lower,HB 449,primary,Pillich,OHL000061
oh,129,lower,HB 45,primary,Bubp,OHL000121
oh,129,lower,HB 45,cosponsor,Johnson,OHL000122
oh,129,lower,HB 450,primary,Pillich,OHL000061
oh,129,lower,HB 451,primary,Pillich,OHL000061
oh,129,lower,HB 452,primary,Beck,OHL000100
oh,129,lower,HB 452,cosponsor,Maag,OHL000068
oh,129,lower,HB 453,primary,Grossman,OHL000056
oh,129,lower,HB 454,primary,Landis,OHL000129
oh,129,lower,HB 455,primary,Maag,OHL000068
oh,129,lower,HB 456,primary,Hall,OHL000130
oh,129,lower,HB 457,primary,O'Brien,OHL000098
oh,129,lower,HB 458,primary,Sprague,OHL000109
oh,129,lower,HB 459,primary,Hottinger,OHL000104
oh,129,lower,HB 46,primary,Blessing,OHL000062
oh,129,lower,HB 460,primary,Patmon,OHL000043
oh,129,lower,HB 461,primary,Stebelton,OHL000038
oh,129,lower,HB 462,primary,Pelanda,OHL000142
oh,129,lower,HB 463,primary,Gerberry,OHL000092
oh,129,lower,HB 464,primary,Foley,OHL000047
oh,129,lower,HB 465,primary,Foley,OHL000047
oh,129,lower,HB 466,primary,Patmon,OHL000043
oh,129,lower,HB 467,primary,Johnson,OHL000122
oh,129,lower,HB 467,cosponsor,Peterson,OHL000118
oh,129,lower,HB 468,primary,Stinziano,OHL000058
oh,129,lower,HB 469,primary,Dovilla,OHL000051
oh,129,lower,HB 47,primary,Hagan R,OHL000093
oh,129,lower,HB 470,primary,Kozlowski,OHL000132
oh,129,lower,HB 471,primary,Gerberry,OHL000092
oh,129,lower,HB 471,cosponsor,O'Brien,OHL000098
oh,129,lower,HB 472,primary,Beck,OHL000100
oh,129,lower,HB 473,primary,Wachtmann,OHL000108
oh,129,lower,HB 474,primary,Goyal,OHL000106
oh,129,lower,HB 475,primary,Thompson,OHL000126
oh,129,lower,HB 476,primary,Ramos,OHL000089
oh,129,lower,HB 476,cosponsor,Pillich,OHL000061
oh,129,lower,HB 477,primary,Slaby,OHL000162
oh,129,lower,HB 477,cosponsor,Bubp,OHL000121
oh,129,lower,HB 478,primary,Combs,OHL000087
oh,129,lower,HB 479,primary,Hagan C,OHL000134
oh,129,lower,HB 479,cosponsor,Blessing,OHL000062
oh,129,lower,HB 48,primary,Mecklenborg,OHL000063
oh,129,lower,HB 48,cosponsor,Carney,OHL000055
oh,129,lower,HB 480,primary,Driehaus,OHL000064
oh,129,lower,HB 480,cosponsor,Ramos,OHL000089
oh,129,lower,HB 481,primary,Hackett,OHL000117
oh,129,lower,HB 482,primary,Amstutz,OHL000036
oh,129,lower,HB 483,primary,Hill,OHL000143
oh,129,lower,HB 484,primary,Duffey,OHL000054
oh,129,lower,HB 485,primary,Pelanda,OHL000142
oh,129,lower,HB 486,primary,Milkovich,OHL000078
oh,129,lower,HB 486,cosponsor,Goyal,OHL000106
oh,129,lower,HB 487,primary,Amstutz,OHL000036
oh,129,lower,HB 488,primary,Baker,OHL000049
oh,129,lower,HB 488,cosponsor,Slaby,OHL000162
oh,129,lower,HB 489,primary,Dovilla,OHL000051
oh,129,lower,HB 489,cosponsor,Hagan C,OHL000134
oh,129,lower,HB 49,primary,Combs,OHL000087
oh,129,lower,HB 490,primary,Dovilla,OHL000051
oh,129,lower,HB 490,cosponsor,Landis,OHL000129
oh,129,lower,HB 491,primary,Young,OHL000096
oh,129,lower,HB 491,cosponsor,Kozlowski,OHL000132
oh,129,lower,HB 492,primary,Gonzales,OHL000052
oh,129,lower,HB 493,primary,Okey,OHL000094
oh,129,lower,HB 493,cosponsor,Fedor,OHL000080
oh,129,lower,HB 494,primary,Pillich,OHL000061
oh,129,lower,HB 495,primary,Johnson,OHL000122
oh,129,lower,HB 496,primary,Hackett,OHL000117
oh,129,lower,HB 496,cosponsor,Garland,OHL000053
oh,129,lower,HB 497,primary,Hackett,OHL000117
oh,129,lower,HB 498,primary,Fedor,OHL000080
oh,129,lower,HB 498,cosponsor,Garland,OHL000053
oh,129,lower,HB 499,primary,Damschroder,OHL000114
oh,129,lower,HB 5,primary,Huffman,OHL000037
oh,129,lower,HB 50,primary,Snitchler,OHL000083
oh,129,lower,HB 500,primary,Gerberry,OHL000092
oh,129,lower,HB 501,primary,Carney,OHL000055
oh,129,lower,HB 501,cosponsor,Duffey,OHL000054
oh,129,lower,HB 502,primary,Martin,OHL000103
oh,129,lower,HB 503,primary,Ruhl,OHL000123
oh,129,lower,HB 504,primary,Huffman,OHL000037
oh,129,lower,HB 505,primary,Amstutz,OHL000036
oh,129,lower,HB 506,primary,Williams,OHL000044
oh,129,lower,HB 506,cosponsor,Amstutz,OHL000036
oh,129,lower,HB 507,primary,Beck,OHL000100
oh,129,lower,HB 508,primary,Beck,OHL000100
oh,129,lower,HB 509,primary,Blair,OHL000071
oh,129,lower,HB 51,primary,Snitchler,OHL000083
oh,129,lower,HB 510,primary,Amstutz,OHL000036
oh,129,lower,HB 511,primary,Beck,OHL000100
oh,129,lower,HB 511,cosponsor,Gonzales,OHL000052
oh,129,lower,HB 512,primary,Maag,OHL000068
oh,129,lower,HB 513,primary,Maag,OHL000068
oh,129,lower,HB 514,primary,Newbold,OHL000034
oh,129,lower,HB 515,primary,Damschroder,OHL000114
oh,129,lower,HB 516,primary,Henne,OHL000069
oh,129,lower,HB 516,cosponsor,Hottinger,OHL000104
oh,129,lower,HB 517,primary,Sears,OHL000079
oh,129,lower,HB 517,cosponsor,Newbold,OHL000034
oh,129,lower,HB 518,primary,Sears,OHL000079
oh,129,lower,HB 518,cosponsor,Landis,OHL000129
oh,129,lower,HB 519,primary,Patmon,OHL000043
oh,129,lower,HB 52,primary,Snitchler,OHL000083
oh,129,lower,HB 52,cosponsor,Okey,OHL000094
oh,129,lower,HB 520,primary,Celeste,OHL000057
oh,129,lower,HB 520,cosponsor,Hagan R,OHL000093
oh,129,lower,HB 521,primary,Dovilla,OHL000051
oh,129,lower,HB 522,primary,McGregor,OHL000105
oh,129,lower,HB 523,primary,Combs,OHL000087
oh,129,lower,HB 524,primary,McGregor,OHL000105
oh,129,lower,HB 524,cosponsor,Heard,OHL000059
oh,129,lower,HB 525,primary,Williams,OHL000044
oh,129,lower,HB 525,cosponsor,Amstutz,OHL000036
oh,129,lower,HB 526,primary,McClain,OHL000115
oh,129,lower,HB 526,cosponsor,Murray,OHL000113
oh,129,lower,HB 527,primary,Derickson,OHL000086
oh,129,lower,HB 527,cosponsor,Letson,OHL000097
oh,129,lower,HB 528,primary,Carney,OHL000055
oh,129,lower,HB 528,cosponsor,Okey,OHL000094
oh,129,lower,HB 529,primary,Hagan C,OHL000134
oh,129,lower,HB 53,primary,Maag,OHL000068
oh,129,lower,HB 530,primary,Henne,OHL000069
oh,129,lower,HB 531,primary,Antonio,OHL000046
oh,129,lower,HB 531,cosponsor,Johnson,OHL000122
oh,129,lower,HB 532,primary,Kozlowski,OHL000132
oh,129,lower,HB 532,cosponsor,Gonzales,OHL000052
oh,129,lower,HB 533,primary,Blessing,OHL000062
oh,129,lower,HB 533,cosponsor,Heard,OHL000059
oh,129,lower,HB 534,primary,Schuring,OHL000084
oh,129,lower,HB 535,primary,Hill,OHL000143
oh,129,lower,HB 536,primary,Gerberry,OHL000092
oh,129,lower,HB 537,primary,Hagan R,OHL000093
oh,129,lower,HB 538,primary,Landis,OHL000129
oh,129,lower,HB 538,cosponsor,DeVitis,OHL000151
oh,129,lower,HB 539,primary,Derickson,OHL000086
oh,129,lower,HB 539,cosponsor,Thompson,OHL000126
oh,129,lower,HB 54,primary,Maag,OHL000068
oh,129,lower,HB 54,cosponsor,Martin,OHL000103
oh,129,lower,HB 540,primary,Newbold,OHL000034
oh,129,lower,HB 540,cosponsor,Slaby M,OHL000162
oh,129,lower,HB 541,primary,Hagan C,OHL000134
oh,129,lower,HB 541,cosponsor,Sprague,OHL000109
oh,129,lower,HB 542,primary,Ruhl,OHL000123
oh,129,lower,HB 543,primary,Anielski,OHL000050
oh,129,lower,HB 544,primary,Szollosi,OHL000082
oh,129,lower,HB 544,cosponsor,Bubp,OHL000121
oh,129,lower,HB 545,primary,Damschroder,OHL000114
oh,129,lower,HB 546,primary,Slesnick,OHL000085
oh,129,lower,HB 546,cosponsor,McGregor,OHL000105
oh,129,lower,HB 547,primary,Pillich,OHL000061
oh,129,lower,HB 548,primary,Pillich,OHL000061
oh,129,lower,HB 549,primary,Pillich,OHL000061
oh,129,lower,HB 55,primary,Goyal,OHL000106
oh,129,lower,HB 55,cosponsor,Murray,OHL000113
oh,129,lower,HB 550,primary,Pillich,OHL000061
oh,129,lower,HB 551,primary,Garland,OHL000053
oh,129,lower,HB 551,cosponsor,Antonio,OHL000046
oh,129,lower,HB 552,primary,Martin,OHL000103
oh,129,lower,HB 553,primary,Phillips,OHL000125
oh,129,lower,HB 553,cosponsor,Driehaus,OHL000064
oh,129,lower,HB 554,primary,Kozlowski,OHL000132
oh,129,lower,HB 554,cosponsor,Bubp,OHL000121
oh,129,lower,HB 555,primary,Stebelton,OHL000038
oh,129,lower,HB 555,cosponsor,Butler,OHL000070
oh,129,lower,HB 556,primary,O'Brien,OHL000098
oh,129,lower,HB 556,cosponsor,Letson,OHL000097
oh,129,lower,HB 557,primary,Gerberry,OHL000092
oh,129,lower,HB 558,primary,Beck,OHL000100
oh,129,lower,HB 559,primary,Landis,OHL000129
oh,129,lower,HB 559,cosponsor,Hagan C,OHL000134
oh,129,lower,HB 56,primary,Murray,OHL000113
oh,129,lower,HB 560,primary,Lynch,OHL000161
oh,129,lower,HB 561,primary,Slaby M,OHL000162
oh,129,lower,HB 562,primary,Bubp,OHL000121
oh,129,lower,HB 562,cosponsor,Rosenberger,OHL000119
oh,129,lower,HB 563,primary,Patmon,OHL000043
oh,129,lower,HB 564,primary,Hottinger,OHL000104
oh,129,lower,HB 565,primary,Carney,OHL000055
oh,129,lower,HB 565,cosponsor,Winburn,OHL000073
oh,129,lower,HB 566,primary,Slaby M,OHL000162
oh,129,lower,HB 567,primary,Sears,OHL000079
oh,129,lower,HB 568,primary,Stinziano,OHL000058
oh,129,lower,HB 568,cosponsor,Pillich,OHL000061
oh,129,lower,HB 569,primary,Bubp,OHL000121
oh,129,lower,HB 57,primary,Driehaus,OHL000064
oh,129,lower,HB 570,primary,Lynch,OHL000161
oh,129,lower,HB 570,cosponsor,Grossman,OHL000056
oh,129,lower,HB 571,primary,Cera,OHL000152
oh,129,lower,HB 572,primary,Dovilla,OHL000051
oh,129,lower,HB 573,primary,Schuring,OHL000084
oh,129,lower,HB 574,primary,Celeste,OHL000057
oh,129,lower,HB 575,primary,Milkovich,OHL000078
oh,129,lower,HB 576,primary,Hottinger,OHL000104
oh,129,lower,HB 577,primary,Bubp,OHL000121
oh,129,lower,HB 578,primary,Hagan C,OHL000134
oh,129,lower,HB 579,primary,Winburn,OHL000073
oh,129,lower,HB 58,primary,Beck,OHL000100
oh,129,lower,HB 580,primary,Combs,OHL000087
oh,129,lower,HB 580,cosponsor,Lynch,OHL000161
oh,129,lower,HB 581,primary,Lundy,OHL000090
oh,129,lower,HB 581,cosponsor,Gerberry,OHL000092
oh,129,lower,HB 582,primary,Bubp,OHL000121
oh,129,lower,HB 583,primary,Brenner,OHL000035
oh,129,lower,HB 584,primary,Foley,OHL000047
oh,129,lower,HB 585,primary,Damschroder,OHL000114
oh,129,lower,HB 586,primary,Murray,OHL000113
oh,129,lower,HB 587,primary,Murray,OHL000113
oh,129,lower,HB 588,primary,Murray,OHL000113
oh,129,lower,HB 589,primary,Okey,OHL000094
oh,129,lower,HB 59,primary,McClain,OHL000115
oh,129,lower,HB 590,primary,Boose,OHL000091
oh,129,lower,HB 591,primary,Boose,OHL000091
oh,129,lower,HB 592,primary,Williams,OHL000044
oh,129,lower,HB 593,primary,Thompson,OHL000126
oh,129,lower,HB 594,primary,Damschroder,OHL000114
oh,129,lower,HB 594,cosponsor,Murray,OHL000113
oh,129,lower,HB 595,primary,Patmon,OHL000043
oh,129,lower,HB 596,primary,Hagan R,OHL000093
oh,129,lower,HB 597,primary,Heard,OHL000059
oh,129,lower,HB 597,cosponsor,McGregor,OHL000105
oh,129,lower,HB 598,primary,Grossman,OHL000056
oh,129,lower,HB 598,cosponsor,Terhar,OHL000145
oh,129,lower,HB 599,primary,Hagan R,OHL000093
oh,129,lower,HB 6,primary,Huffman,OHL000037
oh,129,lower,HB 60,primary,Murray,OHL000113
oh,129,lower,HB 60,cosponsor,Gardner,OHL000039
oh,129,lower,HB 600,primary,Hagan C,OHL000134
oh,129,lower,HB 601,primary,Grossman,OHL000056
oh,129,lower,HB 601,cosponsor,Henne,OHL000069
oh,129,lower,HB 602,primary,Lundy,OHL000090
oh,129,lower,HB 602,cosponsor,Gerberry,OHL000092
oh,129,lower,HB 603,primary,Blessing,OHL000062
oh,129,lower,HB 603,cosponsor,Heard,OHL000059
oh,129,lower,HB 604,primary,Patmon,OHL000043
oh,129,lower,HB 605,primary,Huffman,OHL000037
oh,129,lower,HB 606,primary,Hagan R,OHL000093
oh,129,lower,HB 607,primary,Gonzales,OHL000052
oh,129,lower,HB 607,cosponsor,Wachtmann,OHL000108
oh,129,lower,HB 608,primary,Amstutz,OHL000036
oh,129,lower,HB 609,primary,Wachtmann,OHL000108
oh,129,lower,HB 609,cosponsor,Gonzales,OHL000052
oh,129,lower,HB 61,primary,Thompson,OHL000126
oh,129,lower,HB 61,cosponsor,Martin,OHL000103
oh,129,lower,HB 610,primary,Stautberg,OHL000067
oh,129,lower,HB 611,primary,Goyal,OHL000106
oh,129,lower,HB 612,primary,Damschroder,OHL000114
oh,129,lower,HB 613,primary,Sears,OHL000079
oh,129,lower,HB 614,primary,Huffman,OHL000037
oh,129,lower,HB 615,primary,Goyal,OHL000106
oh,129,lower,HB 615,cosponsor,Letson,OHL000097
oh,129,lower,HB 616,primary,Goyal,OHL000106
oh,129,lower,HB 616,cosponsor,Lundy,OHL000090
oh,129,lower,HB 617,primary,Lynch,OHL000161
oh,129,lower,HB 618,primary,Patmon,OHL000043
oh,129,lower,HB 619,primary,Patmon,OHL000043
oh,129,lower,HB 62,primary,Gonzales,OHL000052
oh,129,lower,HB 620,primary,Patmon,OHL000043
oh,129,lower,HB 621,primary,Patmon,OHL000043
oh,129,lower,HB 622,primary,Schuring,OHL000084
oh,129,lower,HB 622,cosponsor,Bubp,OHL000121
oh,129,lower,HB 623,primary,Schuring,OHL000084
oh,129,lower,HB 623,cosponsor,Bubp,OHL000121
oh,129,lower,HB 63,primary,Young,OHL000096
oh,129,lower,HB 63,cosponsor,Slaby,OHL000162
oh,129,lower,HB 64,primary,Ruhl,OHL000123
oh,129,lower,HB 64,cosponsor,Burke,OHL000116
oh,129,lower,HB 65,primary,Combs,OHL000087
oh,129,lower,HB 66,primary,McGregor,OHL000105
oh,129,lower,HB 67,primary,McGregor,OHL000105
oh,129,lower,HB 68,primary,Burke,OHL000116
oh,129,lower,HB 69,primary,Wachtmann,OHL000108
oh,129,lower,HB 7,primary,Fende,OHL000095
oh,129,lower,HB 70,primary,Luckie,OHL000072
oh,129,lower,HB 71,primary,Luckie,OHL000072
oh,129,lower,HB 72,primary,Damschroder,OHL000114
oh,129,lower,HB 73,primary,Young,OHL000096
oh,129,lower,HB 74,primary,Wachtmann,OHL000108
oh,129,lower,HB 75,primary,Ruhl,OHL000123
oh,129,lower,HB 76,primary,Reece,OHL000066
oh,129,lower,HB 77,primary,Hackett,OHL000117
oh,129,lower,HB 78,primary,Uecker,OHL000099
oh,129,lower,HB 78,cosponsor,Roegner,OHL000075
oh,129,lower,HB 79,primary,Bubp,OHL000121
oh,129,lower,HB 79,cosponsor,Uecker,OHL000099
oh,129,lower,HB 8,primary,Blair,OHL000071
oh,129,lower,HB 80,primary,Pillich,OHL000061
oh,129,lower,HB 81,primary,Snitchler,OHL000083
oh,129,lower,HB 81,cosponsor,Rosenberger,OHL000119
oh,129,lower,HB 82,primary,Grossman,OHL000056
oh,129,lower,HB 82,cosponsor,Boose,OHL000091
oh,129,lower,HB 83,primary,Rosenberger,OHL000119
oh,129,lower,HB 84,primary,Rosenberger,OHL000119
oh,129,lower,HB 85,primary,Hackett,OHL000117
oh,129,lower,HB 85,cosponsor,Sears,OHL000079
oh,129,lower,HB 86,primary,Blessing,OHL000062
oh,129,lower,HB 86,cosponsor,Heard,OHL000059
oh,129,lower,HB 87,primary,Goyal,OHL000106
oh,129,lower,HB 87,cosponsor,Grossman,OHL000056
oh,129,lower,HB 88,primary,Murray,OHL000113
oh,129,lower,HB 89,primary,Derickson,OHL000086
oh,129,lower,HB 9,primary,Coley,OHL000135
oh,129,lower,HB 90,primary,Driehaus,OHL000064
oh,129,lower,HB 91,primary,Carey,OHL000120
oh,129,lower,HB 92,primary,Martin,OHL000103
oh,129,lower,HB 92,cosponsor,Beck,OHL000100
oh,129,lower,HB 93,primary,Burke,OHL000116
oh,129,lower,HB 93,cosponsor,Johnson,OHL000122
oh,129,lower,HB 94,primary,Roegner,OHL000075
oh,129,lower,HB 94,cosponsor,Thompson,OHL000126
oh,129,lower,HB 95,primary,Stautberg,OHL000067
oh,129,lower,HB 96,primary,Celeste,OHL000057
oh,129,lower,HB 96,cosponsor,Brenner,OHL000035
oh,129,lower,HB 97,primary,Hollington,OHL000131
oh,129,lower,HB 97,cosponsor,Carney,OHL000055
oh,129,lower,HB 98,primary,Hollington,OHL000131
oh,129,lower,HB 99,primary,Damschroder,OHL000114
oh,129,lower,HB 99,cosponsor,Garland,OHL000053
oh,129,lower,HCR 1,primary,Batchelder,OHL000102
oh,129,lower,HCR 1,cosponsor,Budish,OHL000041
oh,129,lower,HCR 10,primary,Bubp,OHL000121
oh,129,lower,HCR 10,cosponsor,Martin,OHL000103
oh,129,lower,HCR 11,primary,Combs,OHL000087
oh,129,lower,HCR 12,primary,Thompson,OHL000126
oh,129,lower,HCR 13,primary,Beck,OHL000100
oh,129,lower,HCR 14,primary,Blessing,OHL000062
oh,129,lower,HCR 15,primary,Balderson,OHL000127
oh,129,lower,HCR 16,primary,Butler,OHL000070
oh,129,lower,HCR 16,cosponsor,Rosenberger,OHL000119
oh,129,lower,HCR 17,primary,Letson,OHL000097
oh,129,lower,HCR 17,cosponsor,Coley,OHL000135
oh,129,lower,HCR 18,primary,Uecker,OHL000099
oh,129,lower,HCR 18,cosponsor,Combs,OHL000087
oh,129,lower,HCR 19,primary,Yuko,OHL000040
oh,129,lower,HCR 2,primary,Batchelder,OHL000102
oh,129,lower,HCR 2,cosponsor,Budish,OHL000041
oh,129,lower,HCR 20,primary,Goyal,OHL000106
oh,129,lower,HCR 20,cosponsor,Gardner,OHL000039
oh,129,lower,HCR 21,primary,Slesnick,OHL000085
oh,129,lower,HCR 21,cosponsor,Ramos,OHL000089
oh,129,lower,HCR 22,primary,Kozlowski,OHL000132
oh,129,lower,HCR 22,cosponsor,Young,OHL000096
oh,129,lower,HCR 23,primary,Burke,OHL000116
oh,129,lower,HCR 24,primary,Batchelder,OHL000102
oh,129,lower,HCR 25,primary,Batchelder,OHL000102
oh,129,lower,HCR 26,primary,Batchelder,OHL000102
oh,129,lower,HCR 27,primary,Peterson,OHL000118
oh,129,lower,HCR 28,primary,Beck,OHL000100
oh,129,lower,HCR 28,cosponsor,Pillich,OHL000061
oh,129,lower,HCR 29,primary,Sears,OHL000079
oh,129,lower,HCR 3,primary,O'Brien,OHL000098
oh,129,lower,HCR 30,primary,Batchelder,OHL000102
oh,129,lower,HCR 30,cosponsor,Budish,OHL000041
oh,129,lower,HCR 31,primary,Landis,OHL000129
oh,129,lower,HCR 31,cosponsor,Okey,OHL000094
oh,129,lower,HCR 32,primary,Hayes,OHL000124
oh,129,lower,HCR 32,cosponsor,Henne,OHL000069
oh,129,lower,HCR 33,primary,Derickson,OHL000086
oh,129,lower,HCR 33,cosponsor,Newbold,OHL000034
oh,129,lower,HCR 34,primary,Antonio,OHL000046
oh,129,lower,HCR 35,primary,Stautberg,OHL000067
oh,129,lower,HCR 35,cosponsor,Sears,OHL000079
oh,129,lower,HCR 36,primary,Garland,OHL000053
oh,129,lower,HCR 36,cosponsor,Gonzales,OHL000052
oh,129,lower,HCR 37,primary,Stinziano,OHL000058
oh,129,lower,HCR 38,primary,Stinziano,OHL000058
oh,129,lower,HCR 38,cosponsor,Gonzales,OHL000052
oh,129,lower,HCR 39,primary,Antonio,OHL000046
oh,129,lower,HCR 4,primary,Rosenberger,OHL000119
oh,129,lower,HCR 40,primary,Young,OHL000096
oh,129,lower,HCR 40,cosponsor,Kozlowski,OHL000132
oh,129,lower,HCR 41,primary,Goyal,OHL000106
oh,129,lower,HCR 41,cosponsor,Ruhl,OHL000123
oh,129,lower,HCR 42,primary,Grossman,OHL000056
oh,129,lower,HCR 43,primary,Johnson,OHL000122
oh,129,lower,HCR 43,cosponsor,Yuko,OHL000040
oh,129,lower,HCR 44,primary,Beck,OHL000100
oh,129,lower,HCR 45,primary,Batchelder,OHL000102
oh,129,lower,HCR 45,cosponsor,Mallory,OHL000065
oh,129,lower,HCR 46,primary,Martin,OHL000103
oh,129,lower,HCR 47,primary,Phillips,OHL000125
oh,129,lower,HCR 47,cosponsor,Stinziano,OHL000058
oh,129,lower,HCR 48,primary,Stinziano,OHL000058
oh,129,lower,HCR 49,primary,Thompson,OHL000126
oh,129,lower,HCR 5,primary,Blessing,OHL000062
oh,129,lower,HCR 50,primary,Hagan R,OHL000093
oh,129,lower,HCR 51,primary,Baker,OHL000049
oh,129,lower,HCR 52,primary,Rosenberger,OHL000119
oh,129,lower,HCR 53,primary,Goyal,OHL000106
oh,129,lower,HCR 53,cosponsor,Murray,OHL000113
oh,129,lower,HCR 54,primary,Batchelder,OHL000102
oh,129,lower,HCR 54,cosponsor,Budish,OHL000041
oh,129,lower,HCR 55,primary,Gonzales,OHL000052
oh,129,lower,HCR 56,primary,Gonzales,OHL000052
oh,129,lower,HCR 57,primary,Ramos,OHL000089
oh,129,lower,HCR 6,primary,Batchelder,OHL000102
oh,129,lower,HCR 7,primary,Letson,OHL000097
oh,129,lower,HCR 8,primary,Stinziano,OHL000058
oh,129,lower,HCR 8,cosponsor,O'Brien,OHL000098
oh,129,lower,HCR 9,primary,Thompson,OHL000126
oh,129,lower,HJR 1,primary,Huffman,OHL000037
oh,129,lower,HJR 1,cosponsor,Fende,OHL000095
oh,129,lower,HJR 2,primary,Maag,OHL000068
oh,129,lower,HJR 2,cosponsor,Sears,OHL000079
oh,129,lower,HJR 3,primary,Maag,OHL000068
oh,129,lower,HJR 4,primary,Batchelder,OHL000102
oh,129,lower,HJR 5,primary,Celeste,OHL000057
oh,129,lower,HJR 5,cosponsor,Duffey,OHL000054
oh,129,lower,HJR 6,primary,Ramos,OHL000089
oh,129,lower,HJR 7,primary,Goyal,OHL000106
oh,129,upper,SB 1,primary,Wagoner,OHL000002
oh,129,upper,SB 10,primary,Seitz,OHL000008
oh,129,upper,SB 10,cosponsor,Smith,OHL000021
oh,129,upper,SB 100,primary,Patton,OHL000024
oh,129,upper,SB 101,primary,Patton,OHL000024
oh,129,upper,SB 102,primary,Bacon,OHL000003
oh,129,upper,SB 103,primary,Stewart,OHL000020
oh,129,upper,SB 104,primary,Cafaro,OHL000032
oh,129,upper,SB 105,primary,Cafaro,OHL000032
oh,129,upper,SB 106,primary,Beagle,OHL000005
oh,129,upper,SB 107,primary,Skindell,OHL000023
oh,129,upper,SB 108,primary,Jordan,OHL000019
oh,129,upper,SB 109,primary,Schiavoni,OHL000033
oh,129,upper,SB 11,primary,Cafaro,OHL000032
oh,129,upper,SB 110,primary,Wilson,OHL000030
oh,129,upper,SB 111,primary,Oelslager,OHL000029
oh,129,upper,SB 112,primary,Skindell,OHL000023
oh,129,upper,SB 113,primary,Skindell,OHL000023
oh,129,upper,SB 114,primary,Seitz,OHL000008
oh,129,upper,SB 115,primary,Kearney,OHL000009
oh,129,upper,SB 116,primary,Seitz,OHL000008
oh,129,upper,SB 116,cosponsor,Cates,OHL000004
oh,129,upper,SB 117,primary,Seitz,OHL000008
oh,129,upper,SB 117,cosponsor,Schiavoni,OHL000033
oh,129,upper,SB 118,primary,Cates,OHL000004
oh,129,upper,SB 119,primary,Kearney,OHL000009
oh,129,upper,SB 12,primary,Kearney,OHL000009
oh,129,upper,SB 120,primary,Beagle,OHL000005
oh,129,upper,SB 121,primary,Patton,OHL000024
oh,129,upper,SB 122,primary,Oelslager,OHL000029
oh,129,upper,SB 123,primary,Bacon,OHL000003
oh,129,upper,SB 124,primary,Bacon,OHL000003
oh,129,upper,SB 125,primary,Seitz,OHL000008
oh,129,upper,SB 125,cosponsor,Turner,OHL000025
oh,129,upper,SB 126,primary,Kearney,OHL000009
oh,129,upper,SB 127,primary,Schiavoni,OHL000033
oh,129,upper,SB 128,primary,Faber,OHL000012
oh,129,upper,SB 129,primary,Bacon,OHL000003
oh,129,upper,SB 129,cosponsor,Hite,OHL000001
oh,129,upper,SB 13,primary,Schiavoni,OHL000033
oh,129,upper,SB 130,primary,Hughes,OHL000016
oh,129,upper,SB 130,cosponsor,Cates,OHL000004
oh,129,upper,SB 131,primary,Jordan,OHL000019
oh,129,upper,SB 132,primary,Patton,OHL000024
oh,129,upper,SB 133,primary,Bacon,OHL000003
oh,129,upper,SB 133,cosponsor,Brown,OHL000011
oh,129,upper,SB 134,primary,Wagoner,OHL000002
oh,129,upper,SB 135,primary,Kearney,OHL000009
oh,129,upper,SB 136,primary,Oelslager,OHL000029
oh,129,upper,SB 136,cosponsor,Cafaro,OHL000032
oh,129,upper,SB 137,primary,Stewart,OHL000020
oh,129,upper,SB 138,primary,Hughes,OHL000016
oh,129,upper,SB 139,primary,Hughes,OHL000016
oh,129,upper,SB 14,primary,Skindell,OHL000023
oh,129,upper,SB 140,primary,Bacon,OHL000003
oh,129,upper,SB 140,cosponsor,Skindell,OHL000023
oh,129,upper,SB 141,primary,Gillmor,OHL000026
oh,129,upper,SB 141,cosponsor,Hite,OHL000001
oh,129,upper,SB 142,primary,Grendell,OHL000018
oh,129,upper,SB 143,primary,Hughes,OHL000016
oh,129,upper,SB 143,cosponsor,Oelslager,OHL000029
oh,129,upper,SB 144,primary,Skindell,OHL000023
oh,129,upper,SB 144,cosponsor,Grendell,OHL000018
oh,129,upper,SB 145,primary,Schaffer,OHL000031
oh,129,upper,SB 146,primary,Schaffer,OHL000031
oh,129,upper,SB 147,primary,Schaffer,OHL000031
oh,129,upper,SB 147,cosponsor,Hite,OHL000001
oh,129,upper,SB 148,primary,Wagoner,OHL000002
oh,129,upper,SB 149,primary,Bacon,OHL000003
oh,129,upper,SB 149,cosponsor,Jones,OHL000007
oh,129,upper,SB 15,primary,Turner,OHL000025
oh,129,upper,SB 150,primary,Hughes,OHL000016
oh,129,upper,SB 151,primary,LaRose,OHL000027
oh,129,upper,SB 152,primary,Kearney,OHL000009
oh,129,upper,SB 153,primary,Kearney,OHL000009
oh,129,upper,SB 154,primary,Smith,OHL000021
oh,129,upper,SB 155,primary,Cates,OHL000004
oh,129,upper,SB 155,cosponsor,Sawyer,OHL000028
oh,129,upper,SB 156,primary,Patton,OHL000024
oh,129,upper,SB 157,primary,Patton,OHL000024
oh,129,upper,SB 158,primary,Patton,OHL000024
oh,129,upper,SB 159,primary,Seitz,OHL000008
oh,129,upper,SB 159,cosponsor,Grendell,OHL000018
oh,129,upper,SB 16,primary,Wilson,OHL000030
oh,129,upper,SB 160,primary,Bacon,OHL000003
oh,129,upper,SB 160,cosponsor,Hughes,OHL000016
oh,129,upper,SB 161,primary,Kearney,OHL000009
oh,129,upper,SB 162,primary,Kearney,OHL000009
oh,129,upper,SB 163,primary,Kearney,OHL000009
oh,129,upper,SB 164,primary,Obhof,OHL000022
oh,129,upper,SB 165,primary,Obhof,OHL000022
oh,129,upper,SB 165,cosponsor,Grendell,OHL000018
oh,129,upper,SB 166,primary,LaRose,OHL000027
oh,129,upper,SB 167,primary,Cates,OHL000004
oh,129,upper,SB 168,primary,Wilson,OHL000030
oh,129,upper,SB 169,primary,Grendell,OHL000018
oh,129,upper,SB 17,primary,Schaffer,OHL000031
oh,129,upper,SB 170,primary,Grendell,OHL000018
oh,129,upper,SB 171,primary,Gillmor,OHL000026
oh,129,upper,SB 171,cosponsor,Wagoner,OHL000002
oh,129,upper,SB 172,primary,Schaffer,OHL000031
oh,129,upper,SB 173,primary,Hughes,OHL000016
oh,129,upper,SB 174,primary,Schiavoni,OHL000033
oh,129,upper,SB 175,primary,Schiavoni,OHL000033
oh,129,upper,SB 176,primary,LaRose,OHL000027
oh,129,upper,SB 177,primary,Turner,OHL000025
oh,129,upper,SB 178,primary,Seitz,OHL000008
oh,129,upper,SB 178,cosponsor,Wilson,OHL000030
oh,129,upper,SB 179,primary,Wilson,OHL000030
oh,129,upper,SB 18,primary,Grendell,OHL000018
oh,129,upper,SB 180,primary,Gillmor,OHL000026
oh,129,upper,SB 180,cosponsor,Grendell,OHL000018
oh,129,upper,SB 181,primary,Wagoner,OHL000002
oh,129,upper,SB 182,primary,Tavares,OHL000015
oh,129,upper,SB 183,primary,Tavares,OHL000015
oh,129,upper,SB 184,primary,Tavares,OHL000015
oh,129,upper,SB 185,primary,Turner,OHL000025
oh,129,upper,SB 186,primary,Skindell,OHL000023
oh,129,upper,SB 187,primary,Grendell,OHL000018
oh,129,upper,SB 188,primary,Patton,OHL000024
oh,129,upper,SB 189,primary,Grendell,OHL000018
oh,129,upper,SB 19,primary,Hughes,OHL000016
oh,129,upper,SB 190,primary,Cafaro,OHL000032
oh,129,upper,SB 191,primary,Hughes,OHL000016
oh,129,upper,SB 191,cosponsor,Wilson,OHL000030
oh,129,upper,SB 192,primary,Turner,OHL000025
oh,129,upper,SB 192,cosponsor,Tavares,OHL000015
oh,129,upper,SB 193,primary,Seitz,OHL000008
oh,129,upper,SB 194,primary,Gillmor,OHL000026
oh,129,upper,SB 194,cosponsor,Oelslager,OHL000029
oh,129,upper,SB 195,primary,Hughes,OHL000016
oh,129,upper,SB 196,primary,Wagoner,OHL000002
oh,129,upper,SB 197,primary,Wagoner,OHL000002
oh,129,upper,SB 198,primary,Tavares,OHL000015
oh,129,upper,SB 199,primary,Smith,OHL000021
oh,129,upper,SB 2,primary,Hughes,OHL000016
oh,129,upper,SB 20,primary,Grendell,OHL000018
oh,129,upper,SB 200,primary,Hughes,OHL000016
oh,129,upper,SB 201,primary,Jordan,OHL000019
oh,129,upper,SB 202,primary,Seitz,OHL000008
oh,129,upper,SB 203,primary,Cafaro,OHL000032
oh,129,upper,SB 203,cosponsor,LaRose,OHL000027
oh,129,upper,SB 204,primary,Tavares,OHL000015
oh,129,upper,SB 205,primary,Skindell,OHL000023
oh,129,upper,SB 205,cosponsor,Grendell,OHL000018
oh,129,upper,SB 206,primary,Schaffer,OHL000031
oh,129,upper,SB 207,primary,Burke,OHL000116
oh,129,upper,SB 208,primary,Obhof,OHL000022
oh,129,upper,SB 208,cosponsor,Kearney,OHL000009
oh,129,upper,SB 209,primary,Hite,OHL000001
oh,129,upper,SB 209,cosponsor,Turner,OHL000025
oh,129,upper,SB 21,primary,Wagoner,OHL000002
oh,129,upper,SB 210,primary,Burke,OHL000116
oh,129,upper,SB 211,primary,Bacon,OHL000003
oh,129,upper,SB 212,primary,Skindell,OHL000023
oh,129,upper,SB 213,primary,Skindell,OHL000023
oh,129,upper,SB 214,primary,Burke,OHL000116
oh,129,upper,SB 215,primary,Burke,OHL000116
oh,129,upper,SB 216,primary,Jordan,OHL000019
oh,129,upper,SB 217,primary,Faber,OHL000012
oh,129,upper,SB 218,primary,Coley,OHL000135
oh,129,upper,SB 219,primary,Sawyer,OHL000028
oh,129,upper,SB 22,primary,Schaffer,OHL000031
oh,129,upper,SB 220,primary,Sawyer,OHL000028
oh,129,upper,SB 221,primary,Sawyer,OHL000028
oh,129,upper,SB 222,primary,Burke,OHL000116
oh,129,upper,SB 223,primary,Bacon,OHL000003
oh,129,upper,SB 224,primary,Obhof,OHL000022
oh,129,upper,SB 225,primary,Sawyer,OHL000028
oh,129,upper,SB 226,primary,LaRose,OHL000027
oh,129,upper,SB 227,primary,Tavares,OHL000015
oh,129,upper,SB 227,cosponsor,Turner,OHL000025
oh,129,upper,SB 228,primary,Burke,OHL000116
oh,129,upper,SB 229,primary,Sawyer,OHL000028
oh,129,upper,SB 23,primary,Tavares,OHL000015
oh,129,upper,SB 230,primary,Sawyer,OHL000028
oh,129,upper,SB 231,primary,Skindell,OHL000023
oh,129,upper,SB 231,cosponsor,Tavares,OHL000015
oh,129,upper,SB 232,primary,Skindell,OHL000023
oh,129,upper,SB 233,primary,Oelslager,OHL000029
oh,129,upper,SB 234,primary,Coley,OHL000135
oh,129,upper,SB 235,primary,Burke,OHL000116
oh,129,upper,SB 236,primary,Schaffer,OHL000031
oh,129,upper,SB 237,primary,Burke,OHL000116
oh,129,upper,SB 238,primary,Lehner,OHL000006
oh,129,upper,SB 239,primary,Sawyer,OHL000028
oh,129,upper,SB 24,primary,Tavares,OHL000015
oh,129,upper,SB 240,primary,Burke,OHL000116
oh,129,upper,SB 240,cosponsor,Lehner,OHL000006
oh,129,upper,SB 241,primary,Coley,OHL000135
oh,129,upper,SB 242,primary,Patton,OHL000024
oh,129,upper,SB 243,primary,Hughes,OHL000016
oh,129,upper,SB 244,primary,Kearney,OHL000009
oh,129,upper,SB 245,primary,Hughes,OHL000016
oh,129,upper,SB 246,primary,Bacon,OHL000003
oh,129,upper,SB 247,primary,Balderson,OHL000127
oh,129,upper,SB 248,primary,Balderson,OHL000127
oh,129,upper,SB 249,primary,Tavares,OHL000015
oh,129,upper,SB 25,primary,Tavares,OHL000015
oh,129,upper,SB 250,primary,Tavares,OHL000015
oh,129,upper,SB 251,primary,Beagle,OHL000005
oh,129,upper,SB 251,cosponsor,Sawyer,OHL000028
oh,129,upper,SB 252,primary,Patton,OHL000024
oh,129,upper,SB 253,primary,Lehner,OHL000006
oh,129,upper,SB 254,primary,Patton,OHL000024
oh,129,upper,SB 255,primary,LaRose,OHL000027
oh,129,upper,SB 256,primary,Coley,OHL000135
oh,129,upper,SB 257,primary,Daniels,OHL000017
oh,129,upper,SB 257,cosponsor,Kearney,OHL000009
oh,129,upper,SB 258,primary,Manning,OHL000013
oh,129,upper,SB 258,cosponsor,Patton,OHL000024
oh,129,upper,SB 259,primary,Obhof,OHL000022
oh,129,upper,SB 259,cosponsor,LaRose,OHL000027
oh,129,upper,SB 26,primary,Tavares,OHL000015
oh,129,upper,SB 260,primary,Obhof,OHL000022
oh,129,upper,SB 261,primary,Tavares,OHL000015
oh,129,upper,SB 261,cosponsor,Schiavoni,OHL000033
oh,129,upper,SB 262,primary,Daniels,OHL000017
oh,129,upper,SB 263,primary,Coley,OHL000135
oh,129,upper,SB 264,primary,Jones,OHL000007
oh,129,upper,SB 265,primary,Bacon,OHL000003
oh,129,upper,SB 266,primary,Widener,OHL000010
oh,129,upper,SB 266,cosponsor,Sawyer,OHL000028
oh,129,upper,SB 267,primary,Turner,OHL000025
oh,129,upper,SB 268,primary,Eklund,OHL000147
oh,129,upper,SB 269,primary,Kearney,OHL000009
oh,129,upper,SB 27,primary,Tavares,OHL000015
oh,129,upper,SB 270,primary,Brown,OHL000011
oh,129,upper,SB 271,primary,LaRose,OHL000027
oh,129,upper,SB 272,primary,Eklund,OHL000147
oh,129,upper,SB 273,primary,Faber,OHL000012
oh,129,upper,SB 274,primary,Hite,OHL000001
oh,129,upper,SB 275,primary,Hite,OHL000001
oh,129,upper,SB 276,primary,Hite,OHL000001
oh,129,upper,SB 277,primary,Skindell,OHL000023
oh,129,upper,SB 278,primary,Kearney,OHL000009
oh,129,upper,SB 278,cosponsor,Turner,OHL000025
oh,129,upper,SB 279,primary,Seitz,OHL000008
oh,129,upper,SB 28,primary,Tavares,OHL000015
oh,129,upper,SB 280,primary,Seitz,OHL000008
oh,129,upper,SB 281,primary,Beagle,OHL000005
oh,129,upper,SB 282,primary,Balderson,OHL000127
oh,129,upper,SB 283,primary,Turner,OHL000025
oh,129,upper,SB 284,primary,Jordan,OHL000019
oh,129,upper,SB 285,primary,Patton,OHL000024
oh,129,upper,SB 286,primary,Jones,OHL000007
oh,129,upper,SB 287,primary,LaRose,OHL000027
oh,129,upper,SB 287,cosponsor,Cafaro,OHL000032
oh,129,upper,SB 288,primary,LaRose,OHL000027
oh,129,upper,SB 289,primary,Coley,OHL000135
oh,129,upper,SB 289,cosponsor,Schiavoni,OHL000033
oh,129,upper,SB 29,primary,Tavares,OHL000015
oh,129,upper,SB 290,primary,Jones,OHL000007
oh,129,upper,SB 291,primary,Lehner,OHL000006
oh,129,upper,SB 292,primary,Oelslager,OHL000029
oh,129,upper,SB 292,cosponsor,Kearney,OHL000009
oh,129,upper,SB 293,primary,Seitz,OHL000008
oh,129,upper,SB 294,primary,Schaffer,OHL000031
oh,129,upper,SB 295,primary,Coley,OHL000135
oh,129,upper,SB 296,primary,Balderson,OHL000127
oh,129,upper,SB 297,primary,Patton,OHL000024
oh,129,upper,SB 298,primary,Cafaro,OHL000032
oh,129,upper,SB 299,primary,Jordan,OHL000019
oh,129,upper,SB 3,primary,Faber,OHL000012
oh,129,upper,SB 30,primary,Tavares,OHL000015
oh,129,upper,SB 300,primary,Manning,OHL000013
oh,129,upper,SB 300,cosponsor,Wagoner,OHL000002
oh,129,upper,SB 301,primary,Burke,OHL000116
oh,129,upper,SB 301,cosponsor,Cafaro,OHL000032
oh,129,upper,SB 302,primary,Manning,OHL000013
oh,129,upper,SB 303,primary,Oelslager,OHL000029
oh,129,upper,SB 304,primary,Balderson,OHL000127
oh,129,upper,SB 305,primary,Hughes,OHL000016
oh,129,upper,SB 306,primary,LaRose,OHL000027
oh,129,upper,SB 307,primary,Turner,OHL000025
oh,129,upper,SB 308,primary,Schaffer,OHL000031
oh,129,upper,SB 309,primary,Hite,OHL000001
oh,129,upper,SB 31,primary,Tavares,OHL000015
oh,129,upper,SB 310,primary,Balderson,OHL000127
oh,129,upper,SB 311,primary,Gentile,OHL000128
oh,129,upper,SB 312,primary,Widener,OHL000010
oh,129,upper,SB 313,primary,Sawyer,OHL000028
oh,129,upper,SB 313,cosponsor,LaRose,OHL000027
oh,129,upper,SB 314,primary,Wagoner,OHL000002
oh,129,upper,SB 315,primary,Jones,OHL000007
oh,129,upper,SB 316,primary,Lehner,OHL000006
oh,129,upper,SB 317,primary,Schiavoni,OHL000033
oh,129,upper,SB 318,primary,Cafaro,OHL000032
oh,129,upper,SB 319,primary,Hite,OHL000001
oh,129,upper,SB 32,primary,Tavares,OHL000015
oh,129,upper,SB 320,primary,Eklund,OHL000147
oh,129,upper,SB 321,primary,Beagle,OHL000005
oh,129,upper,SB 322,primary,Gentile,OHL000128
oh,129,upper,SB 323,primary,Seitz,OHL000008
oh,129,upper,SB 324,primary,Seitz,OHL000008
oh,129,upper,SB 325,primary,Turner,OHL000025
oh,129,upper,SB 325,cosponsor,Lehner,OHL000006
oh,129,upper,SB 326,primary,Coley,OHL000135
oh,129,upper,SB 327,primary,Beagle,OHL000005
oh,129,upper,SB 327,cosponsor,Tavares,OHL000015
oh,129,upper,SB 328,primary,Balderson,OHL000127
oh,129,upper,SB 329,primary,Seitz,OHL000008
oh,129,upper,SB 329,cosponsor,Burke,OHL000116
oh,129,upper,SB 33,primary,Tavares,OHL000015
oh,129,upper,SB 330,primary,Schiavoni,OHL000033
oh,129,upper,SB 331,primary,Patton,OHL000024
oh,129,upper,SB 332,primary,Kearney,OHL000009
oh,129,upper,SB 333,primary,Obhof,OHL000022
oh,129,upper,SB 334,primary,Obhof,OHL000022
oh,129,upper,SB 335,primary,Turner,OHL000025
oh,129,upper,SB 335,cosponsor,Lehner,OHL000006
oh,129,upper,SB 336,primary,Wagoner,OHL000002
oh,129,upper,SB 336,cosponsor,Hughes,OHL000016
oh,129,upper,SB 337,primary,Seitz,OHL000008
oh,129,upper,SB 337,cosponsor,Smith,OHL000021
oh,129,upper,SB 338,primary,Bacon,OHL000003
oh,129,upper,SB 339,primary,Schaffer,OHL000031
oh,129,upper,SB 34,primary,Tavares,OHL000015
oh,129,upper,SB 340,primary,Niehaus,OHL000014
oh,129,upper,SB 340,cosponsor,Kearney,OHL000009
oh,129,upper,SB 341,primary,Niehaus,OHL000014
oh,129,upper,SB 341,cosponsor,Kearney,OHL000009
oh,129,upper,SB 342,primary,Niehaus,OHL000014
oh,129,upper,SB 342,cosponsor,Kearney,OHL000009
oh,129,upper,SB 343,primary,Niehaus,OHL000014
oh,129,upper,SB 343,cosponsor,Kearney,OHL000009
oh,129,upper,SB 344,primary,Manning,OHL000013
oh,129,upper,SB 344,cosponsor,Turner,OHL000025
oh,129,upper,SB 345,primary,Niehaus,OHL000014
oh,129,upper,SB 345,cosponsor,Kearney,OHL000009
oh,129,upper,SB 346,primary,Bacon,OHL000003
oh,129,upper,SB 347,primary,Lehner,OHL000006
oh,129,upper,SB 348,primary,LaRose,OHL000027
oh,129,upper,SB 348,cosponsor,Beagle,OHL000005
oh,129,upper,SB 349,primary,Turner,OHL000025
oh,129,upper,SB 349,cosponsor,Tavares,OHL000015
oh,129,upper,SB 35,primary,Tavares,OHL000015
oh,129,upper,SB 350,primary,Burke,OHL000116
oh,129,upper,SB 351,primary,Tavares,OHL000015
oh,129,upper,SB 352,primary,LaRose,OHL000027
oh,129,upper,SB 353,primary,Schaffer,OHL000031
oh,129,upper,SB 354,primary,Coley,OHL000135
oh,129,upper,SB 355,primary,Cafaro,OHL000032
oh,129,upper,SB 355,cosponsor,Wagoner,OHL000002
oh,129,upper,SB 356,primary,Burke,OHL000116
oh,129,upper,SB 357,primary,Tavares,OHL000015
oh,129,upper,SB 357,cosponsor,Sawyer,OHL000028
oh,129,upper,SB 358,primary,Schaffer,OHL000031
oh,129,upper,SB 359,primary,Sawyer,OHL000028
oh,129,upper,SB 36,primary,Hughes,OHL000016
oh,129,upper,SB 360,primary,Tavares,OHL000015
oh,129,upper,SB 361,primary,Tavares,OHL000015
oh,129,upper,SB 362,primary,Schaffer,OHL000031
oh,129,upper,SB 363,primary,Turner,OHL000025
oh,129,upper,SB 364,primary,Seitz,OHL000008
oh,129,upper,SB 365,primary,Kearney,OHL000009
oh,129,upper,SB 366,primary,Turner,OHL000025
oh,129,upper,SB 367,primary,Gentile,OHL000128
oh,129,upper,SB 368,primary,Schiavoni,OHL000033
oh,129,upper,SB 369,primary,Schiavoni,OHL000033
oh,129,upper,SB 37,primary,Hughes,OHL000016
oh,129,upper,SB 370,primary,Schiavoni,OHL000033
oh,129,upper,SB 371,primary,Schiavoni,OHL000033
oh,129,upper,SB 372,primary,Brown,OHL000011
oh,129,upper,SB 373,primary,Manning,OHL000013
oh,129,upper,SB 374,primary,Tavares,OHL000015
oh,129,upper,SB 375,primary,Tavares,OHL000015
oh,129,upper,SB 376,primary,Schiavoni,OHL000033
oh,129,upper,SB 376,cosponsor,Brown,OHL000011
oh,129,upper,SB 377,primary,Seitz,OHL000008
oh,129,upper,SB 378,primary,Schiavoni,OHL000033
oh,129,upper,SB 379,primary,Skindell,OHL000023
oh,129,upper,SB 38,primary,Hughes,OHL000016
oh,129,upper,SB 380,primary,Jordan,OHL000019
oh,129,upper,SB 381,primary,Seitz,OHL000008
oh,129,upper,SB 382,primary,Manning,OHL000013
oh,129,upper,SB 383,primary,Coley,OHL000135
oh,129,upper,SB 384,primary,Jordan,OHL000019
oh,129,upper,SB 385,primary,LaRose,OHL000027
oh,129,upper,SB 385,cosponsor,Sawyer,OHL000028
oh,129,upper,SB 386,primary,Jordan,OHL000019
oh,129,upper,SB 387,primary,Bacon,OHL000003
oh,129,upper,SB 388,primary,Coley,OHL000135
oh,129,upper,SB 389,primary,Schaffer,OHL000031
oh,129,upper,SB 39,primary,Kearney,OHL000009
oh,129,upper,SB 390,primary,Obhof,OHL000022
oh,129,upper,SB 391,primary,Niehaus,OHL000014
oh,129,upper,SB 392,primary,Kearney,OHL000009
oh,129,upper,SB 392,cosponsor,Niehaus,OHL000014
oh,129,upper,SB 393,primary,Lehner,OHL000006
oh,129,upper,SB 4,primary,Schaffer,OHL000031
oh,129,upper,SB 40,primary,Kearney,OHL000009
oh,129,upper,SB 41,primary,Kearney,OHL000009
oh,129,upper,SB 42,primary,Kearney,OHL000009
oh,129,upper,SB 43,primary,Kearney,OHL000009
oh,129,upper,SB 44,primary,Kearney,OHL000009
oh,129,upper,SB 45,primary,Kearney,OHL000009
oh,129,upper,SB 46,primary,Kearney,OHL000009
oh,129,upper,SB 47,primary,Kearney,OHL000009
oh,129,upper,SB 48,primary,Kearney,OHL000009
oh,129,upper,SB 49,primary,Kearney,OHL000009
oh,129,upper,SB 5,primary,Jones,OHL000007
oh,129,upper,SB 50,primary,Kearney,OHL000009
oh,129,upper,SB 51,primary,Kearney,OHL000009
oh,129,upper,SB 52,primary,Kearney,OHL000009
oh,129,upper,SB 53,primary,Kearney,OHL000009
oh,129,upper,SB 54,primary,Tavares,OHL000015
oh,129,upper,SB 55,primary,Tavares,OHL000015
oh,129,upper,SB 56,primary,Tavares,OHL000015
oh,129,upper,SB 57,primary,Tavares,OHL000015
oh,129,upper,SB 58,primary,Tavares,OHL000015
oh,129,upper,SB 59,primary,Tavares,OHL000015
oh,129,upper,SB 6,primary,Patton,OHL000024
oh,129,upper,SB 60,primary,Tavares,OHL000015
oh,129,upper,SB 61,primary,Wilson,OHL000030
oh,129,upper,SB 62,primary,Beagle,OHL000005
oh,129,upper,SB 63,primary,Daniels,OHL000017
oh,129,upper,SB 64,primary,Daniels,OHL000017
oh,129,upper,SB 65,primary,Cates,OHL000004
oh,129,upper,SB 66,primary,Cates,OHL000004
oh,129,upper,SB 67,primary,Cates,OHL000004
oh,129,upper,SB 68,primary,Schaffer,OHL000031
oh,129,upper,SB 69,primary,Schaffer,OHL000031
oh,129,upper,SB 7,primary,Obhof,OHL000022
oh,129,upper,SB 70,primary,Schaffer,OHL000031
oh,129,upper,SB 71,primary,Manning,OHL000013
oh,129,upper,SB 72,primary,Lehner,OHL000006
oh,129,upper,SB 73,primary,Manning,OHL000013
oh,129,upper,SB 74,primary,Wilson,OHL000030
oh,129,upper,SB 75,primary,Patton,OHL000024
oh,129,upper,SB 76,primary,Skindell,OHL000023
oh,129,upper,SB 77,primary,Skindell,OHL000023
oh,129,upper,SB 78,primary,Skindell,OHL000023
oh,129,upper,SB 79,primary,Skindell,OHL000023
oh,129,upper,SB 8,primary,Grendell,OHL000018
oh,129,upper,SB 8,cosponsor,Gillmor,OHL000026
oh,129,upper,SB 80,primary,Cates,OHL000004
oh,129,upper,SB 80,cosponsor,Hughes,OHL000016
oh,129,upper,SB 81,primary,Cates,OHL000004
oh,129,upper,SB 82,primary,Cates,OHL000004
oh,129,upper,SB 83,primary,Oelslager,OHL000029
oh,129,upper,SB 84,primary,Oelslager,OHL000029
oh,129,upper,SB 85,primary,Sawyer,OHL000028
oh,129,upper,SB 86,primary,Sawyer,OHL000028
oh,129,upper,SB 87,primary,Tavares,OHL000015
oh,129,upper,SB 87,cosponsor,Schiavoni,OHL000033
oh,129,upper,SB 88,primary,Jordan,OHL000019
oh,129,upper,SB 89,primary,Jordan,OHL000019
oh,129,upper,SB 9,primary,Manning,OHL000013
oh,129,upper,SB 90,primary,Jordan,OHL000019
oh,129,upper,SB 91,primary,Schaffer,OHL000031
oh,129,upper,SB 92,primary,Schaffer,OHL000031
oh,129,upper,SB 93,primary,Schaffer,OHL000031
oh,129,upper,SB 94,primary,Jordan,OHL000019
oh,129,upper,SB 95,primary,Stewart,OHL000020
oh,129,upper,SB 96,primary,Stewart,OHL000020
oh,129,upper,SB 97,primary,Stewart,OHL000020
oh,129,upper,SB 98,primary,Stewart,OHL000020
oh,129,upper,SB 99,primary,Brown,OHL000011
oh,129,upper,SCR 1,primary,Niehaus,OHL000014
oh,129,upper,SCR 1,cosponsor,Cafaro,OHL000032
oh,129,upper,SCR 10,primary,Turner,OHL000025
oh,129,upper,SCR 11,primary,Lehner,OHL000006
oh,129,upper,SCR 12,primary,Smith,OHL000021
oh,129,upper,SCR 13,primary,Tavares,OHL000015
oh,129,upper,SCR 14,primary,Jones,OHL000007
oh,129,upper,SCR 15,primary,Schaffer,OHL000031
oh,129,upper,SCR 16,primary,Burke,OHL000116
oh,129,upper,SCR 17,primary,Cafaro,OHL000032
oh,129,upper,SCR 18,primary,Lehner,OHL000006
oh,129,upper,SCR 19,primary,Widener,OHL000010
oh,129,upper,SCR 2,primary,Widener,OHL000010
oh,129,upper,SCR 20,primary,Obhof,OHL000022
oh,129,upper,SCR 21,primary,Tavares,OHL000015
oh,129,upper,SCR 22,primary,Niehaus,OHL000014
oh,129,upper,SCR 22,cosponsor,Cafaro,OHL000032
oh,129,upper,SCR 23,primary,Kearney,OHL000009
oh,129,upper,SCR 24,primary,Obhof,OHL000022
oh,129,upper,SCR 24,cosponsor,Faber,OHL000012
oh,129,upper,SCR 25,primary,Tavares,OHL000015
oh,129,upper,SCR 26,primary,Burke,OHL000116
oh,129,upper,SCR 26,cosponsor,Lehner,OHL000006
oh,129,upper,SCR 27,primary,Gentile,OHL000128
oh,129,upper,SCR 28,primary,Gentile,OHL000128
oh,129,upper,SCR 29,primary,Jordan,OHL000019
oh,129,upper,SCR 29,cosponsor,Obhof,OHL000022
oh,129,upper,SCR 3,primary,Schiavoni,OHL000033
oh,129,upper,SCR 3,cosponsor,Seitz,OHL000008
oh,129,upper,SCR 30,primary,Widener,OHL000010
oh,129,upper,SCR 30,cosponsor,Kearney,OHL000009
oh,129,upper,SCR 31,primary,Patton,OHL000024
oh,129,upper,SCR 32,primary,Jordan,OHL000019
oh,129,upper,SCR 33,primary,Burke,OHL000116
oh,129,upper,SCR 34,primary,Obhof,OHL000022
oh,129,upper,SCR 4,primary,Daniels,OHL000017
oh,129,upper,SCR 5,primary,Widener,OHL000010
oh,129,upper,SCR 6,primary,Patton,OHL000024
oh,129,upper,SCR 7,primary,Seitz,OHL000008
oh,129,upper,SCR 8,primary,Grendell,OHL000018
oh,129,upper,SCR 8,cosponsor,Niehaus,OHL000014
oh,129,upper,SCR 9,primary,Wilson,OHL000030
oh,129,upper,SJR 1,primary,Grendell,OHL000018
oh,129,upper,SJR 2,primary,Coley,OHL000135
oh,129,upper,SJR 3,primary,Cafaro,OHL000032
oh,129,upper,SJR 4,primary,Sawyer,OHL000028
oh,129,upper,SJR 4,cosponsor,LaRose,OHL000027
oh,129,upper,SJR 5,primary,Sawyer,OHL000028
oh,129,upper,SJR 5,cosponsor,LaRose,OHL000027
oh,130,lower,HB 1,primary,Derickson,OHL000086
oh,130,lower,HB 1,cosponsor,Romanchuk,OHL000171
oh,130,lower,HB 10,primary,Hagan C,OHL000134
oh,130,lower,HB 11,primary,Patmon,OHL000043
oh,130,lower,HB 12,primary,Roegner,OHL000075
oh,130,lower,HB 13,primary,Reece,OHL000066
oh,130,lower,HB 14,primary,Pelanda,OHL000142
oh,130,lower,HB 15,primary,Hill,OHL000143
oh,130,lower,HB 16,primary,O'Brien,OHL000098
oh,130,lower,HB 16,cosponsor,Hottinger,OHL000104
oh,130,lower,HB 17,primary,Cera,OHL000152
oh,130,lower,HB 17,cosponsor,Gerberry,OHL000092
oh,130,lower,HB 18,primary,Patmon,OHL000043
oh,130,lower,HB 19,primary,Thompson,OHL000126
oh,130,lower,HB 2,primary,Derickson,OHL000086
oh,130,lower,HB 2,cosponsor,Brown,OHL000172
oh,130,lower,HB 20,primary,Stinziano,OHL000058
oh,130,lower,HB 21,primary,Stebelton,OHL000038
oh,130,lower,HB 22,primary,Pillich,OHL000061
oh,130,lower,HB 23,primary,Gonzales,OHL000052
oh,130,lower,HB 24,primary,Boose,OHL000091
oh,130,lower,HB 25,primary,Barborak,OHL000174
oh,130,lower,HB 26,primary,Maag,OHL000068
oh,130,lower,HB 27,primary,Derickson,OHL000086
oh,130,lower,HB 27,cosponsor,Letson,OHL000097
oh,130,lower,HB 28,primary,Butler,OHL000070
oh,130,lower,HB 28,cosponsor,Blair,OHL000071
oh,130,lower,HB 29,primary,Damschroder,OHL000114
oh,130,lower,HB 3,primary,Sears,OHL000079
oh,130,lower,HB 3,cosponsor,Kunze,OHL000193
oh,130,lower,HB 30,primary,Johnson,OHL000122
oh,130,lower,HB 31,primary,Patmon,OHL000043
oh,130,lower,HB 32,primary,Hayes,OHL000124
oh,130,lower,HB 32,cosponsor,Patmon,OHL000043
oh,130,lower,HB 33,primary,Hackett,OHL000117
oh,130,lower,HB 34,primary,Hackett,OHL000117
oh,130,lower,HB 35,primary,McGregor,OHL000105
oh,130,lower,HB 36,primary,Johnson,OHL000122
oh,130,lower,HB 37,primary,Duffey,OHL000054
oh,130,lower,HB 37,cosponsor,Scherer,OHL000163
oh,130,lower,HB 38,primary,McGregor,OHL000105
oh,130,lower,HB 39,primary,Foley,OHL000047
oh,130,lower,HB 4,primary,Stautberg,OHL000067
oh,130,lower,HB 4,cosponsor,Blessing,OHL000198
oh,130,lower,HB 40,primary,Foley,OHL000047
oh,130,lower,HB 41,primary,Hagan R,OHL000093
oh,130,lower,HB 42,primary,Hagan R,OHL000093
oh,130,lower,HB 43,primary,Carney,OHL000055
oh,130,lower,HB 43,cosponsor,Duffey,OHL000054
oh,130,lower,HB 44,primary,McClain,OHL000115
oh,130,lower,HB 45,primary,Johnson,OHL000122
oh,130,lower,HB 46,primary,Amstutz,OHL000036
oh,130,lower,HB 47,primary,Milkovich,OHL000078
oh,130,lower,HB 48,primary,Milkovich,OHL000078
oh,130,lower,HB 49,primary,Dovilla,OHL000051
oh,130,lower,HB 49,cosponsor,Retherford,OHL000220
oh,130,lower,HB 5,primary,Grossman,OHL000056
oh,130,lower,HB 5,cosponsor,Henne,OHL000069
oh,130,lower,HB 50,primary,Heard,OHL000059
oh,130,lower,HB 50,cosponsor,McGregor,OHL000105
oh,130,lower,HB 51,primary,McGregor,OHL000105
oh,130,lower,HB 51,cosponsor,Patmon,OHL000043
oh,130,lower,HB 52,primary,Ruhl,OHL000123
oh,130,lower,HB 53,primary,Adams R,OHL000112
oh,130,lower,HB 54,primary,Beck,OHL000100
oh,130,lower,HB 55,primary,Pillich,OHL000061
oh,130,lower,HB 55,cosponsor,Terhar,OHL000145
oh,130,lower,HB 56,primary,Gerberry,OHL000092
oh,130,lower,HB 57,primary,Gerberry,OHL000092
oh,130,lower,HB 58,primary,Gerberry,OHL000092
oh,130,lower,HB 59,primary,Amstutz,OHL000036
oh,130,lower,HB 6,primary,Thompson,OHL000126
oh,130,lower,HB 6,cosponsor,Green,OHL000235
oh,130,lower,HB 60,primary,Huffman,OHL000037
oh,130,lower,HB 61,primary,Pelanda,OHL000142
oh,130,lower,HB 61,cosponsor,Antonio,OHL000046
oh,130,lower,HB 62,primary,Dovilla,OHL000051
oh,130,lower,HB 63,primary,Cera,OHL000152
oh,130,lower,HB 63,cosponsor,O'Brien,OHL000098
oh,130,lower,HB 64,primary,Cera,OHL000152
oh,130,lower,HB 65,primary,Green,OHL000235
oh,130,lower,HB 65,cosponsor,Rosenberger,OHL000119
oh,130,lower,HB 66,primary,Antonio,OHL000046
oh,130,lower,HB 66,cosponsor,Patmon,OHL000043
oh,130,lower,HB 67,primary,Schuring,OHL000084
oh,130,lower,HB 67,cosponsor,Ramos,OHL000089
oh,130,lower,HB 68,primary,Maag,OHL000068
oh,130,lower,HB 69,primary,Maag,OHL000068
oh,130,lower,HB 69,cosponsor,Mallory,OHL000065
oh,130,lower,HB 7,primary,Huffman,OHL000037
oh,130,lower,HB 70,primary,Terhar,OHL000145
oh,130,lower,HB 70,cosponsor,Szollosi,OHL000082
oh,130,lower,HB 71,primary,Roegner,OHL000075
oh,130,lower,HB 72,primary,Brenner,OHL000035
oh,130,lower,HB 72,cosponsor,Gerberry,OHL000092
oh,130,lower,HB 73,primary,Anielski,OHL000050
oh,130,lower,HB 74,primary,Anielski,OHL000050
oh,130,lower,HB 75,primary,Hood,OHL000247
oh,130,lower,HB 76,primary,Pillich,OHL000061
oh,130,lower,HB 77,primary,Dovilla,OHL000051
oh,130,lower,HB 77,cosponsor,Celebrezze,OHL000156
oh,130,lower,HB 8,primary,Roegner,OHL000075
oh,130,lower,HB 8,cosponsor,Kunze,OHL000193
oh,130,lower,HB 9,primary,Stautberg,OHL000067
oh,130,lower,HCR 1,primary,Batchelder,OHL000102
oh,130,lower,HCR 1,cosponsor,Budish,OHL000041
oh,130,lower,HCR 2,primary,Huffman,OHL000037
oh,130,lower,HCR 3,primary,Brenner,OHL000035
oh,130,lower,HCR 3,cosponsor,Patmon,OHL000043
oh,130,lower,HCR 4,primary,Romanchuk,OHL000171
oh,130,lower,HCR 4,cosponsor,Ruhl,OHL000123
oh,130,lower,HCR 5,primary,Bishoff,OHL000189
oh,130,lower,HCR 5,cosponsor,Rosenberger,OHL000119
oh,130,lower,HJR 1,primary,Batchelder,OHL000102
oh,130,lower,HJR 2,primary,Stinziano,OHL000058
oh,130,lower,HJR 3,primary,Maag,OHL000068
oh,130,upper,SB 1,primary,Beagle,OHL000005
oh,130,upper,SB 1,cosponsor,Balderson,OHL000127
oh,130,upper,SB 10,primary,Coley,OHL000088
oh,130,upper,SB 10,cosponsor,Smith,OHL000021
oh,130,upper,SB 11,primary,Brown,OHL000011
oh,130,upper,SB 12,primary,Cafaro,OHL000032
oh,130,upper,SB 13,primary,Gentile,OHL000128
oh,130,upper,SB 14,primary,Kearney,OHL000009
oh,130,upper,SB 15,primary,Sawyer,OHL000028
oh,130,upper,SB 16,primary,Schiavoni,OHL000033
oh,130,upper,SB 17,primary,Skindell,OHL000023
oh,130,upper,SB 18,primary,Smith,OHL000021
oh,130,upper,SB 19,primary,Tavares,OHL000015
oh,130,upper,SB 19,cosponsor,Manning,OHL000013
oh,130,upper,SB 2,primary,Lehner,OHL000006
oh,130,upper,SB 2,cosponsor,Beagle,OHL000005
oh,130,upper,SB 20,primary,Turner,OHL000025
oh,130,upper,SB 21,primary,Lehner,OHL000006
oh,130,upper,SB 22,primary,LaRose,OHL000027
oh,130,upper,SB 22,cosponsor,Beagle,OHL000005
oh,130,upper,SB 23,primary,Beagle,OHL000005
oh,130,upper,SB 23,cosponsor,Burke,OHL000116
oh,130,upper,SB 24,primary,Obhof,OHL000022
oh,130,upper,SB 25,primary,Peterson,OHL000159
oh,130,upper,SB 25,cosponsor,LaRose,OHL000027
oh,130,upper,SB 26,primary,Schaffer,OHL000031
oh,130,upper,SB 27,primary,Schaffer,OHL000031
oh,130,upper,SB 28,primary,Obhof,OHL000022
oh,130,upper,SB 29,primary,Schaffer,OHL000031
oh,130,upper,SB 3,primary,LaRose,OHL000027
oh,130,upper,SB 30,primary,Schaffer,OHL000031
oh,130,upper,SB 31,primary,Schaffer,OHL000031
oh,130,upper,SB 32,primary,Schaffer,OHL000031
oh,130,upper,SB 33,primary,Bacon,OHL000003
oh,130,upper,SB 33,cosponsor,LaRose,OHL000027
oh,130,upper,SB 34,primary,Jordan,OHL000019
oh,130,upper,SB 35,primary,Jordan,OHL000019
oh,130,upper,SB 36,primary,Jordan,OHL000019
oh,130,upper,SB 37,primary,Gentile,OHL000128
oh,130,upper,SB 37,cosponsor,Hite,OHL000001
oh,130,upper,SB 38,primary,Schiavoni,OHL000033
oh,130,upper,SB 39,primary,Brown,OHL000011
oh,130,upper,SB 39,cosponsor,Schiavoni,OHL000033
oh,130,upper,SB 4,primary,Manning,OHL000013
oh,130,upper,SB 4,cosponsor,Oelslager,OHL000029
oh,130,upper,SB 40,primary,Schiavoni,OHL000033
oh,130,upper,SB 41,primary,Gardner,OHL000039
oh,130,upper,SB 42,primary,Manning,OHL000013
oh,130,upper,SB 42,cosponsor,Gardner,OHL000039
oh,130,upper,SB 43,primary,Burke,OHL000116
oh,130,upper,SB 43,cosponsor,Tavares,OHL000015
oh,130,upper,SB 44,primary,Bacon,OHL000003
oh,130,upper,SB 45,primary,Tavares,OHL000015
oh,130,upper,SB 46,primary,Schiavoni,OHL000033
oh,130,upper,SB 46,cosponsor,LaRose,OHL000027
oh,130,upper,SB 47,primary,Seitz,OHL000008
oh,130,upper,SB 48,primary,Balderson,OHL000127
oh,130,upper,SB 5,primary,Brown,OHL000011
oh,130,upper,SB 5,cosponsor,Manning,OHL000013
oh,130,upper,SB 6,primary,Schaffer,OHL000031
oh,130,upper,SB 7,primary,Widener,OHL000010
oh,130,upper,SB 7,cosponsor,Beagle,OHL000005
oh,130,upper,SB 8,primary,LaRose,OHL000027
oh,130,upper,SB 9,primary,Bacon,OHL000003
oh,130,upper,SCR 1,primary,Jordan,OHL000019
oh,130,upper,SCR 2,primary,Beagle,OHL000005
oh,130,upper,SCR 3,primary,Tavares,OHL000015
oh,130,upper,SCR 4,primary,Tavares,OHL000015
oh,130,upper,SCR 5,primary,Obhof,OHL000022
oh,130,upper,SCR 5,cosponsor,Jordan,OHL000019
oh,130,upper,SCR 6,primary,Bacon,OHL000003
oh,130,upper,SJR 1,primary,Sawyer,OHL000028
oh,130,upper,SJR 1,cosponsor,LaRose,OHL000027
oh,130,upper,SJR 2,primary,Sawyer,OHL000028
