FLL000030,Nan H Rich,Nan,H,Rich,,,False,fl,,,,db40bf852c2f4764bb8258734fca7ad3,http://www.flsenate.gov/userContent/Senators/2010-2012/photos/s034.jpg,2011-03-02 21:41:52.169000,2012-12-05 20:07:55.916000
FLL000004,Michael S Bennett,Michael,S,Bennett,,Mike,False,fl,,,,6cea3b6dde4a4a798943dd7863cd86e5,http://www.flsenate.gov/userContent/Senators/2010-2012/photos/s021.jpg,2011-03-02 21:41:52.089000,2012-12-05 20:07:55.896000
FLL000011,Paula Dockery,Paula,,Dockery,,,False,fl,,,,3ee0aa4aee8a44d0b6f530b73ee79683,http://www.flsenate.gov/userContent/Senators/2010-2012/photos/s015.jpg,2011-03-02 21:41:52.112000,2012-12-05 20:07:55.672000
FLL000018,Mike Haridopolos,Mike,,Haridopolos,,,False,fl,,,,93a81143728f4a7a95acd3db9135b635,http://www.flsenate.gov/userContent/Senators/2010-2012/photos/s026.jpg,2011-03-02 21:41:52.148000,2012-12-05 20:07:55.927000
FLL000020,Anthony C Hill Sr.,Anthony,C,Hill,Sr.,Tony,False,fl,,,,547c40b025d043f9a25ea6916eebc719,http://www.flsenate.gov/userContent/Senators/2010-2012/photos/s001.jpg,2011-03-02 21:41:52.151000,2012-06-06 17:17:17.744000
FLL000021,Dennis L Jones,Dennis,L,Jones,,D.C.,False,fl,,,,264f61420b2f4835bc2115a0db78ef32,http://www.flsenate.gov/userContent/Senators/2010-2012/photos/s013.jpg,2011-03-02 21:41:52.153000,2012-12-05 20:07:55.910000
FLL000029,Steve Oelrich,Steve,,Oelrich,,,False,fl,,,,3e46c3da6f8a404d98c776cb76048bea,http://www.flsenate.gov/userContent/Senators/2010-2012/photos/s014.jpg,2011-03-02 21:41:52.167000,2012-12-05 20:07:55.915000
FLL000046,Gary Aubuchon,Gary,,Aubuchon,,,False,fl,,,,7a5ab533055f4446a9833e4119bb5355,http://www.flhouse.gov/FileStores/Web/Imaging/Member/4363.jpg,2011-03-02 21:41:52.217000,2012-12-05 20:07:55.739000
FLL000048,Leonard L Bembry,Leonard,L,Bembry,,,False,fl,,,,a9369424482248f3b9bd41dbdd548f6d,http://www.flhouse.gov/FileStores/Web/Imaging/Member/4438.jpg,2011-03-02 21:41:52.221000,2012-12-05 20:07:55.741000
FLL000052,Esteban Bovo Jr.,Esteban,,Bovo,Jr.,,False,fl,,,,545cf177255241e6afb930ba45493c14,http://www.flhouse.gov/FileStores/Web/Imaging/Member/4460.jpg,2011-03-02 21:41:52.228000,2012-06-06 17:26:12.064000
FLL000061,Dean Cannon,Dean,,Cannon,,Geri,False,fl,,,,939e1800291d4c768ffcedfa34f26ab6,http://www.flhouse.gov/FileStores/Web/Imaging/Member/4340.jpg,2011-03-02 21:41:52.247000,2012-12-05 20:07:55.926000
FLL000067,Fredrick W Costello,Fredrick,W,Costello,,Fred,False,fl,,,,46b5f42c1f9b4f0fab78fb7c5b9a2c4f,http://www.flhouse.gov/FileStores/Web/Imaging/Member/4499.jpg,2011-03-02 21:41:52.260000,2012-12-05 20:07:55.761000
FLL000072,Chris Dorworth,Chris,,Dorworth,,,False,fl,,,,ab60068e55ef4aca83d77233779bc6b2,http://www.flhouse.gov/FileStores/Web/Imaging/Member/4419.jpg,2011-03-02 21:41:52.269000,2012-12-05 20:07:55.774000
FLL000100,Paige Kreegel,Paige,,Kreegel,,,False,fl,,,,23bb87c8cc804373ba8406a8dbfca121,http://www.flhouse.gov/FileStores/Web/Imaging/Member/4348.jpg,2011-03-02 21:41:52.368000,2012-12-05 20:07:55.804000
FLL000101,Rick Kriseman,Rick,,Kriseman,,,False,fl,,,,f778a65da48e4a6581e5c1b6e750db6a,http://www.flhouse.gov/FileStores/Web/Imaging/Member/4393.jpg,2011-03-02 21:41:52.370000,2012-12-05 20:07:55.805000
FLL000104,Carlos Lopez-Cantera,Carlos,,Lopez-Cantera,,,False,fl,,,,d8bfda586417426bb35817d0984fb9f2,http://www.flhouse.gov/FileStores/Web/Imaging/Member/4357.jpg,2011-03-02 21:41:52.375000,2012-12-05 20:07:55.925000
FLL000124,William L Proctor,William,L,Proctor,,Bill,False,fl,,,,69a63f25f8c64b9daeab4194889221b4,http://www.flhouse.gov/FileStores/Web/Imaging/Member/4353.jpg,2011-03-02 21:41:52.414000,2012-12-05 20:07:55.845000
FLL000135,Ron Saunders,Ron,,Saunders,,,False,fl,,,,fc0832ebba044df79630b42bb5738ddb,http://www.flhouse.gov/FileStores/Web/Imaging/Member/3041.jpg,2011-03-02 21:41:52.454000,2012-12-05 20:07:55.855000
FLL000140,William D Snyder,William,D,Snyder,,,False,fl,,,,b853d0aaf60a4f9ca6ae6b5e1dafe0b3,http://www.flhouse.gov/FileStores/Web/Imaging/Member/4376.jpg,2011-03-02 21:41:52.463000,2012-12-05 20:07:55.861000
FLL000144,Richard L Steinberg,Richard,L,Steinberg,,,False,fl,,,,ad5893961e5d4c1bbcd85950cf9f32d0,http://www.flhouse.gov/FileStores/Web/Imaging/Member/4459.jpg,2011-03-02 21:41:52.494000,2012-06-06 17:23:15.893000
FLL000005,Ellyn Setnor Bogdanoff,Ellyn,Setnor,Bogdanoff,,,False,fl,,,,e6415764a93246fca324f0d6d093ceb0,http://www.flsenate.gov/userContent/Senators/2010-2012/photos/s025.jpg,2011-03-02 21:41:52.100000,2013-03-01 01:24:08.258000
FLL000040,Stephen R Wise,Stephen,R,Wise,,,False,fl,,,,c7750d4f87bb4168aa5c5321fa928825,http://www.flsenate.gov/userContent/Senators/2010-2012/photos/s005.jpg,2011-03-02 21:41:52.187000,2013-03-01 01:24:08.261000
FLL000001,JD Alexander,JD,,Alexander,,,False,fl,,,,6336b16c9e6e4853b58f0f5aa4f43b18,http://www.flsenate.gov/userContent/Senators/2010-2012/photos/s017.jpg,2011-03-02 21:41:52.047000,2012-12-05 20:07:55.892000
FLL000007,Larcenia J Bullard,Larcenia,J,Bullard,,,False,fl,,,,b5725aae650c420095f249ecf7e79f68,http://www.flsenate.gov/userContent/Senators/2010-2012/photos/s039.jpg,2011-03-02 21:41:52.104000,2012-12-05 20:07:55.898000
FLL000024,Evelyn J Lynn,Evelyn,J,Lynn,,,False,fl,,,,2598c164de9c49b6adb00e402a172b50,http://www.flsenate.gov/userContent/Senators/2010-2012/photos/s007.jpg,2011-03-02 21:41:52.158000,2012-12-05 20:07:55.681000
FLL000028,Jim Norman,Jim,,Norman,,,False,fl,,,,1c59a62cc5ff4106a3e65400f5a38fa4,http://www.flsenate.gov/userContent/Senators/2010-2012/photos/s012.jpg,2011-03-02 21:41:52.166000,2012-12-05 20:07:55.686000
FLL000035,Gary Siplin,Gary,,Siplin,,,False,fl,,,,323aa319407d4168b69a717492709723,http://www.flsenate.gov/userContent/Senators/2010-2012/photos/s019.jpg,2011-03-02 21:41:52.178000,2012-12-05 20:07:55.920000
FLL000038,Ronda Storms,Ronda,,Storms,,,False,fl,,,,939376f9ad0d4ef1a61112a55fe99799,http://www.flsenate.gov/userContent/Senators/2010-2012/photos/s010.jpg,2011-03-02 21:41:52.183000,2012-12-05 20:07:55.692000
FLL000050,Mack Bernard,Mack,,Bernard,,,False,fl,,,,cf0b40a570b44b23961d287d2f69da76,http://www.flhouse.gov/FileStores/Web/Imaging/Member/4422.jpg,2011-03-02 21:41:52.225000,2012-12-05 20:07:55.744000
FLL000058,Rachel V Burgin,Rachel,V,Burgin,,,False,fl,,,,bd8f520f2a434db48c1f3648ed0423d6,http://www.flhouse.gov/FileStores/Web/Imaging/Member/4451.jpg,2011-03-02 21:41:52.240000,2012-12-05 20:07:55.754000
FLL000062,Charles S Chestnut IV,Charles,S,Chestnut,IV,Chuck,False,fl,,,,4b37e3dc04c342aa9810c6d7817debd6,http://www.flhouse.gov/FileStores/Web/Imaging/Member/4374.jpg,2011-03-02 21:41:52.251000,2012-12-05 20:07:55.701000
FLL000073,Brad Drake,Brad,,Drake,,,False,fl,,,,d114244892714d6fbbf62cac23b65973,http://www.flhouse.gov/FileStores/Web/Imaging/Member/4436.jpg,2011-03-02 21:41:52.271000,2012-12-05 20:07:55.776000
FLL000075,Eric Eisnaugle,Eric,,Eisnaugle,,,False,fl,,,,5b937c4999704f4fa3d7c3a857734dd9,http://www.flhouse.gov/FileStores/Web/Imaging/Member/4449.jpg,2011-03-02 21:41:52.274000,2012-12-05 20:07:55.778000
FLL000077,James C Frishe,James,C,Frishe,,Jim,False,fl,,,,25a2d47e6c854f4c896030cb8ed8b692,http://www.flhouse.gov/FileStores/Web/Imaging/Member/4395.jpg,2011-03-02 21:41:52.295000,2012-12-05 20:07:55.781000
FLL000080,Luis R Garcia,Luis,R,Garcia,,,False,fl,,,,29e5ce86bf81461b92d1a3c025344471,http://www.flhouse.gov/FileStores/Web/Imaging/Member/4387.jpg,2011-03-02 21:41:52.300000,2012-12-05 20:07:55.784000
FLL000082,Richard Glorioso,Richard,,Glorioso,,Rich,False,fl,,,,65676bb8179a4d80bcb602f9d50e09d0,http://www.flhouse.gov/FileStores/Web/Imaging/Member/4343.jpg,2011-03-02 21:41:52.304000,2012-12-05 20:07:55.785000
FLL000089,Shawn Harrison,Shawn,,Harrison,,,False,fl,,,,e0d1e67fc1cb47cbbbce10c6171637f4,http://www.flhouse.gov/FileStores/Web/Imaging/Member/4510.jpg,2011-03-02 21:41:52.317000,2012-12-05 20:07:55.792000
FLL000092,Mike Horner,Mike,,Horner,,,False,fl,,,,e58c07d7f263491a99bf2eb5bdfa3e46,http://www.flhouse.gov/FileStores/Web/Imaging/Member/4455.jpg,2011-03-02 21:41:52.322000,2012-12-05 20:07:55.712000
FLL000096,Evan Jenne,Evan,,Jenne,,,False,fl,,,,9f9d6d4233644c01884d17c6a08fb36c,http://www.flhouse.gov/FileStores/Web/Imaging/Member/4365.jpg,2011-03-02 21:41:52.351000,2012-12-05 20:07:55.798000
FLL000098,John Patrick Julien,John,Patrick,Julien,,,False,fl,,,,10f8b4d786e84e849a05acb5ffa0d97b,http://www.flhouse.gov/FileStores/Web/Imaging/Member/4521.jpg,2011-03-02 21:41:52.354000,2012-12-05 20:07:55.801000
FLL000099,Martin David Kiar,Martin,David,Kiar,,Marty,False,fl,,,,ba5abc15a9c941af876c0bc016716a43,http://www.flhouse.gov/FileStores/Web/Imaging/Member/4382.jpg,2011-03-02 21:41:52.366000,2012-12-05 20:07:55.802000
FLL000103,Ana Rivas Logan,Ana,Rivas,Logan,,,False,fl,,,,ee799000e04a4e038b73319b0998cda3,http://www.flhouse.gov/FileStores/Web/Imaging/Member/4525.jpg,2011-03-02 21:41:52.373000,2012-12-05 20:07:55.808000
FLL000110,Peter Nehr,Peter,,Nehr,,,False,fl,,,,e4319c080a474a7bb7075ee4d6288d80,http://www.flhouse.gov/FileStores/Web/Imaging/Member/4389.jpg,2011-03-02 21:41:52.389000,2012-12-05 20:07:55.718000
FLL000117,Steven M Perman,Steven,M,Perman,,Steve,False,fl,,,,03a4f0cdf56d4631ae3795f6a5316309,http://www.flhouse.gov/FileStores/Web/Imaging/Member/4515.jpg,2011-03-02 21:41:52.401000,2012-12-05 20:07:55.818000
FLL000120,Scott Plakon,Scott,,Plakon,,,False,fl,,,,997b496b4fe04477bfbea36b74f746bc,http://www.flhouse.gov/FileStores/Web/Imaging/Member/4430.jpg,2011-03-02 21:41:52.407000,2012-12-05 20:07:55.822000
FLL000122,Ari Abraham Porth,Ari,Abraham,Porth,,,False,fl,,,,cc58e19911d542e98cced1bc0a11422b,http://www.flhouse.gov/FileStores/Web/Imaging/Member/4352.jpg,2011-03-02 21:41:52.411000,2012-12-05 20:07:55.843000
FLL000125,Scott Randolph,Scott,,Randolph,,,False,fl,,,,b890b241b45649809f3cb333ea9843ad,http://www.flhouse.gov/FileStores/Web/Imaging/Member/4378.jpg,2011-03-02 21:41:52.436000,2012-12-05 20:07:55.847000
FLL000134,Franklin Sands,Franklin,,Sands,,,False,fl,,,,609f1cb55ac9474d9acc3cc778d018ab,http://www.flhouse.gov/FileStores/Web/Imaging/Member/4354.jpg,2011-03-02 21:41:52.452000,2012-12-05 20:07:55.854000
FLL000155,Michael B Weinstein,Michael,B,Weinstein,,Mike,False,fl,,,,ac8d410435674abc84c4f4d1a5aab56c,http://www.flhouse.gov/FileStores/Web/Imaging/Member/4443.jpg,2011-03-02 21:41:52.514000,2012-12-05 20:07:55.883000
FLL000157,Trudi K Williams,Trudi,K,Williams,,,False,fl,,,,9f5360c4929742d9b7a71ed25eb9917b,http://www.flhouse.gov/FileStores/Web/Imaging/Member/4338.jpg,2011-03-02 21:41:52.517000,2012-12-05 20:07:55.885000
FLL000154,Will W Weatherford,Will,W,Weatherford,,,True,fl,lower,38,Republican,3c4a43c1fb21427a9985bc020c0ea7b5,http://www.flhouse.gov/FileStores/Web/Imaging/Member/4399.jpg,2011-03-02 21:41:52.512000,2013-03-01 01:24:08.371000
FLL000149,John Tobia,John,,Tobia,,,True,fl,lower,53,Republican,5e7a6a8b191740129c4cbdd541f17da5,http://www.flhouse.gov/FileStores/Web/Imaging/Member/4447.jpg,2011-03-02 21:41:52.503000,2013-03-01 01:29:43.722000
FLL000235,Dane Eagle,Dane,,Eagle,,,True,fl,lower,77,Republican,07c95438f73f4037bb328b27e2da4c1b,http://www.flhouse.gov/FileStores/Web/Imaging/Member/4573.jpg,2013-01-03 00:11:43.080000,2013-03-01 01:29:43.874000
FLL000267,Jared Evan Moskowitz,Jared,Evan,Moskowitz,,,True,fl,lower,97,Democratic,,http://www.flhouse.gov/FileStores/Web/Imaging/Member/4560.jpg,2013-01-03 00:11:43.387000,2013-03-01 01:29:43.356000
FLL000314,"Victor Manuel Torres, Jr.",Victor,Manuel,Torres,Jr.,Vic,True,fl,lower,48,Democratic,,http://www.flhouse.gov/FileStores/Web/Imaging/Member/4538.jpg,2013-01-03 00:11:43.770000,2013-03-01 01:29:43.751000
FLL000223,"Michael ""Mike"" Philip Clelland","Michael ""Mike""",Philip,Clelland,,,True,fl,lower,29,Democratic,,http://www.flhouse.gov/FileStores/Web/Imaging/Member/4594.jpg,2013-01-03 00:11:43.003000,2013-03-01 01:29:44.104000
FLL000225,Neil Combee,Neil,,Combee,,,True,fl,lower,39,Republican,bc532aec895d45f791a7082eb348cd85,http://www.flhouse.gov/FileStores/Web/Imaging/Member/4567.jpg,2013-01-03 00:11:43.014000,2013-03-01 01:29:43.971000
FLL000319,"Clovis Watson, Jr.",Clovis,,Watson,Jr.,,True,fl,lower,20,Democratic,14c39cf07e914bed8dedd78113bf7e82,http://www.flhouse.gov/FileStores/Web/Imaging/Member/4541.jpg,2013-01-03 00:11:43.862000,2013-03-01 01:29:43.923000
FLL000283,Jake Raburn,Jake,,Raburn,,,True,fl,lower,57,Republican,,http://www.flhouse.gov/FileStores/Web/Imaging/Member/4552.jpg,2013-01-03 00:11:43.500000,2013-03-01 01:29:43.880000
FLL000256,Shevrin D. Jones,Shevrin,D.,Jones,,Shev,True,fl,lower,101,Democratic,,http://www.flhouse.gov/FileStores/Web/Imaging/Member/4559.jpg,2013-01-03 00:11:43.261000,2013-03-01 01:29:43.660000
FLL000276,Kathleen M. Peters,Kathleen,M.,Peters,,,True,fl,lower,69,Republican,,http://www.flhouse.gov/FileStores/Web/Imaging/Member/4571.jpg,2013-01-03 00:11:43.457000,2013-03-01 01:29:43.947000
FLL000285,Ricardo Rangel,Ricardo,,Rangel,,,True,fl,lower,43,Democratic,030ada20eb294c8e9106504e134662fe,http://www.flhouse.gov/FileStores/Web/Imaging/Member/4547.jpg,2013-01-03 00:11:43.512000,2013-03-01 01:29:43.981000
FLL000325,Carl F. Zimmermann,Carl,F.,Zimmermann,,Z,True,fl,lower,65,Democratic,,http://www.flhouse.gov/FileStores/Web/Imaging/Member/4554.jpg,2013-01-03 00:11:43.904000,2013-03-01 01:29:43.189000
FLL000300,Joe Saunders,Joe,,Saunders,,,True,fl,lower,49,Democratic,042de40a8cd8487aa5a622c9c44f63c8,http://www.flhouse.gov/FileStores/Web/Imaging/Member/4550.jpg,2013-01-03 00:11:43.668000,2013-03-01 01:29:43.281000
FLL000280,Bobby Powell,Bobby,,Powell,,,True,fl,lower,88,Democratic,f8572b79260c45d992940b998cd2f4ed,http://www.flhouse.gov/FileStores/Web/Imaging/Member/4578.jpg,2013-01-03 00:11:43.481000,2013-03-01 01:29:43.511000
FLL000294,Ray Wesley Rodrigues,Ray,Wesley,Rodrigues,,,True,fl,lower,76,Republican,,http://www.flhouse.gov/FileStores/Web/Imaging/Member/4572.jpg,2013-01-03 00:11:43.570000,2013-03-01 01:29:44.053000
FLL000305,Ross Spano,Ross,,Spano,,,True,fl,lower,59,Republican,77457d9367c7480cadbd524404a1dbc7,http://www.flhouse.gov/FileStores/Web/Imaging/Member/4568.jpg,2013-01-03 00:11:43.701000,2013-03-01 01:29:43.416000
FLL000277,Cary Pigman,Cary,,Pigman,,,True,fl,lower,55,Republican,513f502c31e44c61843047b7aade528d,http://www.flhouse.gov/FileStores/Web/Imaging/Member/4551.jpg,2013-01-03 00:11:43.463000,2013-03-01 01:29:43.911000
FLL000260,MaryLynn Magar,MaryLynn,,Magar,,ML,True,fl,lower,82,Republican,,http://www.flhouse.gov/FileStores/Web/Imaging/Member/4575.jpg,2013-01-03 00:11:43.285000,2013-03-01 01:29:43.832000
FLL000287,Daniel D. Raulerson,Daniel,D.,Raulerson,,Dan,True,fl,lower,58,Republican,,http://www.flhouse.gov/FileStores/Web/Imaging/Member/4553.jpg,2013-01-03 00:11:43.525000,2013-03-01 01:29:44.051000
FLL000284,Kevin  Rader,Kevin,,Rader,,,True,fl,lower,81,Democratic,,http://www.flhouse.gov/FileStores/Web/Imaging/Member/4431.jpg,2013-01-03 00:11:43.506000,2013-03-01 01:29:43.901000
FLL000234,Dwight Richard Dudley,Dwight,Richard,Dudley,,,True,fl,lower,68,Democratic,,http://www.flhouse.gov/FileStores/Web/Imaging/Member/4570.jpg,2013-01-03 00:11:43.075000,2013-03-01 01:29:43.826000
FLL000238,Heather Dawes Fitzenhagen,Heather,Dawes,Fitzenhagen,,,True,fl,lower,78,Republican,28fadab1ed9342f3a9b1859d424a457f,http://www.flhouse.gov/FileStores/Web/Imaging/Member/4574.jpg,2013-01-03 00:11:43.097000,2013-03-01 01:29:43.340000
FLL000257,Dave Kerner,Dave,,Kerner,,,True,fl,lower,87,Democratic,,http://www.flhouse.gov/FileStores/Web/Imaging/Member/4577.jpg,2013-01-03 00:11:43.267000,2013-03-01 01:29:43.996000
FLL000258,Mike La Rosa,Mike,,La Rosa,,,True,fl,lower,42,Republican,,http://www.flhouse.gov/FileStores/Web/Imaging/Member/4546.jpg,2013-01-03 00:11:43.273000,2013-03-01 01:29:43.878000
FLL000310,Charlie Stone,Charlie,,Stone,,,True,fl,lower,22,Republican,90dac1d6117d451e9076caa51bf3b14c,http://www.flhouse.gov/FileStores/Web/Imaging/Member/4537.jpg,2013-01-03 00:11:43.739000,2013-03-01 01:29:43.526000
FLL000259,"Lee, Jr., Larry","Jr., Larry",,Lee,Jr.,,True,fl,lower,84,Democratic,f7636351fd714e37bc3ce484e79d8051,http://www.flhouse.gov/FileStores/Web/Imaging/Member/4576.jpg,2013-01-03 00:11:43.279000,2013-03-01 01:29:43.909000
FLL000292,David Richardson,David,,Richardson,,,True,fl,lower,113,Democratic,4d583cd7cf22469c83f0e4d943eab7ad,http://www.flhouse.gov/FileStores/Web/Imaging/Member/4556.jpg,2013-01-03 00:11:43.557000,2013-03-01 01:29:43.806000
FLL000299,David Santiago,David,,Santiago,,,True,fl,lower,27,Republican,d136998bc1bd4f86b4faeeda567bc0ae,http://www.flhouse.gov/FileStores/Web/Imaging/Member/4544.jpg,2013-01-03 00:11:43.662000,2013-03-01 01:29:43.747000
FLL000295,José Javier Rodríguez,José,Javier,Rodríguez,,,True,fl,lower,112,Democratic,8cd13a013cf948348cbb0a3b35481593,http://www.flhouse.gov/FileStores/Web/Imaging/Member/4563.jpg,2013-01-03 00:11:43.577000,2013-03-01 01:29:43.843000
FLL000309,Linda Stewart,Linda,,Stewart,,,True,fl,lower,47,Democratic,f03dffed63a84b0bb8340163c8ac2b41,http://www.flhouse.gov/FileStores/Web/Imaging/Member/4549.jpg,2013-01-03 00:11:43.732000,2013-03-01 01:29:43.884000
FLL000213,Halsey Beshears,Halsey,,Beshears,,,True,fl,lower,7,Republican,81065ba9be984727a170ba9aee01ea85,http://www.flhouse.gov/FileStores/Web/Imaging/Member/4539.jpg,2013-01-03 00:11:42.946000,2013-03-01 01:29:43.903000
FLL000109,George R Moraitis Jr.,George,R,Moraitis,Jr.,,True,fl,lower,93,Republican,7b707f18b17c4fdfa550459529a9d59a,http://www.flhouse.gov/FileStores/Web/Imaging/Member/4520.jpg,2011-03-02 21:41:52.387000,2013-03-01 01:29:43.998000
FLL000263,Kionne L. McGhee,Kionne,L.,McGhee,,,True,fl,lower,117,Democratic,a2b966c973d642bbb6f14dd9248d10ea,http://www.flhouse.gov/FileStores/Web/Imaging/Member/4555.jpg,2013-01-03 00:11:43.302000,2013-03-01 01:29:43.766000
FLL000074,Clay Ford,Clay,,Ford,,,True,fl,lower,2,Republican,88f04624e6984036a47e2373c53453d3,http://www.flhouse.gov/FileStores/Web/Imaging/Member/4409.jpg,2011-03-02 21:41:52.273000,2013-03-01 01:29:43.689000
FLL000056,Douglas Vaughn Broxson,Douglas,Vaughn,Broxson,,Doug,True,fl,lower,3,Republican,d974baef55634d118d526fa4e625f134,http://www.flhouse.gov/FileStores/Web/Imaging/Member/4491.jpg,2011-03-02 21:41:52.236000,2013-03-01 01:29:43.992000
FLL000065,Marti Coley,Marti,,Coley,,,True,fl,lower,5,Republican,c77832f66f2e487686645beb90f226d2,http://www.flhouse.gov/FileStores/Web/Imaging/Member/4361.jpg,2011-03-02 21:41:52.257000,2013-03-01 01:29:42.682000
FLL000116,Jimmy Patronis,Jimmy,,Patronis,,,True,fl,lower,6,Republican,9dd5384e0e3c4e17b70cd1473900d2fe,http://www.flhouse.gov/FileStores/Web/Imaging/Member/4369.jpg,2011-03-02 21:41:52.399000,2013-03-01 01:29:43.249000
FLL000070,Daniel Davis,Daniel,,Davis,,,True,fl,lower,15,Republican,,http://www.flhouse.gov/FileStores/Web/Imaging/Member/4495.jpg,2011-03-02 21:41:52.266000,2013-03-01 01:29:43.762000
FLL000111,Bryan Nelson,Bryan,,Nelson,,,True,fl,lower,31,Republican,b8fa224860e740f0b6d710e2b8fb5054,http://www.flhouse.gov/FileStores/Web/Imaging/Member/4362.jpg,2011-03-02 21:41:52.391000,2013-03-01 01:29:43.834000
FLL000139,Jimmie T Smith,Jimmie,T,Smith,,,True,fl,lower,34,Republican,fc3086e2bbfd4449a383bc1920025b93,http://www.flhouse.gov/FileStores/Web/Imaging/Member/4502.jpg,2011-03-02 21:41:52.461000,2013-03-01 01:29:43.524000
FLL000107,Seth McKeel,Seth,,McKeel,,,True,fl,lower,40,Republican,612a761cc34f4f578ef6aa854da214f1,http://www.flhouse.gov/FileStores/Web/Imaging/Member/4368.jpg,2011-03-02 21:41:52.380000,2013-03-01 01:29:44.076000
FLL000114,Mark S Pafford,Mark,S,Pafford,,,True,fl,lower,86,Democratic,bb4a95c6c89142fb9636ca989a6a4673,http://www.flhouse.gov/FileStores/Web/Imaging/Member/4435.jpg,2011-03-02 21:41:52.396000,2013-03-01 01:29:44.090000
FLL000148,Perry E Thurston Jr.,Perry,E,Thurston,Jr.,,True,fl,lower,94,Democratic,7e208be28fec4fcaa5ea5e470d233d98,http://www.flhouse.gov/FileStores/Web/Imaging/Member/4396.jpg,2011-03-02 21:41:52.501000,2013-03-01 01:29:43.847000
FLL000081,Joseph A Gibbons,Joseph,A,Gibbons,,Joe,True,fl,lower,100,Democratic,470ed07114cf4fac83ecdc79304cda4a,http://www.flhouse.gov/FileStores/Web/Imaging/Member/4400.jpg,2011-03-02 21:41:52.303000,2013-03-01 01:29:44.078000
FLL000079,Matt Gaetz,Matt,,Gaetz,,,True,fl,lower,4,Republican,480cff155f8741bfaaeb679caf963a16,http://www.flhouse.gov/FileStores/Web/Imaging/Member/4478.jpg,2011-03-02 21:41:52.298000,2013-03-01 01:29:44.106000
FLL000216,Randolph Bracy,Randolph,,Bracy,,,True,fl,lower,45,Democratic,ac9e6fb82d844fbbad3c39e7fb68e5e3,http://www.flhouse.gov/FileStores/Web/Imaging/Member/4548.jpg,2013-01-03 00:11:42.962000,2013-03-01 01:29:43.496000
FLL000229,W. Travis Cummings,W.,Travis,Cummings,,,True,fl,lower,18,Republican,,http://www.flhouse.gov/FileStores/Web/Imaging/Member/4540.jpg,2013-01-03 00:11:43.047000,2013-03-01 01:29:43.973000
FLL000230,Mark Danish,Mark,,Danish,,,True,fl,lower,63,Democratic,af180e37767149a7b5aae7e84e3759d4,http://www.flhouse.gov/FileStores/Web/Imaging/Member/4569.jpg,2013-01-03 00:11:43.053000,2013-03-01 01:29:43.079000
FLL000286,Holly Merrill Raschein,Holly,Merrill,Raschein,,,True,fl,lower,120,Republican,42c0b5a186354ea8885609d4412d9eb4,http://www.flhouse.gov/FileStores/Web/Imaging/Member/4562.jpg,2013-01-03 00:11:43.518000,2013-03-01 01:29:43.518000
FLL000307,Richard Stark,Richard,,Stark,,,True,fl,lower,104,Democratic,03b2b0c1ca394065ab73306799bb4afa,http://www.flhouse.gov/FileStores/Web/Imaging/Member/4557.jpg,2013-01-03 00:11:43.714000,2013-03-01 01:29:43.845000
FLL000128,Michelle Rehwinkel Vasilinda,Michelle,,Rehwinkel Vasilinda,,,True,fl,lower,9,Democratic,ac707496bd26439da435a32361e377ee,http://www.flhouse.gov/FileStores/Web/Imaging/Member/4464.jpg,2011-03-02 21:41:52.441000,2013-03-01 01:29:43.705000
FLL000042,Janet H Adkins,Janet,H,Adkins,,,True,fl,lower,11,Republican,d2168d81a1724523a275b3f8a47dada7,http://www.flhouse.gov/FileStores/Web/Imaging/Member/4439.jpg,2011-03-02 21:41:52.190000,2013-03-01 01:29:43.683000
FLL000097,Mia L Jones,Mia,L,Jones,,,True,fl,lower,14,Democratic,e1736146c5434ed19a50afa0c4d1ae91,http://www.flhouse.gov/FileStores/Web/Imaging/Member/4440.jpg,2011-03-02 21:41:52.353000,2013-03-01 01:29:43.830000
FLL000129,Ronald Renuart,Ronald,,Renuart,,Doc,True,fl,lower,17,Republican,596052f4a4f24f85a76582c07f727df9,http://www.flhouse.gov/FileStores/Web/Imaging/Member/4442.jpg,2011-03-02 21:41:52.443000,2013-03-01 01:29:43.255000
FLL000153,Barbara Watson,Barbara,,Watson,,,True,fl,lower,107,Democratic,9fbe1fab5de640d7b0aeb31dfd3e3eec,http://www.flhouse.gov/FileStores/Web/Imaging/Member/4532.jpg,2011-03-02 21:41:52.510000,2013-03-01 01:29:43.726000
FLL000118,W. Keith Perry,W. Keith,,Perry,,,True,fl,lower,21,Republican,b79d8c0b23c74ad0b6b4236e388a0608,http://www.flhouse.gov/FileStores/Web/Imaging/Member/4497.jpg,2011-03-02 21:41:52.403000,2013-03-01 01:29:43.294000
FLL000047,Dennis K Baxley,Dennis,K,Baxley,,,True,fl,lower,23,Republican,2ab37aeeb172416a9439f8dae050b8f4,http://www.flhouse.gov/FileStores/Web/Imaging/Member/4200.jpg,2011-03-02 21:41:52.219000,2013-03-01 01:29:43.937000
FLL000146,Dwayne L Taylor,Dwayne,L,Taylor,,,True,fl,lower,26,Democratic,b89201876e81416a926685ad1dd0e4de,http://www.flhouse.gov/FileStores/Web/Imaging/Member/4445.jpg,2011-03-02 21:41:52.498000,2013-03-01 01:29:44.108000
FLL000108,Larry Metz,Larry,,Metz,,,True,fl,lower,32,Republican,ad247669be374655996c1f92e8fbe041,http://www.flhouse.gov/FileStores/Web/Imaging/Member/4498.jpg,2011-03-02 21:41:52.384000,2013-03-01 01:29:43.768000
FLL000113,H. Marlene O'Toole,H. Marlene,,O'Toole,,,True,fl,lower,33,Republican,12ec0ad77c6e4abe8d32d05005ed2058,http://www.flhouse.gov/FileStores/Web/Imaging/Member/4462.jpg,2011-03-02 21:41:52.394000,2013-03-01 01:29:43.979000
FLL000136,Robert C Schenck,Robert,C,Schenck,,Rob,True,fl,lower,35,Republican,c559d21acf1e4559aadc50930884d479,http://www.flhouse.gov/FileStores/Web/Imaging/Member/4386.jpg,2011-03-02 21:41:52.456000,2013-03-01 01:29:43.777000
FLL000066,Richard Corcoran,Richard,,Corcoran,,,True,fl,lower,37,Republican,54afbc2edfc141e8b9172786632482a1,http://www.flhouse.gov/FileStores/Web/Imaging/Member/4503.jpg,2011-03-02 21:41:52.258000,2013-03-01 01:29:43.818000
FLL000123,Stephen L Precourt,Stephen,L,Precourt,,,True,fl,lower,44,Republican,25ca7b3536534f5e95c023e59edaaa39,http://www.flhouse.gov/FileStores/Web/Imaging/Member/4384.jpg,2011-03-02 21:41:52.412000,2013-03-01 01:29:42.710000
FLL000084,Tom Goodson,Tom,,Goodson,,,True,fl,lower,50,Republican,2483bef8c9584dc9b8dd5adf362f68fc,http://www.flhouse.gov/FileStores/Web/Imaging/Member/4500.jpg,2011-03-02 21:41:52.308000,2013-03-01 01:29:43.899000
FLL000068,Steve Crisafulli,Steve,,Crisafulli,,,True,fl,lower,51,Republican,dbb9de202aef4d37abe215e8de98f7da,http://www.flhouse.gov/FileStores/Web/Imaging/Member/4448.jpg,2011-03-02 21:41:52.262000,2013-03-01 01:29:43.857000
FLL000159,Ritch Workman,Ritch,,Workman,,,True,fl,lower,52,Republican,3fb0d2dba0ea46138e48c296a8cb59fe,http://www.flhouse.gov/FileStores/Web/Imaging/Member/4446.jpg,2011-03-02 21:41:52.521000,2013-03-01 01:29:43.985000
FLL000105,Debbie Mayfield,Debbie,,Mayfield,,,True,fl,lower,54,Republican,6cdc9e3e43b64d9886335f1dadbd663b,http://www.flhouse.gov/FileStores/Web/Imaging/Member/4456.jpg,2011-03-02 21:41:52.377000,2013-03-01 01:29:43.629000
FLL000119,Ray Pilon,Ray,,Pilon,,,True,fl,lower,72,Republican,6886185c142147ab914782d7ee3562c9,http://www.flhouse.gov/FileStores/Web/Imaging/Member/4512.jpg,2011-03-02 21:41:52.405000,2013-03-01 01:29:43.913000
FLL000044,Ben Albritton,Ben,,Albritton,,,True,fl,lower,56,Republican,a5db695235f5428c8f90fdaba109dd72,http://www.flhouse.gov/FileStores/Web/Imaging/Member/4508.jpg,2011-03-02 21:41:52.194000,2013-03-01 01:29:43.863000
FLL000160,Dana D Young,Dana,D,Young,,,True,fl,lower,60,Republican,51e250068e2243ffa798d23e14517daa,http://www.flhouse.gov/FileStores/Web/Imaging/Member/4507.jpg,2011-03-02 21:41:52.523000,2013-03-01 01:29:43.813000
FLL000063,Gwyndolen Clarke-Reed,Gwyndolen,,Clarke-Reed,,Gwyn,True,fl,lower,92,Democratic,bcdfd35a73204736ba4344b90e16b070,http://www.flhouse.gov/FileStores/Web/Imaging/Member/4432.jpg,2011-03-02 21:41:52.253000,2013-03-01 01:29:43.758000
FLL000127,Betty Reed,Betty,,Reed,,,True,fl,lower,61,Democratic,b1ed774a33bc48d59659e58ba79a0de6,http://www.flhouse.gov/FileStores/Web/Imaging/Member/4398.jpg,2011-03-02 21:41:52.440000,2013-03-01 01:29:43.919000
FLL000069,Janet Cruz,Janet,,Cruz,,,True,fl,lower,62,Democratic,b6e2ff197a22487a8ff2c75ce9ec558c,http://www.flhouse.gov/FileStores/Web/Imaging/Member/4477.jpg,2011-03-02 21:41:52.264000,2013-03-01 01:29:44.026000
FLL000085,James W Grant,James,W,Grant,,J.W.,True,fl,lower,64,Republican,738192e2be8d46bd90ca10c997f9c510,http://www.flhouse.gov/FileStores/Web/Imaging/Member/4504.jpg,2011-03-02 21:41:52.310000,2013-03-01 01:29:44.080000
FLL000043,Larry Ahern,Larry,,Ahern,,,True,fl,lower,66,Republican,9083dd70fef64f02bd321dc64ce0a2ce,http://www.flhouse.gov/FileStores/Web/Imaging/Member/4505.jpg,2011-03-02 21:41:52.192000,2013-03-01 01:29:43.963000
FLL000133,Darryl Ervin Rouson,Darryl,Ervin,Rouson,,,True,fl,lower,70,Democratic,480f24fc534644908c1c12475f86bdfc,http://www.flhouse.gov/FileStores/Web/Imaging/Member/4428.jpg,2011-03-02 21:41:52.450000,2013-03-01 01:29:43.861000
FLL000053,Jim Boyd,Jim,,Boyd,,,True,fl,lower,71,Republican,1df6d27b00de488dbaf71868dd30ed94,http://www.flhouse.gov/FileStores/Web/Imaging/Member/4511.jpg,2011-03-02 21:41:52.230000,2013-03-01 01:29:44.022000
FLL000145,W. Gregory Steube,W. Gregory,,Steube,,Greg,True,fl,lower,73,Republican,5529b278a6714754bc67a26c0646cdb3,http://www.flhouse.gov/FileStores/Web/Imaging/Member/4509.jpg,2011-03-02 21:41:52.496000,2013-03-01 01:29:43.749000
FLL000090,Doug Holder,Doug,,Holder,,,True,fl,lower,74,Republican,69e6bdee745441c68e67d822fe7765df,http://www.flhouse.gov/FileStores/Web/Imaging/Member/4372.jpg,2011-03-02 21:41:52.319000,2013-03-01 01:29:43.943000
FLL000130,Kenneth L Roberson,Kenneth,L,Roberson,,Ken,True,fl,lower,75,Republican,39d1c0220cb245e1a361a2c4266cf716,http://www.flhouse.gov/FileStores/Web/Imaging/Member/4454.jpg,2011-03-02 21:41:52.445000,2013-03-01 01:29:43.841000
FLL000059,Matthew H Caldwell,Matthew,H,Caldwell,,Matt,True,fl,lower,79,Republican,8739e1e5dfbc41b4948b1372d3d10a4f,http://www.flhouse.gov/FileStores/Web/Imaging/Member/4513.jpg,2011-03-02 21:41:52.242000,2013-03-01 01:29:43.897000
FLL000093,Matt Hudson,Matt,,Hudson,,,True,fl,lower,80,Republican,84cbcc924105431aaa6e67dae45ed4bf,http://www.flhouse.gov/FileStores/Web/Imaging/Member/4420.jpg,2011-03-02 21:41:52.340000,2013-03-01 01:29:44.086000
FLL000115,Kathleen C Passidomo,Kathleen,C,Passidomo,,,True,fl,lower,106,Republican,41ae93b9241f472b9206ec3f8284aeb4,http://www.flhouse.gov/FileStores/Web/Imaging/Member/4514.jpg,2011-03-02 21:41:52.398000,2013-03-01 01:29:43.837000
FLL000132,Patrick Rooney Jr.,Patrick,,Rooney,Jr.,,True,fl,lower,85,Republican,,http://www.flhouse.gov/FileStores/Web/Imaging/Member/4516.jpg,2011-03-02 21:41:52.449000,2013-03-01 01:29:43.949000
FLL000087,Bill Hager,Bill,,Hager,,,True,fl,lower,89,Republican,4360677e03ad4fe3bbf0659c6dd365b5,http://www.flhouse.gov/FileStores/Web/Imaging/Member/4518.jpg,2011-03-02 21:41:52.313000,2013-03-01 01:29:43.764000
FLL000049,Lori Berman,Lori,,Berman,,,True,fl,lower,90,Democratic,710b7ffa453047218dcdafca2f8f58b5,http://www.flhouse.gov/FileStores/Web/Imaging/Member/4517.jpg,2011-03-02 21:41:52.223000,2013-03-01 01:29:44.020000
FLL000138,Irving Slosberg,Irving,,Slosberg,,Irv,True,fl,lower,91,Democratic,be11966171814f3fa0ba8249b8881ba1,http://www.flhouse.gov/FileStores/Web/Imaging/Member/4232.jpg,2011-03-02 21:41:52.459000,2013-03-01 01:29:43.965000
FLL000131,Hazelle P Rogers,Hazelle,P,Rogers,,Hazel,True,fl,lower,95,Democratic,a551d4a4eb5f4b0787fd4305a68fa50f,http://www.flhouse.gov/FileStores/Web/Imaging/Member/4434.jpg,2011-03-02 21:41:52.447000,2013-03-01 01:29:44
FLL000137,Elaine J Schwartz,Elaine,J,Schwartz,,,True,fl,lower,99,Democratic,fce6bedfc5e34e73a0a7bf2b3bbade07,http://www.flhouse.gov/FileStores/Web/Imaging/Member/4383.jpg,2011-03-02 21:41:52.457000,2013-03-01 01:29:43.822000
FLL000071,Jose Felix Diaz,Jose Felix,,Diaz,,,True,fl,lower,116,Republican,61bb4f4d0bbb481d911f41877c0603b9,http://www.flhouse.gov/FileStores/Web/Imaging/Member/4526.jpg,2011-03-02 21:41:52.267000,2013-03-01 01:29:44.028000
FLL000150,Carlos Trujillo,Carlos,,Trujillo,,,True,fl,lower,105,Republican,834ac0394f2d4f1395d28ead6c3371f1,http://www.flhouse.gov/FileStores/Web/Imaging/Member/4527.jpg,2011-03-02 21:41:52.505000,2013-03-01 01:29:43.849000
FLL000060,Daphne D Campbell,Daphne,D,Campbell,,,True,fl,lower,108,Democratic,84597555a1e647a399f27fb55f5dc7c6,http://www.flhouse.gov/FileStores/Web/Imaging/Member/4522.jpg,2011-03-02 21:41:52.246000,2013-03-01 01:29:44.047000
FLL000142,Cynthia A Stafford,Cynthia,A,Stafford,,,True,fl,lower,109,Democratic,f75652c9768340ddaf225f4b7f71779c,http://www.flhouse.gov/FileStores/Web/Imaging/Member/4523.jpg,2011-03-02 21:41:52.491000,2013-03-01 01:29:44.055000
FLL000161,Jose R. Oliva,Jose,R.,Oliva,,,True,fl,lower,110,Republican,,http://www.flhouse.gov/FileStores/Web/Imaging/Member/4534.jpg,2011-07-08 01:04:40.463000,2013-03-01 01:29:43.701000
FLL000083,Eduardo Gonzalez,Eduardo,,Gonzalez,,Eddy,True,fl,lower,111,Republican,62be881ca33847d182fc459280a77d71,http://www.flhouse.gov/FileStores/Web/Imaging/Member/4385.jpg,2011-03-02 21:41:52.306000,2013-03-01 01:29:43.489000
FLL000076,Erik Fresen,Erik,,Fresen,,,True,fl,lower,114,Republican,116c0c853cd640b59db649989ef72c69,http://www.flhouse.gov/FileStores/Web/Imaging/Member/4461.jpg,2011-03-02 21:41:52.293000,2013-03-01 01:29:43.975000
FLL000051,Michael Bileca,Michael,,Bileca,,,True,fl,lower,115,Republican,291515217dd241b2b7ec3036c5a71e2e,http://www.flhouse.gov/FileStores/Web/Imaging/Member/4528.jpg,2011-03-02 21:41:52.226000,2013-03-01 01:29:43.239000
FLL000045,Frank Artiles,Frank,,Artiles,,,True,fl,lower,118,Republican,4e8736eb895f407ba5a1c689d16b73e2,http://www.flhouse.gov/FileStores/Web/Imaging/Member/4529.jpg,2011-03-02 21:41:52.216000,2013-03-01 01:29:44.017000
FLL000112,Jeanette M Nuñez,Jeanette,M,Nuñez,,,True,fl,lower,119,Republican,d773ad99756048eaa9f34a9b509c216a,http://www.flhouse.gov/FileStores/Web/Imaging/Member/4524.jpg,2011-03-02 21:41:52.392000,2013-03-01 01:29:43.724000
FLL000282,Sharon Pritchett,Sharon,,Pritchett,,,True,fl,lower,102,Democratic,9daf35fe37584572af7869c5e61e6dcc,http://www.flhouse.gov/FileStores/Web/Imaging/Member/4561.jpg,2013-01-03 00:11:43.493000,2013-03-01 01:29:43.512000
FLL000055,Jason T Brodeur,Jason,T,Brodeur,,,True,fl,lower,28,Republican,ef38bd613a834ffa87bdebda55d2091b,http://www.flhouse.gov/FileStores/Web/Imaging/Member/4501.jpg,2011-03-02 21:41:52.235000,2013-03-01 01:29:44.101000
FLL000152,James W Waldman,James,W,Waldman,,Jim,True,fl,lower,96,Democratic,b470803a3c8d4b2aaa093f8ef969dccc,http://www.flhouse.gov/FileStores/Web/Imaging/Member/4367.jpg,2011-03-02 21:41:52.509000,2013-03-01 01:29:43.888000
FLL000078,Reggie Fullwood,Reggie,,Fullwood,,,True,fl,lower,13,Democratic,a78ab79f0e364508a7b860cab56882a4,http://www.flhouse.gov/FileStores/Web/Imaging/Member/4496.jpg,2011-03-02 21:41:52.297000,2013-03-01 01:29:43.977000
FLL000106,Charles McBurney,Charles,,McBurney,,,True,fl,lower,16,Republican,3c38a21fef5f4db0bf2aa1246d9c3130,http://www.flhouse.gov/FileStores/Web/Imaging/Member/4418.jpg,2011-03-02 21:41:52.378000,2013-03-01 01:29:44.088000
FLL000250,"Charles David ""Dave"" Hood, Jr.",Charles,David,Hood,Jr.,Dave,True,fl,lower,25,Republican,,http://www.flhouse.gov/FileStores/Web/Imaging/Member/4543.jpg,2013-01-03 00:11:43.226000,2013-03-01 01:29:43.994000
FLL000091,Ed Hooper,Ed,,Hooper,,,True,fl,lower,67,Republican,9d44325bbbd74ebd9b8ddcf9b5d70d05,http://www.flhouse.gov/FileStores/Web/Imaging/Member/4390.jpg,2011-03-02 21:41:52.320000,2013-03-01 01:29:44.082000
FLL000253,Travis Hutson,Travis,,Hutson,,,True,fl,lower,24,Republican,51704c6d13d44af8acf5beb8be73b7f0,http://www.flhouse.gov/FileStores/Web/Imaging/Member/4542.jpg,2013-01-03 00:11:43.244000,2013-03-01 01:29:43.732000
FLL000236,Katie A. Edwards,Katie,A.,Edwards,,,True,fl,lower,98,Democratic,a7e1f6a384054a3aaf80baf879a6ef38,http://www.flhouse.gov/FileStores/Web/Imaging/Member/4566.jpg,2013-01-03 00:11:43.086000,2013-03-01 01:29:43.941000
FLL000221,Karen Castor Dentel,Karen,,Castor Dentel,,,True,fl,lower,30,Democratic,ec83d52997dd4e088da743c49415e977,http://www.flhouse.gov/FileStores/Web/Imaging/Member/4545.jpg,2013-01-03 00:11:42.992000,2013-03-01 01:29:43.584000
FLL000209,Bruce Antone,Bruce,,Antone,,,True,fl,lower,46,Democratic,71ba24ebf44c4cea9a109b9752bf26a7,http://www.flhouse.gov/FileStores/Web/Imaging/Member/4269.jpg,2013-01-03 00:11:42.924000,2013-03-01 01:29:43.728000
FLL000233,"Manny Diaz, Jr.",Manny,,Diaz,Jr.,,True,fl,lower,103,Republican,2e0ff489b6cd4931b59a6c832ea8dcf0,http://www.flhouse.gov/FileStores/Web/Imaging/Member/4558.jpg,2013-01-03 00:11:43.069000,2013-03-01 01:29:43.268000
FLL000095,Clay Ingram,Clay,,Ingram,,,True,fl,lower,1,Republican,405379442b5c496bbb12766b780f418b,http://www.flhouse.gov/FileStores/Web/Imaging/Member/4493.jpg,2011-03-02 21:41:52.349000,2013-03-01 01:29:43.798000
FLL000151,Charles E Van Zant,Charles,E,Van Zant,,,True,fl,lower,19,Republican,06aeeed2ab2c46879cc974329b27806b,http://www.flhouse.gov/FileStores/Web/Imaging/Member/4444.jpg,2011-03-02 21:41:52.507000,2013-03-01 01:29:44.099000
FLL000013,Mike Fasano,Mike,,Fasano,,,True,fl,lower,36,Republican,f85a60ecb0c04e9baa7d06565d8247d5,http://www.flhouse.gov/FileStores/Web/Imaging/Member/4058.jpg,2011-03-02 21:41:52.115000,2013-03-01 01:29:43.990000
FLL000126,Lake Ray,Lake,,Ray,,,True,fl,lower,12,Republican,9fa95f1af1d24a9ab08534e04b34574b,http://www.flhouse.gov/FileStores/Web/Imaging/Member/4441.jpg,2011-03-02 21:41:52.438000,2013-03-01 01:29:44.045000
FLL000156,Alan B Williams,Alan,B,Williams,,,True,fl,lower,8,Democratic,9e68579955794f8f948a12d75c4347bb,http://www.flhouse.gov/FileStores/Web/Imaging/Member/4437.jpg,2011-03-02 21:41:52.516000,2013-03-01 01:29:43.952000
FLL000121,Elizabeth W Porter,Elizabeth,W,Porter,,,True,fl,lower,10,Republican,f507ce8a77cf4e64b25073c0f93ebca0,http://www.flhouse.gov/FileStores/Web/Imaging/Member/4494.jpg,2011-03-02 21:41:52.409000,2013-03-01 01:29:43.917000
FLL000158,John Wood,John,,Wood,,,True,fl,lower,41,Republican,d4501edf2839475ab9dee09eb04dcc07,http://www.flhouse.gov/FileStores/Web/Imaging/Member/4453.jpg,2011-03-02 21:41:52.519000,2013-03-01 01:29:43.852000
FLL000088,Gayle B Harrell,Gayle,B,Harrell,,,True,fl,lower,83,Republican,7002b2b79e3b4e95a149f4f00e01248e,http://www.flhouse.gov/FileStores/Web/Imaging/Member/4211.jpg,2011-03-02 21:41:52.315000,2013-03-01 01:29:44.049000
FLL000086,Denise Grimsley,Denise,,Grimsley,,,True,fl,upper,21,Republican,64402c66fa884e3894162c313c6b511f,http://www.flsenate.gov/userContent/Senators/2012-2014/photos/s021.jpg,2011-03-02 21:41:52.312000,2013-03-01 01:29:44.117000
FLL000006,Oscar Braynon II,Oscar,,Braynon,II,,True,fl,upper,36,Democratic,745000e0b4eb4531999904f254344cd6,http://www.flsenate.gov/userContent/Senators/2012-2014/photos/s036.jpg,2011-03-02 21:41:52.102000,2013-03-01 01:29:42.534000
FLL000003,Lizbeth Benacquisto,Lizbeth,,Benacquisto,,,True,fl,upper,30,Republican,c3dfc3c6a8e94bcf814c0959525d3532,http://www.flsenate.gov/userContent/Senators/2012-2014/photos/s030.jpg,2011-03-02 21:41:52.086000,2013-03-01 01:29:44.115000
FLL000023,Jack Latvala,Jack,,Latvala,,,True,fl,upper,20,Republican,c2b2ba197cb34b56a0cb52f3a8822f82,http://www.flsenate.gov/userContent/Senators/2012-2014/photos/s020.jpg,2011-03-02 21:41:52.157000,2013-03-01 01:29:42.594000
FLL000031,Garrett Richter,Garrett,,Richter,,,True,fl,upper,23,Republican,2b4dfa3f603c4ac3b228b602ffad4d5b,http://www.flsenate.gov/userContent/Senators/2012-2014/photos/s023.jpg,2011-03-02 21:41:52.171000,2013-03-01 01:29:42.635000
FLL000010,Miguel Diaz de la Portilla,Miguel,,Diaz de la Portilla,,,True,fl,upper,40,Republican,4d384484bec04110abe72c8bfe3d22e3,http://www.flsenate.gov/userContent/Senators/2012-2014/photos/s040.jpg,2011-03-02 21:41:52.110000,2013-03-01 01:29:44.010000
FLL000034,David Simmons,David,,Simmons,,,True,fl,upper,10,Republican,98ecbfdc7b3b4cffae1bf4a4708001ff,http://www.flsenate.gov/userContent/Senators/2012-2014/photos/s010.jpg,2011-03-02 21:41:52.176000,2013-03-01 01:29:42.659000
FLL000036,Christopher L Smith,Christopher,L,Smith,,Chris,True,fl,upper,31,Democratic,c7f23d9ddcdd435bb27d6ffd1662ef17,http://www.flsenate.gov/userContent/Senators/2012-2014/photos/s031.jpg,2011-03-02 21:41:52.180000,2013-03-01 01:29:42.662000
FLL000199,Wilton Simpson,Wilton,,Simpson,,,True,fl,upper,18,Republican,d49cccce101c47ba87b1d44bc6b4c434,http://www.flsenate.gov/userContent/Senators/2012-2014/photos/s018.jpg,2013-01-03 00:11:42.869000,2013-03-01 01:29:44.069000
FLL000190,Tom Lee,Tom,,Lee,,,True,fl,upper,24,Republican,c78c4f03447e45f5acb0292262f6d38f,http://www.flsenate.gov/userContent/Senators/2012-2014/photos/s024.jpg,2013-01-03 00:11:42.764000,2013-03-01 01:29:42.633000
FLL000008,Charles S Dean Sr.,Charles,S,Dean,Sr.,Charlie,True,fl,upper,5,Republican,0b21ccd76597483394f463c00e8c270f,http://www.flsenate.gov/userContent/Senators/2012-2014/photos/s005.jpg,2011-03-02 21:41:52.106000,2013-03-01 01:29:42.518000
FLL000015,Don Gaetz,Don,,Gaetz,,,True,fl,upper,1,Republican,3b66c716b81649f08a2e72d6e046005f,http://www.flsenate.gov/userContent/Senators/2012-2014/photos/s001.jpg,2011-03-02 21:41:52.139000,2013-03-01 01:24:08.425000
FLL000027,Joe Negron,Joe,,Negron,,,True,fl,upper,32,Republican,0d21efe1dbef42bf929302a7a4daab29,http://www.flsenate.gov/userContent/Senators/2012-2014/photos/s032.jpg,2011-03-02 21:41:52.164000,2013-03-01 01:29:42.642000
FLL000009,Nancy C Detert,Nancy,C,Detert,,,True,fl,upper,28,Republican,525393da65d843c78b9ea0f15aa05b04,http://www.flsenate.gov/userContent/Senators/2012-2014/photos/s028.jpg,2011-03-02 21:41:52.107000,2013-03-01 01:29:44.008000
FLL000039,John Thrasher,John,,Thrasher,,,True,fl,upper,6,Republican,64c1e992ff0347f29465ab741e5d5223,http://www.flsenate.gov/userContent/Senators/2012-2014/photos/s006.jpg,2011-03-02 21:41:52.185000,2013-03-01 01:29:42.581000
FLL000025,Gwen Margolis,Gwen,,Margolis,,,True,fl,upper,35,Democratic,2be5aa25f5af4bb7b311637d8ec0a581,http://www.flsenate.gov/userContent/Senators/2012-2014/photos/s035.jpg,2011-03-02 21:41:52.160000,2013-03-01 01:29:42.619000
FLL000026,Bill Montford,Bill,,Montford,,,True,fl,upper,3,Democratic,4b5c54f8620c434aa9fc793f90319e41,http://www.flsenate.gov/userContent/Senators/2012-2014/photos/s003.jpg,2011-03-02 21:41:52.162000,2013-03-01 01:29:42.601000
FLL000164,Audrey Gibson,Audrey,,Gibson,,,True,fl,upper,9,Democratic,96fadd8dae7541c1882e812010564c08,http://www.flsenate.gov/userContent/Senators/2012-2014/photos/s009.jpg,2011-10-20 01:23:01.926000,2013-03-01 01:29:42.653000
FLL000102,John Legg,John,,Legg,,,True,fl,upper,17,Republican,dc8433614daa484c8d9a3837a52fb7f4,http://www.flsenate.gov/userContent/Senators/2012-2014/photos/s017.jpg,2011-03-02 21:41:52.371000,2013-03-01 01:29:42.657000
FLL000041,Joseph Abruzzo,Joseph,,Abruzzo,,,True,fl,upper,25,Democratic,68f0667fe1cc4ac88b62f20e262d6d38,http://www.flsenate.gov/userContent/Senators/2012-2014/photos/s025.jpg,2011-03-02 21:41:52.189000,2013-03-01 01:29:44.057000
FLL000016,Rene Garcia,Rene,,Garcia,,,True,fl,upper,38,Republican,6e82fb142b0d465cb8d7e234d0ba4856,http://www.flsenate.gov/userContent/Senators/2012-2014/photos/s038.jpg,2011-03-02 21:41:52.141000,2013-03-01 01:29:44.003000
FLL000094,Dorothy L Hukill,Dorothy,L,Hukill,,,True,fl,upper,8,Republican,049c9f41439f4c8d80754d62d2b2fe32,http://www.flsenate.gov/userContent/Senators/2012-2014/photos/s008.jpg,2011-03-02 21:41:52.342000,2013-03-01 01:29:44.037000
FLL000143,Kelli Stargel,Kelli,,Stargel,,,True,fl,upper,15,Republican,84ef4ea9455345799000edc6aa708da4,http://www.flsenate.gov/userContent/Senators/2012-2014/photos/s015.jpg,2011-03-02 21:41:52.493000,2013-03-01 01:29:44.040000
FLL000064,Jeff Clemens,Jeff,,Clemens,,,True,fl,upper,27,Democratic,f49f4de2bef44358aca1bad598724e50,http://www.flsenate.gov/userContent/Senators/2012-2014/photos/s027.jpg,2011-03-02 21:41:52.255000,2013-03-01 01:29:42.622000
FLL000141,Darren Soto,Darren,,Soto,,,True,fl,upper,14,Democratic,d16113bc9c794595bcb7991dfcbba749,http://www.flsenate.gov/userContent/Senators/2012-2014/photos/s014.jpg,2011-03-02 21:41:52.465000,2013-03-01 01:29:44.122000
FLL000057,Dwight M Bullard,Dwight,M,Bullard,,,True,fl,upper,39,Democratic,5260235abd524a9593aa8feefd345c93,http://www.flsenate.gov/userContent/Senators/2012-2014/photos/s039.jpg,2011-03-02 21:41:52.239000,2013-03-01 01:29:44.006000
FLL000017,Andy Gardiner,Andy,,Gardiner,,,True,fl,upper,13,Republican,c0ea6bfb70414f5188681004c6254c14,http://www.flsenate.gov/userContent/Senators/2012-2014/photos/s013.jpg,2011-03-02 21:41:52.146000,2013-03-01 01:29:42.592000
FLL000170,Rob Bradley,Rob,,Bradley,,,True,fl,upper,7,Republican,d9bde54de7234ede9416ffe247c6d20f,http://www.flsenate.gov/userContent/Senators/2012-2014/photos/s007.jpg,2013-01-03 00:11:42.659000,2013-03-01 01:29:44.060000
FLL000002,Thad Altman,Thad,,Altman,,,True,fl,upper,16,Republican,fa5ed8894b9840a480d2ddacf9ca1def,http://www.flsenate.gov/userContent/Senators/2012-2014/photos/s016.jpg,2011-03-02 21:41:52.084000,2013-03-01 01:29:44.033000
FLL000037,Eleanor Sobel,Eleanor,,Sobel,,,True,fl,upper,33,Democratic,28e42edf5b0545b5bad8aaaa6999437e,http://www.flsenate.gov/userContent/Senators/2012-2014/photos/s033.jpg,2011-03-02 21:41:52.182000,2013-03-01 01:29:42.644000
FLL000147,Geraldine F Thompson,Geraldine,F,Thompson,,,True,fl,upper,12,Democratic,499c69369b7345f6acbce396241182c0,http://www.flsenate.gov/userContent/Senators/2012-2014/photos/s012.jpg,2011-03-02 21:41:52.500000,2013-03-01 01:29:44.012000
FLL000168,Aaron Bean,Aaron,,Bean,,,True,fl,upper,4,Republican,33c2de260c014af7850b32e579696bd1,http://www.flsenate.gov/userContent/Senators/2012-2014/photos/s004.jpg,2013-01-03 00:11:42.649000,2013-03-01 01:29:42.646000
FLL000181,Bill Galvano,Bill,,Galvano,,,True,fl,upper,26,Republican,90f38741fceb4ee4a97b48438def35c1,http://www.flsenate.gov/userContent/Senators/2012-2014/photos/s026.jpg,2013-01-03 00:11:42.718000,2013-03-01 01:29:42.590000
FLL000019,Alan Hays,Alan,,Hays,,,True,fl,upper,11,Republican,c21a4dd1db0945fe9fe4d3a9bb44dcef,http://www.flsenate.gov/userContent/Senators/2012-2014/photos/s011.jpg,2011-03-02 21:41:52.150000,2013-03-01 01:29:44.110000
FLL000033,Maria Lorts Sachs,Maria,Lorts,Sachs,,,True,fl,upper,34,Democratic,0e62f8ac98f64164888a79bcdbdac7f3,http://www.flsenate.gov/userContent/Senators/2012-2014/photos/s034.jpg,2011-03-02 21:41:52.174000,2013-03-01 01:29:42.571000
FLL000014,Anitere Flores,Anitere,,Flores,,,True,fl,upper,37,Republican,dcc942504433438db894c0e269b6dc4d,http://www.flsenate.gov/userContent/Senators/2012-2014/photos/s037.jpg,2011-03-02 21:41:52.117000,2013-03-01 01:29:42.651000
FLL000022,Arthenia L Joyner,Arthenia,L,Joyner,,,True,fl,upper,19,Democratic,ab31d4513eb44110a032c7439c93b4f2,http://www.flsenate.gov/userContent/Senators/2012-2014/photos/s019.jpg,2011-03-02 21:41:52.155000,2013-03-01 01:29:44.030000
FLL000012,Greg Evers,Greg,,Evers,,,True,fl,upper,2,Republican,3e002f9910b14333847e336e6c6643e9,http://www.flsenate.gov/userContent/Senators/2012-2014/photos/s002.jpg,2011-03-02 21:41:52.113000,2013-03-01 01:29:44.035000
FLL000032,Jeremy Ring,Jeremy,,Ring,,,True,fl,upper,29,Democratic,4f96033427cd41e29edd00c3fc462809,http://www.flsenate.gov/userContent/Senators/2012-2014/photos/s029.jpg,2011-03-02 21:41:52.173000,2013-03-01 01:29:44.119000
FLL000054,Jeffrey Brandes,Jeffrey,,Brandes,,Jeff,True,fl,upper,22,Republican,78178e896e8d4098949d721e673bf0c8,http://www.flsenate.gov/userContent/Senators/2012-2014/photos/s022.jpg,2011-03-02 21:41:52.232000,2013-03-01 01:29:42.648000
