GAL000137,Sistie Hudson,Sistie,,Hudson,,,False,ga,,,,,http://www.house.ga.gov/SiteCollectionImages/HudsonSistie132.jpg,2011-10-07 20:03:11.478000,2013-01-09 00:02:34.186000
GAL000220,Gloria Tinubu,Gloria,,Tinubu,,,False,ga,,,,,http://www1.legis.ga.gov/legis/2011_12/house/images/members_web_images/tinubuGloria.jpg,2011-10-07 20:03:12.368000,2013-01-09 00:02:34.286000
GAL000065,Timothy Bearden,Timothy,,Bearden,,,False,ga,,,,d0e47df3e6b54cc7b7b178e73f71a785,http://www1.legis.ga.gov/legis/2011_12/house/images/members_web_images/beardenTim.jpg,2011-10-07 20:03:10.628000,2013-01-09 00:02:34.380000
GAL000039,Miriam Paris,Miriam,,Paris,,,False,ga,,,,21516a9afd2e41359439901d5ac442c2,http://www.senate.ga.gov/SiteCollectionImages/ParisMiriam794.jpg,2011-10-07 20:03:10.337000,2013-01-09 00:02:34.370000
GAL000015,Greg Goggans,Greg,,Goggans,,,False,ga,,,,7e7bb17a79554ea4b9574f832769079f,http://www.senate.ga.gov/SiteCollectionImages/GoggansGreg13.jpg,2011-10-07 20:03:10.016000,2013-01-09 00:02:34.374000
GAL000025,George Hooks,George,,Hooks,,,False,ga,,,,fcbc501c8ca84bbaabfd9ff359e214ca,http://www.senate.ga.gov/SiteCollectionImages/HooksGeorge24.jpg,2011-10-07 20:03:10.151000,2013-01-09 00:02:34.377000
GAL000018,Johnny Grant,Johnny,,Grant,,,False,ga,,,,542aa84cd2c14547b8d1805875b6a988,http://www.senate.ga.gov/SiteCollectionImages/GrantJohnny15.jpg,2011-10-07 20:03:10.047000,2013-01-09 00:02:34.118000
GAL000041,Chip Rogers,Chip,,Rogers,,,False,ga,,,,f0b79ad0e1904036b8a0e2c87e50202a,http://www.senate.ga.gov/SiteCollectionImages/RogersChip38.jpg,2011-10-07 20:03:10.362000,2013-01-14 16:13:11.284000
GAL000047,Doug Stoner,Doug,,Stoner,,,False,ga,,,,5f32d9f9665741f580e462c6f74afb7d,http://www.senate.ga.gov/SiteCollectionImages/StonerDoug45.jpg,2011-10-07 20:03:10.426000,2013-01-09 00:02:34.379000
GAL000126,Keith Heard,Keith,,Heard,,,False,ga,,,,b59b03f255514350a13f697185254a58,http://www1.legis.ga.gov/legis/2011_12/house/images/members_web_images/heardKeith.jpg,2011-10-07 20:03:11.360000,2013-01-09 00:02:34.299000
GAL000019,Bill Hamrick,Bill,,Hamrick,,,False,ga,,,,43e501ec90f34f98a9f1c89ff17bfd10,http://www.senate.ga.gov/SiteCollectionImages/HamrickBill16.jpg,2011-10-07 20:03:10.057000,2013-01-09 00:02:34.107000
GAL000055,Roberta Abdul-Salaam,Roberta,,Abdul-Salaam,,,False,ga,,,,0f186af7f9784c1aa7cb18fcb98dc215,,2011-10-07 20:03:10.510000,2013-01-09 00:02:34.123000
GAL000058,Amos Amerson,Amos,,Amerson,,,False,ga,,,,e0875322a7f6445c834297669ac511e6,http://www.house.ga.gov/SiteCollectionImages/AmersonAmos59.jpg,2011-10-07 20:03:10.541000,2013-01-09 00:02:34.124000
GAL000059,Lee Anderson,Lee,,Anderson,,,False,ga,,,,67108a038fe94c94bb8d664115af228a,,2011-10-07 20:03:10.552000,2013-01-09 00:02:34.125000
GAL000060,Kathy Ashe,Kathy,,Ashe,,,False,ga,,,,e2e2069271b04afaa80837de4ca5fec4,http://www.house.ga.gov/SiteCollectionImages/AsheKathy60.jpg,2011-10-07 20:03:10.563000,2013-01-09 00:02:34.126000
GAL000063,Glenn Baker,Glenn,,Baker,,,False,ga,,,,cc0d494dfd084a84b64a5196c941ebc5,http://www1.legis.ga.gov/legis/2011_12/house/images/members_web_images/bakerGlenn.jpg,2011-10-07 20:03:10.607000,2013-01-09 00:02:34.127000
GAL000068,Stephanie Stuckey Benfield,Stephanie Stuckey,,Benfield,,,False,ga,,,,846beae2f80d47d5885bb12b9c59b18b,http://www1.legis.ga.gov/legis/2011_12/house/images/members_web_images/benfieldStephanie.jpg,2011-10-07 20:03:10.665000,2013-01-09 00:02:34.129000
GAL000079,Charlice Byrd,Charlice,,Byrd,,,False,ga,,,,18bc87c35f654d198dd6c46b8377578a,http://www1.legis.ga.gov/legis/2011_12/house/images/members_web_images/byrdCharlice.jpg,2011-10-07 20:03:10.783000,2013-01-09 00:02:34.138000
GAL000087,Doug Collins,Doug,,Collins,,,False,ga,,,,f61c8fc05084460899d54714b57aead0,http://www1.legis.ga.gov/legis/2011_12/house/images/members_web_images/collinsDoug.jpg,2011-10-07 20:03:10.869000,2013-01-09 00:02:34.143000
GAL000091,Rick Crawford,Rick,,Crawford,,,False,ga,,,,b9e5fd678bce4d98baa9dfa5ae33ccaa,http://www1.legis.ga.gov/legis/2011_12/house/images/members_web_images/crawfordRick.jpg,2011-10-07 20:03:10.910000,2013-01-09 00:02:34.146000
GAL000092,Steve Davis,Steve,,Davis,,,False,ga,,,,6374977c48a34ff9bd3446fe8add79b9,http://www1.legis.ga.gov/legis/2011_12/house/images/members_web_images/davisSteve.jpg,2011-10-07 20:03:10.920000,2013-01-09 00:02:34.147000
GAL000098,Elly Dobbs,Elly,,Dobbs,,,False,ga,,,,fc8b07e87d8d4b7399697b3f2a8b1313,http://www1.legis.ga.gov/legis/2011_12/house/images/members_web_images/dobbsElly.jpg,2011-10-07 20:03:10.987000,2013-01-09 00:02:34.151000
GAL000119,Bob Hanner,Bob,,Hanner,,,False,ga,,,,d7ef658ac4684bd88ff3ee62033dcbea,http://www1.legis.ga.gov/legis/2011_12/house/images/members_web_images/hannerBob.jpg,2011-10-07 20:03:11.288000,2013-01-09 00:02:34.171000
GAL000122,Michael Harden,Michael,,Harden,,,False,ga,,,,5038837d4a094a56a5a9d56b99c7e67d,http://www1.legis.ga.gov/legis/2011_12/house/images/members_web_images/hardenMichael.jpg,2011-10-07 20:03:11.319000,2013-01-09 00:02:34.175000
GAL000125,Mark Hatfield,Mark,,Hatfield,,,False,ga,,,,c0a8d64d062c4be78965f38e512beb71,http://www1.legis.ga.gov/legis/2011_12/house/images/members_web_images/hatfieldMark.jpg,2011-10-07 20:03:11.350000,2013-01-09 00:02:34.177000
GAL000127,Joe Heckstall,Joe,,Heckstall,,,False,ga,,,,23e50672c7b840aea8209c0f72a5f683,http://www1.legis.ga.gov/legis/2011_12/house/images/members_web_images/heckstallJoe.jpg,2011-10-07 20:03:11.371000,2013-01-09 00:02:34.178000
GAL000128,Bill Hembree,Bill,,Hembree,,,False,ga,,,,557b3e5c193a4e579312b0d72eac4454,http://www1.legis.ga.gov/legis/2011_12/house/images/members_web_images/hembreeBill.jpg,2011-10-07 20:03:11.381000,2013-01-09 00:02:34.179000
GAL000134,Billy Horne,Billy,,Horne,,,False,ga,,,,997f875eaa8e43a6a2a230288f0e9cf3,http://www1.legis.ga.gov/legis/2011_12/house/images/members_web_images/horneBilly.jpg,2011-10-07 20:03:11.447000,2013-01-09 00:02:34.185000
GAL000141,Lynmore James,Lynmore,,James,,,False,ga,,,,091708bedb8d43db80881287c9d80f46,http://www1.legis.ga.gov/legis/2011_12/house/images/members_web_images/jamesLynmore.jpg,2011-10-07 20:03:11.521000,2013-01-09 00:02:34.189000
GAL000143,Sean Jerguson,Sean,,Jerguson,,,False,ga,,,,ef2884df898c41c4889ca663f141b676,http://www1.legis.ga.gov/legis/2011_12/house/images/members_web_images/jergusonSean.jpg,2011-10-07 20:03:11.541000,2013-01-09 00:02:34.194000
GAL000144,Terry Johnson,Terry,,Johnson,,,False,ga,,,,4984676b9599404e808cc5d634a2f576,http://www1.legis.ga.gov/legis/2011_12/house/images/members_web_images/johnsonTerry.jpg,2011-10-07 20:03:11.552000,2013-01-09 00:02:34.195000
GAL000152,Roger Lane,Roger,,Lane,,,False,ga,,,,0f9bcb837a0143eba9ef776508b66f9a,http://www1.legis.ga.gov/legis/2011_12/house/images/members_web_images/laneRoger.jpg,2011-10-07 20:03:11.636000,2013-01-09 00:02:34.201000
GAL000154,Ralph Long,Ralph,,Long,,,False,ga,,,,4c39aca521c147d0907c9ea5994b7412,http://www1.legis.ga.gov/legis/2011_12/house/images/members_web_images/longRalph.jpg,2011-10-07 20:03:11.657000,2013-01-09 00:02:34.202000
GAL000155,Billy Maddox,Billy,,Maddox,,,False,ga,,,,609c35498d1745988f20f6ef55a5320d,http://www1.legis.ga.gov/legis/2011_12/house/images/members_web_images/maddoxBilly.jpg,2011-10-07 20:03:11.667000,2013-01-09 00:02:34.203000
GAL000156,Gene Maddox,Gene,,Maddox,,,False,ga,,,,44cda91a73274054a7de89fb4fd57e32,http://www1.legis.ga.gov/legis/2011_12/house/images/members_web_images/maddoxGene.jpg,2011-10-07 20:03:11.678000,2013-01-09 00:02:34.204000
GAL000157,Judy Manning,Judy,,Manning,,,False,ga,,,,d8dc2861caee4ee4a418f4ee8ad89f64,http://www1.legis.ga.gov/legis/2011_12/house/images/members_web_images/manningJudy.jpg,2011-10-07 20:03:11.688000,2013-01-09 00:02:34.205000
GAL000162,Tony McBrayer,Tony,,McBrayer,,,False,ga,,,,a2c49d4ea9ad4901a4bf28695ce95a41,http://www1.legis.ga.gov/legis/2011_12/house/images/members_web_images/mcbrayerTony.jpg,2011-10-07 20:03:11.740000,2013-01-09 00:02:34.209000
GAL000164,Doug McKillip,Doug,,McKillip,,,False,ga,,,,60bd0e2b399e4a7c8ebdd7789e692268,http://www1.legis.ga.gov/legis/2011_12/house/images/members_web_images/mckillipDoug.jpg,2011-10-07 20:03:11.761000,2013-01-09 00:02:34.211000
GAL000166,James Mills,James,,Mills,,,False,ga,,,,59e7fe8c3cde49d8bd8a6e2b048e5937,http://www1.legis.ga.gov/legis/2011_12/house/images/members_web_images/millsJames.jpg,2011-10-07 20:03:11.782000,2013-01-09 00:02:34.212000
GAL000173,Yasmin Neal,Yasmin,,Neal,,,False,ga,,,,80f79ae9baab4269aeb88efdd20ed791,http://www1.legis.ga.gov/legis/2011_12/house/images/members_web_images/nealYasmin.jpg,2011-10-07 20:03:11.856000,2013-01-09 00:02:34.217000
GAL000179,Elena Parent,Elena,,Parent,,,False,ga,,,,ce13b152ca7643a9b1546daf6985ff4b,http://www1.legis.ga.gov/legis/2011_12/house/images/members_web_images/parentElena.jpg,2011-10-07 20:03:11.935000,2013-01-09 00:02:34.220000
GAL000186,Ann Purcell,Ann,,Purcell,,,False,ga,,,,734707d8e5164891940319e85676a7cd,http://www1.legis.ga.gov/legis/2011_12/house/images/members_web_images/purcellAnn.jpg,2011-10-07 20:03:12.009000,2013-01-09 00:02:34.230000
GAL000190,Barbara Massey Reece,Barbara Massey,,Reece,,,False,ga,,,,fc2ca14ccf3b4275bf6ee2570a0ac5a2,http://www1.legis.ga.gov/legis/2011_12/house/images/members_web_images/reeceBarbaraMassey.jpg,2011-10-07 20:03:12.051000,2013-01-09 00:02:34.232000
GAL000196,Martin Scott,Martin,,Scott,,,False,ga,,,,25fda908a7b74a6283eb3b11c91165d0,http://www1.legis.ga.gov/legis/2011_12/house/images/members_web_images/scottMartin.jpg,2011-10-07 20:03:12.113000,2013-01-09 00:02:34.236000
GAL000204,Kip Smith,Kip,,Smith,,,False,ga,,,,b1f746f771084223b4762dfce4ad232d,http://www1.legis.ga.gov/legis/2011_12/house/images/members_web_images/smithKip.jpg,2011-10-07 20:03:12.198000,2013-01-09 00:02:34.264000
GAL000207,Tommy Smith,Tommy,,Smith,,,False,ga,,,,9dd05dfe1c904e1ca4f5106344c88496,http://www1.legis.ga.gov/legis/2011_12/house/images/members_web_images/smithTommy.jpg,2011-10-07 20:03:12.229000,2013-01-09 00:02:34.273000
GAL000216,Rashad Taylor,Rashad,,Taylor,,,False,ga,,,,90447e55a2ae478a8bfaaa5be9843128,http://www1.legis.ga.gov/legis/2011_12/house/images/members_web_images/taylorRashad.jpg,2011-10-07 20:03:12.324000,2013-01-09 00:02:34.284000
GAL000221,Len Walker,Len,,Walker,,,False,ga,,,,2e9b5376a57a4aaeb8e8e5d7aae895ba,http://www1.legis.ga.gov/legis/2011_12/house/images/members_web_images/walkerlen.jpg,2011-10-07 20:03:12.378000,2013-01-09 00:02:34.287000
GAL000231,Roger Williams,Roger,,Williams,,,False,ga,,,,b53177c59688476b88ead4f7a64ff997,http://www1.legis.ga.gov/legis/2011_12/house/images/members_web_images/williamsRoger.jpg,2011-10-07 20:03:12.483000,2013-01-09 00:02:34.292000
GAL000004,John Bulloch,John,,Bulloch,,,False,ga,,,,593370c44ba8499ea7507cdbc5ede467,http://www.senate.ga.gov/SiteCollectionImages/BullochJohn4.jpg,2011-10-07 20:03:09.888000,2013-02-12 14:49:24.076000
GAL000062,Rick Austin,Rick,,Austin,,,False,ga,lower,,,639731809ece4723a5b5919fb389521b,http://www1.legis.ga.gov/legis/2011_12/house/images/members_web_images/austinRick.jpg,2011-10-07 20:03:10.584000,2012-12-07 14:57:45.744000
GAL000061,Alex Atwood,Alex,,Atwood,,,True,ga,lower,179,Republican,dc003d25e90f4d2786fce0377c71784f,http://www.house.ga.gov/SiteCollectionImages/AtwoodAlex788.jpg,2011-10-07 20:03:10.573000,2013-03-01 00:28:22.962000
GAL000217,Tom Taylor,Tom,,Taylor,,,True,ga,lower,79,Republican,29da4618c86845189aa53704fb40bf0d,http://www.house.ga.gov/SiteCollectionImages/TaylorTom767.jpg,2011-10-07 20:03:12.334000,2013-03-01 00:28:22.898000
GAL000326,Ronnie Mabra,Ronnie,,Mabra,,,True,ga,lower,63,Democratic,9c62f8e4f28148c197059ab857409085,http://www.house.ga.gov/SiteCollectionImages/MabraRonnie827.jpg,2013-01-09 00:02:32.858000,2013-03-01 00:28:22.088000
GAL000256,"Johnnie Caldwell, Jr.",Johnnie,,"Caldwell, Jr.",,,True,ga,lower,131,Republican,88d340b6ea2340aebdc98096ca88fe68,"http://www.house.ga.gov/SiteCollectionImages/Caldwell, Jr.Johnnie813.jpg",2013-01-09 00:02:31.691000,2013-03-01 00:28:21.426000
GAL000271,Demetrius Douglas,Demetrius,,Douglas,,,True,ga,lower,78,Democratic,,http://www.house.ga.gov/SiteCollectionImages/DouglasDemetrius817.jpg,2013-01-09 00:02:31.952000,2013-03-01 00:28:21.435000
GAL000105,Terry England,Terry,,England,,,True,ga,lower,116,Republican,c02d22f0ad8c445fa201c634e09bc153,http://www.house.ga.gov/SiteCollectionImages/EnglandTerry98.jpg,2011-10-07 20:03:11.059000,2013-03-01 00:28:23.046000
GAL000243,Timothy Barr,Timothy,,Barr,,,True,ga,lower,103,Republican,757cbea742ea4b629ff660d2e0bbbbd6,http://www.house.ga.gov/SiteCollectionImages/BarrTimothy809.jpg,2013-01-09 00:02:31.516000,2013-03-01 00:28:22.078000
GAL000325,Eddie Lumsden,Eddie,,Lumsden,,,True,ga,lower,12,Republican,,http://www.house.ga.gov/SiteCollectionImages/LumsdenEddie826.jpg,2013-01-09 00:02:32.850000,2013-03-01 00:28:22.241000
GAL000113,Pat Gardner,Pat,,Gardner,,,True,ga,lower,57,Democratic,857054f1156d42d3b95daf0b11ea8832,http://www.house.ga.gov/SiteCollectionImages/GardnerPat109.jpg,2011-10-07 20:03:11.224000,2013-03-01 00:28:21.263000
GAL000350,Dale Rutledge,Dale,,Rutledge,,,True,ga,lower,109,Republican,05670c93ed72447abe7ebcf0ae7ee418,http://www.house.ga.gov/SiteCollectionImages/RutledgeRoger830.jpg,2013-01-09 00:02:33.235000,2013-03-01 00:28:21.748000
GAL000147,Darryl Jordan,Darryl,,Jordan,,,True,ga,lower,77,Democratic,4e49d3f1e2ea49d8a31889b2b241a55b,http://www.house.ga.gov/SiteCollectionImages/JordanDarryl144.jpg,2011-10-07 20:03:11.583000,2013-03-01 00:28:22.050000
GAL000178,B.J. Pak,B.J.,,Pak,,,True,ga,lower,108,Republican,e31d9edb52e346ffb171e6c24d7be510,http://www.house.ga.gov/SiteCollectionImages/PakB.J.774.jpg,2011-10-07 20:03:11.908000,2013-03-01 00:28:22.919000
GAL000242,Mandi L.  Ballinger,Mandi,,Ballinger,,,True,ga,lower,23,Republican,,http://www.house.ga.gov/SiteCollectionImages/BallingerMandi808.jpg,2013-01-09 00:02:31.509000,2013-03-01 00:28:22.929000
GAL000291,Micah Gravley,Micah,,Gravley,,,True,ga,lower,67,Republican,,http://www.house.ga.gov/SiteCollectionImages/GravleyMicah821.jpg,2013-01-09 00:02:32.388000,2013-03-01 00:28:22.939000
GAL000282,Barry Fleming,Barry,,Fleming,,,True,ga,lower,121,Republican,7d03bdfb31cc4c31a8a27279242893f5,http://www.house.ga.gov/SiteCollectionImages/FlemingBarry101.jpg,2013-01-09 00:02:32.058000,2013-03-01 00:28:23.048000
GAL000320,Tom Kirby,Tom,,Kirby,,,True,ga,lower,114,Republican,3e9bf25e86a44ab89c503800110fa8f4,http://www.house.ga.gov/SiteCollectionImages/KirbyTom802.jpg,2013-01-09 00:02:32.801000,2013-03-01 00:28:23.102000
GAL000383,Scot Turner,Scot,,Turner,,,True,ga,lower,21,Republican,001a63d22b29463aa69749886bf70c04,http://www.house.ga.gov/SiteCollectionImages/TurnerScot842.jpg,2013-02-12 00:13:16.475000,2013-03-01 00:28:22.021000
GAL000138,Carolyn Hugley,Carolyn,,Hugley,,,True,ga,lower,136,Democratic,2f2baeae460f41b5aba056aaf9325b95,http://www.house.ga.gov/SiteCollectionImages/HugleyCarolyn133.jpg,2011-10-07 20:03:11.488000,2013-03-01 00:28:21.086000
GAL000259,Joyce Chandler,Joyce,,Chandler,,,True,ga,lower,105,Republican,479eee9b054c4190812091540273652f,http://www.house.ga.gov/SiteCollectionImages/ChandlerJoyce815.jpg,2013-01-09 00:02:31.778000,2013-03-01 00:28:22.974000
GAL000074,Tyrone Brooks,Tyrone,,Brooks,,,True,ga,lower,55,Democratic,b9be1706e2884ca8bff266aa082a288c,http://www.house.ga.gov/SiteCollectionImages/BrooksTyrone68.jpg,2011-10-07 20:03:10.729000,2013-03-01 00:28:22.778000
GAL000085,Valerie Clark,Valerie,,Clark,,,True,ga,lower,101,Republican,d071cf18b7b4469ba8d9227bd5049b03,http://www.house.ga.gov/SiteCollectionImages/ClarkValerie775.jpg,2011-10-07 20:03:10.846000,2013-03-01 00:28:21.626000
GAL000066,Sharon Beasley-Teague,Sharon,,Beasley-Teague,,,True,ga,lower,65,Democratic,fc969d63c44b4e4e95831d8ef2188e3c,http://www.house.ga.gov/SiteCollectionImages/Beasley-TeagueSharon63.jpg,2011-10-07 20:03:10.644000,2013-03-01 00:28:21.497000
GAL000233,John Yates,John,,Yates,,,True,ga,lower,73,Republican,f2826995d3834e518b940ac46de5a04e,http://www.house.ga.gov/SiteCollectionImages/YatesJohn235.jpg,2011-10-07 20:03:12.504000,2013-03-01 00:28:21.530000
GAL000081,David Casas,David,,Casas,,,True,ga,lower,107,Republican,a94c433ea0e64deea6806330ec658882,http://www.house.ga.gov/SiteCollectionImages/CasasDavid78.jpg,2011-10-07 20:03:10.804000,2013-03-01 00:28:20.898000
GAL000244,Karen Bennett,Karen,,Bennett,,,True,ga,lower,94,Democratic,02a60c4e8ae8409d870113110d321b34,http://www.house.ga.gov/SiteCollectionImages/BennettKaren810.jpg,2013-01-09 00:02:31.544000,2013-03-01 00:28:22.767000
GAL000212,Pam Stephenson,Pam,,Stephenson,,,True,ga,lower,90,Democratic,fd8499bec6b64e51b37169ba8bcda4f5,http://www.house.ga.gov/SiteCollectionImages/StephensonPam220.jpg,2011-10-07 20:03:12.283000,2013-03-01 00:28:22.094000
GAL000150,"E. Culver ""Rusty"" Kidd","E. Culver ""Rusty""",,Kidd,,,True,ga,lower,145,Independent,c3dd0b41d6d64a8785afa0d1e064ac71,http://www.house.ga.gov/SiteCollectionImages/KiddRusty742.jpg,2011-10-07 20:03:11.615000,2013-03-01 00:28:23.199000
GAL000171,Quincy Murphy,Quincy,,Murphy,,,True,ga,lower,127,Democratic,b44a54c4968b449e93e8f84487f126a9,http://www.house.ga.gov/SiteCollectionImages/MurphyQuincy177.jpg,2011-10-07 20:03:11.835000,2013-03-01 00:28:21.295000
GAL000192,Lynne Riley,Lynne,,Riley,,,True,ga,lower,50,Republican,d2083fb1eebf437a9d608d93febcd1ca,http://www.house.ga.gov/SiteCollectionImages/RileyLynne763.jpg,2011-10-07 20:03:12.071000,2013-03-01 00:28:22.361000
GAL000285,Spencer Frye,Spencer,,Frye,,,True,ga,lower,118,Democratic,6c21ceb9a0c448e0bcbcac49514f4386,http://www.house.ga.gov/SiteCollectionImages/FryeSpencer819.jpg,2013-01-09 00:02:32.106000,2013-03-01 00:28:22.040000
GAL000235,Terry Rogers,Terry,,Rogers,,,True,ga,lower,10,Republican,eabe8afb6dfb408f875f45330c41dd98,http://www.house.ga.gov/SiteCollectionImages/RogersTerry796.jpg,2011-11-19 00:06:37.721000,2013-03-01 00:28:22.830000
GAL000314,LaDawn Jones,LaDawn,,Jones,,,True,ga,lower,62,Democratic,35f9425de4a84d5f8710b27e59230940,http://www.house.ga.gov/SiteCollectionImages/JonesLaDawn824.jpg,2013-01-09 00:02:32.712000,2013-03-01 00:28:23.197000
GAL000241,Tonya Anderson,Tonya,,Anderson,,,True,ga,lower,92,Democratic,cbf26df22c1a46028b84c2d67955f863,http://www.house.ga.gov/SiteCollectionImages/AndersonTonya807.jpg,2013-01-09 00:02:31.478000,2013-03-01 00:28:21.793000
GAL000123,Brett Harrell,Brett,,Harrell,,,True,ga,lower,106,Republican,35b7b36389d4422684a20559c7b26f4b,http://www.house.ga.gov/SiteCollectionImages/HarrellBrett776.jpg,2011-10-07 20:03:11.329000,2013-03-01 00:28:22.028000
GAL000136,Wayne Howard,"Henry ""Wayne""",,Howard,,,True,ga,lower,124,Democratic,,http://www.house.ga.gov/SiteCollectionImages/HowardWayne131.jpg,2011-10-07 20:03:11.467000,2013-03-01 00:28:22.995000
GAL000208,Calvin Smyre,Calvin,,Smyre,,,True,ga,lower,135,Democratic,85a1c450745a4407bbda722dfa3ca280,http://www.house.ga.gov/SiteCollectionImages/SmyreCalvin216.jpg,2011-10-07 20:03:12.239000,2013-03-01 00:28:21.221000
GAL000108,Stacey Evans,Stacey,,Evans,,,True,ga,lower,42,Democratic,8da7cad0a90f46e88c3ed3a4466ecb47,http://www.house.ga.gov/SiteCollectionImages/EvansStacey762.jpg,2011-10-07 20:03:11.172000,2013-03-01 00:28:22.982000
GAL000366,"""Able"" Mable Thomas","""Able"" Mable",,Thomas,,,True,ga,lower,56,Democratic,,http://www.house.ga.gov/SiteCollectionImages/ThomasMable224.jpg,2013-01-09 00:02:33.563000,2013-03-01 00:28:22.904000
GAL000107,Carl Von Epps,Carl,,Epps,,,True,ga,lower,132,Democratic,4ef76dd7dd454a1e889a0c76eb16410d,http://www.house.ga.gov/SiteCollectionImages/EppsCarl99.jpg,2011-10-07 20:03:11.158000,2013-03-01 00:28:21.731000
GAL000240,Kimberly Alexander,Kimberly,,Alexander,,,True,ga,lower,66,Democratic,310203d6434e40c3bc9784ed565249f6,http://www.house.ga.gov/SiteCollectionImages/AlexanderKimberly806.jpg,2013-01-09 00:02:31.463000,2013-03-01 00:28:22.076000
GAL000225,David Wilkerson,David,,Wilkerson,,,True,ga,lower,38,Democratic,ce2440ec36d04beba421defd2a556f55,http://www.house.ga.gov/SiteCollectionImages/WilkersonDavid760.jpg,2011-10-07 20:03:12.421000,2013-03-01 00:28:23.028000
GAL000360,Valencia Stovall,Valencia,,Stovall,,,True,ga,lower,74,Democratic,d72fb86cecb747819641543bfe1e1998,http://www.house.ga.gov/SiteCollectionImages/StovallValencia834.jpg,2013-01-09 00:02:33.474000,2013-03-01 00:28:23.114000
GAL000099,Matt Dollar,Matt,,Dollar,,,True,ga,lower,45,Republican,806b1f7989ff46fd982fc026a131c177,http://www.house.ga.gov/SiteCollectionImages/DollarMatt94.jpg,2011-10-07 20:03:10.997000,2013-03-01 00:28:21.506000
GAL000234,John Carson,John,,Carson,,,True,ga,lower,46,Republican,fc5a97a22bd5415d91715310362583ed,http://www.house.ga.gov/SiteCollectionImages/CarsonJohn795.jpg,2011-11-04 00:07:47.600000,2013-03-01 00:28:22.109000
GAL000301,Dustin Hightower,Dustin,,Hightower,,,True,ga,lower,68,Republican,f97c75aa53ec4bbb89813989ea581f88,http://www.house.ga.gov/SiteCollectionImages/HightowerDustin800.jpg,2013-01-09 00:02:32.515000,2013-03-01 00:28:22.921000
GAL000057,Stephen Allison,Stephen,,Allison,,,True,ga,lower,8,Republican,744f983259cd41c19f929386a61f9db4,http://www.house.ga.gov/SiteCollectionImages/AllisonStephen726.jpg,2011-10-07 20:03:10.531000,2013-03-01 00:28:22.967000
GAL000228,Al Williams,Al,,Williams,,,True,ga,lower,168,Democratic,cb231939ec984237b1756b9b65a489e2,http://www.house.ga.gov/SiteCollectionImages/WilliamsAl230.jpg,2011-10-07 20:03:12.452000,2013-03-01 00:28:22.909000
GAL000075,Roger Bruce,Roger,,Bruce,,,True,ga,lower,61,Democratic,10a06b3e21554d5db8845733828d5e3c,http://www.house.ga.gov/SiteCollectionImages/BruceRoger69.jpg,2011-10-07 20:03:10.739000,2013-03-01 00:28:23.077000
GAL000148,Margaret Kaiser,Margaret,,Kaiser,,,True,ga,lower,59,Democratic,9a330487ab264b6c8c5ac3599c38fa07,http://www.house.ga.gov/SiteCollectionImages/KaiserMargaret145.jpg,2011-10-07 20:03:11.593000,2013-03-01 00:28:21.677000
GAL000367,Keisha Waites,Keisha,,Waites,,,True,ga,lower,60,Democratic,407c557251db4862b46716e8f967bcc9,http://www.house.ga.gov/SiteCollectionImages/WaitesKeisha801.jpg,2013-01-09 00:02:33.632000,2013-03-01 00:28:23.021000
GAL000230,"Earnest ""Coach"" Williams","Earnest ""Coach""",,Williams,,,True,ga,lower,87,Democratic,17b4be42d04c45b4828fbd4ca0773edd,http://www.house.ga.gov/SiteCollectionImages/WilliamsEarnest231.jpg,2011-10-07 20:03:12.473000,2013-03-01 00:28:22.205000
GAL000067,Simone Bell,Simone,,Bell,,,True,ga,lower,58,Democratic,a819136600a64fe6ad00a108efe6266e,http://www.house.ga.gov/SiteCollectionImages/BellSimone735.jpg,2011-10-07 20:03:10.655000,2013-03-01 00:28:22.970000
GAL000206,Richard H. Smith,Richard,,Smith,,,True,ga,lower,134,Republican,c577132e0dea4fb5a8c3331e059735bd,http://www.house.ga.gov/SiteCollectionImages/SmithRichard213.jpg,2011-10-07 20:03:12.218000,2013-03-01 00:28:21.522000
GAL000293,Charles Gregory,Charles,,Gregory,,,True,ga,lower,34,Republican,791259534acd4aa489c5d39452eefb3b,http://www.house.ga.gov/SiteCollectionImages/GregoryCharles822.jpg,2013-01-09 00:02:32.409000,2013-03-01 00:28:21.808000
GAL000096,Robert Dickey,Robert,,"Dickey, III",,,True,ga,lower,140,Republican,cff91fb774064355be4af3e47609b1b8,"http://www.house.ga.gov/SiteCollectionImages/Dickey, IIIRobert791.jpg",2011-10-07 20:03:10.967000,2013-03-01 00:28:22.116000
GAL000232,Bruce Williamson,Bruce,,Williamson,,,True,ga,lower,115,Republican,52d8b99932e34425a21138b0dc716889,http://www.house.ga.gov/SiteCollectionImages/WilliamsonBruce778.jpg,2011-10-07 20:03:12.494000,2013-03-01 00:28:21.421000
GAL000361,Brian Strickland,Brian,,Strickland,,,True,ga,lower,111,Republican,,http://www.house.ga.gov/SiteCollectionImages/StricklandBrian835.jpg,2013-01-09 00:02:33.483000,2013-03-01 00:28:22.949000
GAL000088,Kevin Cooke,Kevin,,Cooke,,,True,ga,lower,18,Republican,aeba6d1341c046088806244f2d12b4fc,http://www.house.ga.gov/SiteCollectionImages/CookeKevin757.jpg,2011-10-07 20:03:10.879000,2013-03-01 00:28:22.217000
GAL000199,Jason Shaw,Jason,,Shaw,,,True,ga,lower,176,Republican,,http://www.house.ga.gov/SiteCollectionImages/ShawJason787.jpg,2011-10-07 20:03:12.145000,2013-03-01 00:28:23.112000
GAL000222,Ben Watson,Ben,,Watson,,,True,ga,lower,166,Republican,5a22bdb38a9a410fa6d7f4b3056a4d2f,http://www.house.ga.gov/SiteCollectionImages/WatsonBen784.jpg,2011-10-07 20:03:12.389000,2013-03-01 00:28:21.991000
GAL000069,Tommy Benton,Tommy,,Benton,,,True,ga,lower,31,Republican,adda8e701d8944d6acfdf2048e5fd0ac,http://www.house.ga.gov/SiteCollectionImages/BentonTommy65.jpg,2011-10-07 20:03:10.676000,2013-03-01 00:28:21.250000
GAL000160,Howard Maxwell,Howard,,Maxwell,,,True,ga,lower,17,Republican,01ded0aa81f345909973b0df3b4e14c7,http://www.house.ga.gov/SiteCollectionImages/MaxwellHoward165.jpg,2011-10-07 20:03:11.720000,2013-03-01 00:28:21.714000
GAL000073,Buzz Brockway,Buzz,,Brockway,,,True,ga,lower,102,Republican,68a917703cb9409ca1a7b8eccc0367c8,http://www.house.ga.gov/SiteCollectionImages/BrockwayBuzz773.jpg,2011-10-07 20:03:10.719000,2013-03-01 00:28:22.774000
GAL000287,Dan Gasaway,Dan,,Gasaway,,,True,ga,lower,28,Republican,b121065e0c9144f5931487c36e6ca8d7,http://www.house.ga.gov/SiteCollectionImages/GasawayDan820.jpg,2013-01-09 00:02:32.129000,2013-03-01 00:28:22.042000
GAL000223,Andy Welch,Andrew,,Welch,,,True,ga,lower,110,Republican,61a82f3a89f24c3cb716e1690d18b8e3,http://www.house.ga.gov/SiteCollectionImages/WelchAndrew777.jpg,2011-10-07 20:03:12.400000,2013-03-01 00:28:23.026000
GAL000197,Sandra Scott,Sandra,,Scott,,,True,ga,lower,76,Democratic,4153a90945344b4cbccb3f1bb8f7af9d,http://www.house.ga.gov/SiteCollectionImages/ScottSandra766.jpg,2011-10-07 20:03:12.124000,2013-03-01 00:28:22.011000
GAL000304,Bill Hitchens,Bill,,Hitchens,,,True,ga,lower,161,Republican,dafa497431c34c12af547ce8b84cd033,http://www.house.ga.gov/SiteCollectionImages/HitchensBill823.jpg,2013-01-09 00:02:32.553000,2013-03-01 00:28:22.233000
GAL000170,Howard Mosby,Howard,,Mosby,,,True,ga,lower,83,Democratic,4c7f74bb8b5d426ea9db90cbe0cbb53d,http://www.house.ga.gov/SiteCollectionImages/MosbyHoward175.jpg,2011-10-07 20:03:11.825000,2013-03-01 00:28:21.686000
GAL000317,Trey Kelley,Trey,,Kelley,,,True,ga,lower,16,Republican,a5fe8c6e72ea445dbdd4e6b835dbe259,http://www.house.ga.gov/SiteCollectionImages/KelleyTrey825.jpg,2013-01-09 00:02:32.777000,2013-03-01 00:28:22.086000
GAL000077,Debbie Buckner,Debbie,,Buckner,,,True,ga,lower,137,Democratic,34bfad8904e74436b0f7396fcb4b3cf9,http://www.house.ga.gov/SiteCollectionImages/BucknerDebbie71.jpg,2011-10-07 20:03:10.762000,2013-03-01 00:28:23.126000
GAL000276,Geoff Duncan,Geoff,,Duncan,,,True,ga,lower,26,Republican,560140189344484f979d9a3abef280ce,http://www.house.ga.gov/SiteCollectionImages/DuncanGeoff818.jpg,2013-01-09 00:02:31.992000,2013-03-01 00:28:21.998000
GAL000267,John Deffenbaugh,John,,Deffenbaugh,,,True,ga,lower,1,Republican,94211affd37f45e8bd9548c5a5dbe36c,http://www.house.ga.gov/SiteCollectionImages/DeffenbaughJohn816.jpg,2013-01-09 00:02:31.906000,2013-03-01 00:28:21.729000
GAL000163,Tom McCall,Tom,,McCall,,,True,ga,lower,33,Republican,a353953932ea44ddbc933ca567178063,http://www.house.ga.gov/SiteCollectionImages/McCallTom167.jpg,2011-10-07 20:03:11.751000,2013-03-01 00:28:21.292000
GAL000114,Harry Geisinger,Harry,,Geisinger,,,True,ga,lower,48,Republican,8bb24a3169964c9e8246e74225a97cac,http://www.house.ga.gov/SiteCollectionImages/GeisingerHarry110.jpg,2011-10-07 20:03:11.235000,2013-03-01 00:28:22.354000
GAL000205,Lynn Smith,Lynn,,Smith,,,True,ga,lower,70,Republican,f39b87573db8401b92b0cb4c9b05a9c4,http://www.house.ga.gov/SiteCollectionImages/SmithLynn212.jpg,2011-10-07 20:03:12.208000,2013-03-01 00:28:21.520000
GAL000161,Rahn Mayo,Rahn,,Mayo,,,True,ga,lower,84,Democratic,1fa1569286be426b8e910fc01976e1ac,http://www.house.ga.gov/SiteCollectionImages/MayoRahn730.jpg,2011-10-07 20:03:11.730000,2013-03-01 00:28:21.514000
GAL000101,Mike Dudgeon,Mike,,Dudgeon,,,True,ga,lower,25,Republican,8a9df41f15444293b2e2b591568d361d,http://www.house.ga.gov/SiteCollectionImages/DudgeonMike759.jpg,2011-10-07 20:03:11.018000,2013-03-01 00:28:23.086000
GAL000189,Nikki Randall,Nikki,,Randall,,,True,ga,lower,142,Democratic,140ab873854543a5bbe276cf25a2de5d,http://www.house.ga.gov/SiteCollectionImages/RandallNikki191.jpg,2011-10-07 20:03:12.040000,2013-03-01 00:28:22.943000
GAL000351,Dexter Sharper,Dexter,,Sharper,,,True,ga,lower,177,Democratic,,http://www.house.ga.gov/SiteCollectionImages/SharperDexter831.jpg,2013-01-09 00:02:33.316000,2013-03-01 00:28:23.014000
GAL000288,Mike Glanton,Mike,,Glanton,,,True,ga,lower,75,Democratic,b329efecfafa4cff96d806a5e77cb1af,http://www.house.ga.gov/SiteCollectionImages/GlantonMike111.jpg,2013-01-09 00:02:32.151000,2013-03-01 00:28:22.227000
GAL000218,Sam Teasley,Sam,,Teasley,,,True,ga,lower,37,Republican,168a0cf652ac4c95b8b4dda79e4dc59f,http://www.house.ga.gov/SiteCollectionImages/TeasleySam761.jpg,2011-10-07 20:03:12.344000,2013-03-01 00:28:22.143000
GAL000111,Gloria Frazier,Gloria,,Frazier,,,True,ga,lower,126,Democratic,ab97ec372f2a46d78c1c237e11667091,http://www.house.ga.gov/SiteCollectionImages/FrazierGloria107.jpg,2011-10-07 20:03:11.203000,2013-03-01 00:28:22.223000
GAL000344,Regina Quick,Regina,,Quick,,,True,ga,lower,117,Republican,85477a4929954f39b9131e70f220ed99,http://www.house.ga.gov/SiteCollectionImages/QuickRegina829.jpg,2013-01-09 00:02:33.139000,2013-03-01 00:28:23.011000
GAL000248,Bruce Broadrick,Bruce,,Broadrick,,,True,ga,lower,4,Republican,510484323a2e41cd9283f3f6ceb9af5f,http://www.house.ga.gov/SiteCollectionImages/BroadrickBruce812.jpg,2013-01-09 00:02:31.594000,2013-03-01 00:28:23.040000
GAL000149,Dar’shun Kendrick,Dar'shun,,Kendrick,,,True,ga,lower,93,Democratic,8795cb4cd450491ba5175ea76bdd0051,http://www.house.ga.gov/SiteCollectionImages/KendrickDar'shun770.jpg,2011-10-07 20:03:11.605000,2013-03-01 00:28:23.100000
GAL000245,Patty Bentley,Patty,,Bentley,,,True,ga,lower,139,Democratic,93172b235eb34a54bc696e9dbb306bb2,http://www.house.ga.gov/SiteCollectionImages/BentleyPatty811.jpg,2013-01-09 00:02:31.551000,2013-03-01 00:28:20.857000
GAL000255,Michael Caldwell,Michael,,Caldwell,,,True,ga,lower,20,Republican,89d4d3e3ff55479584b4003f36efb389,http://www.house.ga.gov/SiteCollectionImages/CaldwellMichael814.jpg,2013-01-09 00:02:31.684000,2013-03-01 00:28:22.082000
GAL000355,Michael Smith,Michael,,Smith,,,True,ga,lower,41,Democratic,,http://www.house.ga.gov/SiteCollectionImages/SmithMichael832.jpg,2013-01-09 00:02:33.392000,2013-03-01 00:28:22.092000
GAL000215,Darlene Taylor,Darlene,,Taylor,,,True,ga,lower,173,Republican,a6f1ab0a921143e9b1bec06ee1847ef6,http://www.house.ga.gov/SiteCollectionImages/TaylorDarlene786.jpg,2011-10-07 20:03:12.314000,2013-03-01 00:28:22.213000
GAL000261,Jeff Chapman,Jeff,,Chapman,,,True,ga,lower,167,Republican,aa7d36c6c4024d53b24d8375e3792fb8,http://www.house.ga.gov/SiteCollectionImages/ChapmanJeff8.jpg,2013-01-09 00:02:31.793000,2013-03-01 00:28:22.784000
GAL000191,Tom Rice,Tom,,Rice,,,True,ga,lower,95,Republican,6cbb7fd6f15849e3b39353ee8703025d,http://www.house.ga.gov/SiteCollectionImages/RiceTom194.jpg,2011-10-07 20:03:12.061000,2013-03-01 00:28:21.202000
GAL000341,John David Pezold,John,,Pezold,,,True,ga,lower,133,Republican,,http://www.house.ga.gov/SiteCollectionImages/PezoldJohn828.jpg,2013-01-09 00:02:33.106000,2013-03-01 00:28:23.107000
GAL000275,Emory Dunahoo,Emory,,Dunahoo,,,True,ga,lower,30,Republican,1c7a15a3b1ab453d8116c62d3856efa9,http://www.house.ga.gov/SiteCollectionImages/DunahooEmory797.jpg,2013-01-09 00:02:31.985000,2013-03-01 00:28:23.122000
GAL000187,David Ralston,David,,Ralston,,,True,ga,lower,7,Republican,4c759601c1c749ea8aabe6b45f000d3a,http://www.house.ga.gov/SiteCollectionImages/RalstonDavid189.jpg,2011-10-07 20:03:12.020000,2013-03-01 00:24:56.058000
GAL000364,Kevin Tanner,Kevin,,Tanner,,,True,ga,lower,9,Republican,,http://www.house.ga.gov/SiteCollectionImages/TannerKevin836.jpg,2013-01-09 00:02:33.519000,2013-03-01 00:28:20.553000
GAL000369,Sam Watson,Sam,,Watson,,,True,ga,lower,172,Republican,2d860f3f44fb48e6827369adfd1c48c3,http://www.house.ga.gov/SiteCollectionImages/WatsonSam837.jpg,2013-01-09 00:02:33.659000,2013-03-01 00:28:23.024000
GAL000131,Scott Holcomb,Scott,,Holcomb,,,True,ga,lower,81,Democratic,5980b619bdd440c49236746c132c9456,http://www.house.ga.gov/SiteCollectionImages/HolcombScott769.jpg,2011-10-07 20:03:11.415000,2013-03-01 00:28:22.984000
GAL000142,Rick Jasperse,Rick,,Jasperse,,,True,ga,lower,11,Republican,d1acd96e23c54a778b93fa8c744b89aa,http://www.house.ga.gov/SiteCollectionImages/JasperseRick755.jpg,2011-10-07 20:03:11.531000,2013-03-01 00:28:21.673000
GAL000299,Lee Hawkins,Lee,,Hawkins,,,True,ga,lower,27,Republican,7fa179f333954f7f8b1eb746d11632b6,http://www.house.ga.gov/SiteCollectionImages/HawkinsLee19.jpg,2013-01-09 00:02:32.474000,2013-03-01 00:28:21.650000
GAL000224,Tom Weldon,Tom,,Weldon,,,True,ga,lower,3,Republican,2bf0910b85fc43578fb61d7c02c7ed2a,http://www.house.ga.gov/SiteCollectionImages/WeldonTom732.jpg,2011-10-07 20:03:12.410000,2013-03-01 00:28:22.960000
GAL000076,Bob Bryant,Bob,,Bryant,,,True,ga,lower,162,Democratic,26b10a1b38dc4617acc0aae0cb470230,http://www.house.ga.gov/SiteCollectionImages/BryantBob70.jpg,2011-10-07 20:03:10.752000,2013-03-01 00:28:23.042000
GAL000214,Jan Tankersley,Jan,,Tankersley,,,True,ga,lower,160,Republican,a964377f2d1a42e2be9631b3000154f3,http://www.house.ga.gov/SiteCollectionImages/TankersleyJan783.jpg,2011-10-07 20:03:12.303000,2013-03-01 00:28:20.300000
GAL000219,Brian Thomas,Brian,,Thomas,,,True,ga,lower,100,Democratic,57ecaa92d4ef4b05a899d6db2ac36758,http://www.house.ga.gov/SiteCollectionImages/ThomasBrian223.jpg,2011-10-07 20:03:12.358000,2013-03-01 00:28:20.556000
GAL000184,Jay Powell,Jay,,Powell,,,True,ga,lower,171,Republican,446c7a1e6fcb433891481d1be97e30b8,http://www.house.ga.gov/SiteCollectionImages/PowellJay728.jpg,2011-10-07 20:03:11.986000,2013-03-01 00:28:20.804000
GAL000086,Brooks Coleman,Brooks,,Coleman,,,True,ga,lower,97,Republican,e0985a1fd53047e5a2ddc7abaa179674,http://www.house.ga.gov/SiteCollectionImages/ColemanBrooks84.jpg,2011-10-07 20:03:10.858000,2013-03-01 00:28:20.867000
GAL000177,Larry O’Neal,Larry,,O`Neal,,,True,ga,lower,146,Republican,c08cf8e096dc476c868c768d432ad06c,http://www.house.ga.gov/SiteCollectionImages/O`NealLarry180.jpg,2011-10-07 20:03:11.897000,2013-03-01 00:28:21.191000
GAL000193,Jay Roberts,Jay,,Roberts,,,True,ga,lower,155,Republican,41eb79720acd4262b179463dbc98cb03,http://www.house.ga.gov/SiteCollectionImages/RobertsJay195.jpg,2011-10-07 20:03:12.082000,2013-03-01 00:28:21.238000
GAL000106,Bubber Epps,Bubber,,Epps,,,True,ga,lower,144,Republican,a5d7f38de75949019a8c2e4c171fc7e5,http://www.house.ga.gov/SiteCollectionImages/EppsJames733.jpg,2011-10-07 20:03:11.147000,2013-03-01 00:28:21.243000
GAL000202,Chuck Sims,Chuck,,Sims,,,True,ga,lower,169,Republican,884fdbadc63c452b9e5c307b87f4df38,http://www.house.ga.gov/SiteCollectionImages/SimsChuck208.jpg,2011-10-07 20:03:12.177000,2013-03-01 00:28:21.408000
GAL000071,Ellis Black,Ellis,,Black,,,True,ga,lower,174,Republican,59425bda2103426187e2d8f20e59f565,http://www.house.ga.gov/SiteCollectionImages/BlackEllis66.jpg,2011-10-07 20:03:10.697000,2013-03-01 00:28:21.499000
GAL000145,Jan Jones,Jan,,Jones,,,True,ga,lower,47,Republican,53a3f047591e4447a4feded086134e92,http://www.house.ga.gov/SiteCollectionImages/JonesJan142.jpg,2011-10-07 20:03:11.562000,2013-03-01 00:28:21.512000
GAL000195,Ed Rynders,Ed,,Rynders,,,True,ga,lower,152,Republican,11957039e9744b489d22ee0c2d23443c,http://www.house.ga.gov/SiteCollectionImages/RyndersEd198.jpg,2011-10-07 20:03:12.103000,2013-03-01 00:28:21.540000
GAL000194,Carl Rogers,Carl,,Rogers,,,True,ga,lower,29,Republican,0b4ecc8295f24acaa8d3e417ad6af554,http://www.house.ga.gov/SiteCollectionImages/RogersCarl196.jpg,2011-10-07 20:03:12.092000,2013-03-01 00:28:21.699000
GAL000210,Mickey Stephens,Mickey,,Stephens,,,True,ga,lower,165,Democratic,,http://www.house.ga.gov/SiteCollectionImages/StephensMickey743.jpg,2011-10-07 20:03:12.262000,2013-03-01 00:28:21.750000
GAL000229,Chuck Williams,Chuck,,Williams,,,True,ga,lower,119,Republican,9edb3efc02914c059416977d8db9be94,http://www.house.ga.gov/SiteCollectionImages/WilliamsChuck792.jpg,2011-10-07 20:03:12.462000,2013-03-01 00:28:21.830000
GAL000169,Greg Morris,Greg,,Morris,,,True,ga,lower,156,Republican,38bc8999c8c74c9ca3b5b7367a2fa537,http://www.house.ga.gov/SiteCollectionImages/MorrisGreg174.jpg,2011-10-07 20:03:11.815000,2013-03-01 00:28:22.090000
GAL000181,Don Parsons,Don,,Parsons,,,True,ga,lower,44,Republican,37d57d2d55d64629ab7a9c2da6907e9f,http://www.house.ga.gov/SiteCollectionImages/ParsonsDon184.jpg,2011-10-07 20:03:11.955000,2013-03-01 00:28:22.105000
GAL000112,Carol Fullerton,Carol,,Fullerton,,,True,ga,lower,153,Democratic,f5a762f003ec44519f1a399992a773da,http://www.house.ga.gov/SiteCollectionImages/FullertonCarol737.jpg,2011-10-07 20:03:11.214000,2013-03-01 00:28:22.125000
GAL000120,Ben Harbin,Ben,,Harbin,,,True,ga,lower,122,Republican,4e25e178cb6a441f9d4782012a0df025,http://www.house.ga.gov/SiteCollectionImages/HarbinBen118.jpg,2011-10-07 20:03:11.298000,2013-03-01 00:28:22.129000
GAL000133,Doug Holt,Doug,,Holt,,,True,ga,lower,112,Republican,2e2484681bf345eb9b106a9b6b78a556,http://www.house.ga.gov/SiteCollectionImages/HoltDoug128.jpg,2011-10-07 20:03:11.436000,2013-03-01 00:28:22.136000
GAL000159,Chuck Martin,Chuck,,Martin,,,True,ga,lower,49,Republican,7f9ef1c9d7c44e71966d52d0a3c3cd9e,http://www.house.ga.gov/SiteCollectionImages/MartinCharles164.jpg,2011-10-07 20:03:11.709000,2013-03-01 00:28:22.138000
GAL000082,Mickey Channell,Mickey,,Channell,,,True,ga,lower,120,Republican,044cc0d05c1e43d495e234d10f734892,http://www.house.ga.gov/SiteCollectionImages/ChannellMickey80.jpg,2011-10-07 20:03:10.814000,2013-03-01 00:28:22.350000
GAL000167,Billy Mitchell,Billy,,Mitchell,,,True,ga,lower,88,Democratic,ea5537fcb63b4ccea2e1ca15804de3e1,http://www.house.ga.gov/SiteCollectionImages/MitchellBilly172.jpg,2011-10-07 20:03:11.792000,2013-03-01 00:28:22.356000
GAL000211,Ron Stephens,Ron,,Stephens,,,True,ga,lower,164,Republican,bb03dec8bfb64da29b67644234a34a65,http://www.house.ga.gov/SiteCollectionImages/StephensRon219.jpg,2011-10-07 20:03:12.272000,2013-03-01 00:28:22.758000
GAL000124,Matt Hatchett,Matt,,Hatchett,,,True,ga,lower,150,Republican,ffbcb9b93723472098093f59d2937932,http://www.house.ga.gov/SiteCollectionImages/HatchettMatt781.jpg,2011-10-07 20:03:11.340000,2013-03-01 00:28:22.760000
GAL000201,Barbara Sims,Barbara,,Sims,,,True,ga,lower,123,Republican,88e48367c3d14cc290a53096887f8fd7,http://www.house.ga.gov/SiteCollectionImages/SimsBarbara207.jpg,2011-10-07 20:03:12.167000,2013-03-01 00:28:22.763000
GAL000064,Paul Battles,Paul,,Battles,,,True,ga,lower,15,Republican,262de6e75e3a4cb18293690182b2c19c,http://www.house.ga.gov/SiteCollectionImages/BattlesPaul734.jpg,2011-10-07 20:03:10.618000,2013-03-01 00:28:22.765000
GAL000078,Jon Burns,Jon,,Burns,,,True,ga,lower,159,Republican,13b8580431054ee0ba4345c223e76352,http://www.house.ga.gov/SiteCollectionImages/BurnsJon73.jpg,2011-10-07 20:03:10.773000,2013-03-01 00:28:22.782000
GAL000094,Katie Dempsey,Katie,,Dempsey,,,True,ga,lower,13,Republican,00b12baa06f64ef6adfdaa52168178e7,http://www.house.ga.gov/SiteCollectionImages/DempseyKatie92.jpg,2011-10-07 20:03:10.942000,2013-03-01 00:28:22.787000
GAL000097,Tom Dickson,Tom,,Dickson,,,True,ga,lower,6,Republican,,http://www.house.ga.gov/SiteCollectionImages/DicksonTom93.jpg,2011-10-07 20:03:10.977000,2013-03-01 00:28:22.789000
GAL000102,Winfred Dukes,Winfred,,Dukes,,,True,ga,lower,154,Democratic,2b32669037cf4f37b971473a8be8cad2,http://www.house.ga.gov/SiteCollectionImages/DukesWinfred96.jpg,2011-10-07 20:03:11.028000,2013-03-01 00:28:22.792000
GAL000116,J. Craig Gordon,J. Craig,,Gordon,,,True,ga,lower,163,Democratic,de694a8502264357ad934e9a00ca4a35,http://www.house.ga.gov/SiteCollectionImages/GordonJ. Craig113.jpg,2011-10-07 20:03:11.255000,2013-03-01 00:28:22.798000
GAL000132,Susan Holmes,Susan,,Holmes,,,True,ga,lower,129,Republican,d464e5c0dfde41b1a172609baafa7b31,http://www.house.ga.gov/SiteCollectionImages/HolmesSusan780.jpg,2011-10-07 20:03:11.426000,2013-03-01 00:28:22.817000
GAL000135,Penny Houston,Penny,,Houston,,,True,ga,lower,170,Republican,523b0b4d462840e6990b61c072609886,http://www.house.ga.gov/SiteCollectionImages/HoustonPenny130.jpg,2011-10-07 20:03:11.457000,2013-03-01 00:28:22.819000
GAL000175,Randy Nix,Randy,,Nix,,,True,ga,lower,69,Republican,ce5c401bfdf344119ccbfacac8bd382d,http://www.house.ga.gov/SiteCollectionImages/NixRandy179.jpg,2011-10-07 20:03:11.877000,2013-03-01 00:28:22.824000
GAL000180,Butch Parrish,Butch,,Parrish,,,True,ga,lower,158,Republican,177b2545dc2d46afb9a42e46ef4a3c03,http://www.house.ga.gov/SiteCollectionImages/ParrishButch183.jpg,2011-10-07 20:03:11.945000,2013-03-01 00:28:22.826000
GAL000200,Donna Sheldon,Donna,,Sheldon,,,True,ga,lower,104,Republican,03c6da759ccf4af7ab42d11b704b2256,http://www.house.ga.gov/SiteCollectionImages/SheldonDonna205.jpg,2011-10-07 20:03:12.156000,2013-03-01 00:28:22.896000
GAL000226,Joe Wilkinson,Joe,,Wilkinson,,,True,ga,lower,52,Republican,461820141fa14b799ca68a18204abd29,http://www.house.ga.gov/SiteCollectionImages/WilkinsonJoe228.jpg,2011-10-07 20:03:12.431000,2013-03-01 00:28:22.906000
GAL000115,Rich Golick,Rich,,Golick,,,True,ga,lower,40,Republican,fc9b1b55bec240ffbf751460bfdc6e14,http://www.house.ga.gov/SiteCollectionImages/GolickRich112.jpg,2011-10-07 20:03:11.245000,2013-03-01 00:28:22.914000
GAL000056,Stacey Abrams,Stacey,,Abrams,,,True,ga,lower,89,Democratic,f6db4cce564348ea841e378e514c1d3d,http://www.house.ga.gov/SiteCollectionImages/AbramsStacey58.jpg,2011-10-07 20:03:10.520000,2013-03-01 00:28:22.923000
GAL000090,Sharon Cooper,Sharon,,Cooper,,,True,ga,lower,43,Republican,d9486fb70c5141069db828a93f4e2e34,http://www.house.ga.gov/SiteCollectionImages/CooperSharon86.jpg,2011-10-07 20:03:10.900000,2013-03-01 00:28:22.933000
GAL000188,Matt Ramsey,Matt,,Ramsey,,,True,ga,lower,72,Republican,b5446e61bf074695bae61909918c7cac,http://www.house.ga.gov/SiteCollectionImages/RamseyMatt190.jpg,2011-10-07 20:03:12.030000,2013-03-01 00:28:22.941000
GAL000198,Ed Setzler,Ed,,Setzler,,,True,ga,lower,35,Republican,7a2ac33afffe434ca50af4502323a33f,http://www.house.ga.gov/SiteCollectionImages/SetzlerEd203.jpg,2011-10-07 20:03:12.135000,2013-03-01 00:28:22.946000
GAL000227,Wendell Willard,Wendell,,Willard,,,True,ga,lower,51,Republican,281dbf6cf59749388a19dd32774180e3,http://www.house.ga.gov/SiteCollectionImages/WillardWendell229.jpg,2011-10-07 20:03:12.441000,2013-03-01 00:28:22.955000
GAL000213,Willie Talton,Willie,,Talton,,,True,ga,lower,147,Republican,2f17ef29f5bb4cd0beae1ce7fd98d219,http://www.house.ga.gov/SiteCollectionImages/TaltonWillie221.jpg,2011-10-07 20:03:12.293000,2013-03-01 00:28:22.965000
GAL000089,Christian Coomer,Christian,,Coomer,,,True,ga,lower,14,Republican,69fc8aa437ed4a31bc307e4c05d17250,http://www.house.ga.gov/SiteCollectionImages/CoomerChristian756.jpg,2011-10-07 20:03:10.889000,2013-03-01 00:28:22.976000
GAL000095,Pamela Dickerson,Pam,,Dickerson,,,True,ga,lower,113,Democratic,9ccb3b7c6b764b409ab270fcee9dea6b,http://www.house.ga.gov/SiteCollectionImages/DickersonPam771.jpg,2011-10-07 20:03:10.953000,2013-03-01 00:28:22.978000
GAL000103,Delvis Dutton,Delvis,,Dutton,,,True,ga,lower,157,Republican,f5be23c2450e4294a63b3ac04fe9d1ec,http://www.house.ga.gov/SiteCollectionImages/DuttonDelvis785.jpg,2011-10-07 20:03:11.038000,2013-03-01 00:28:22.980000
GAL000140,Mike Jacobs,Mike,,Jacobs,,,True,ga,lower,80,Republican,9bb51971671a4eb2a0e803794e2d35b2,http://www.house.ga.gov/SiteCollectionImages/JacobsMike135.jpg,2011-10-07 20:03:11.510000,2013-03-01 00:28:22.997000
GAL000146,Sheila Jones,Sheila,,Jones,,,True,ga,lower,53,Democratic,eecb42b4db2a49a8bbb5b08bbf06375e,http://www.house.ga.gov/SiteCollectionImages/JonesSheila143.jpg,2011-10-07 20:03:11.572000,2013-03-01 00:28:22.999000
GAL000168,Alisha Morgan,Alisha,,Morgan,,,True,ga,lower,39,Democratic,13a1f4d0501140e08b00c0a19a5cc6f9,http://www.house.ga.gov/SiteCollectionImages/MorganAlisha173.jpg,2011-10-07 20:03:11.803000,2013-03-01 00:28:23.003000
GAL000176,Mary Margaret Oliver,Mary Margaret,,Oliver,,,True,ga,lower,82,Democratic,29a0c365c57d45138ea5ea8f68987d21,http://www.house.ga.gov/SiteCollectionImages/OliverMary181.jpg,2011-10-07 20:03:11.887000,2013-03-01 00:28:23.009000
GAL000203,Earnest Smith,Earnest,,Smith,,,True,ga,lower,125,Democratic,3a9ac147ba4e46519fe1845f1bd69732,http://www.house.ga.gov/SiteCollectionImages/SmithEarnest731.jpg,2011-10-07 20:03:12.187000,2013-03-01 00:28:23.016000
GAL000209,Jason Spencer,Jason,,Spencer,,,True,ga,lower,180,Republican,5de7f27242c04dcdb0c1647961aae3bd,http://www.house.ga.gov/SiteCollectionImages/SpencerJason789.jpg,2011-10-07 20:03:12.251000,2013-03-01 00:28:23.019000
GAL000118,Mark Hamilton,Mark,,Hamilton,,,True,ga,lower,24,Republican,fddbae76c5944f3f903118b386a9f0f9,http://www.house.ga.gov/SiteCollectionImages/HamiltonMark116.jpg,2011-10-07 20:03:11.276000,2013-03-01 00:28:23.034000
GAL000174,Chad Nimmer,Chad,,Nimmer,,,True,ga,lower,178,Republican,83219bb66fd7421ab2c5e54815692947,http://www.house.ga.gov/SiteCollectionImages/NimmerChad790.jpg,2011-10-07 20:03:11.866000,2013-03-01 00:28:23.036000
GAL000093,Dee Dawkins-Haigler,Dee,,Dawkins-Haigler,,,True,ga,lower,91,Democratic,956db9cf23124363bab85694c3f7b3d8,http://www.house.ga.gov/SiteCollectionImages/Dawkins-HaiglerDee236.jpg,2011-10-07 20:03:10.930000,2013-03-01 00:28:23.044000
GAL000109,Hugh Floyd,Hugh,,Floyd,,,True,ga,lower,99,Democratic,a2b3b88fb5d8489bb33cf1b90ef7cdf9,http://www.house.ga.gov/SiteCollectionImages/FloydHugh102.jpg,2011-10-07 20:03:11.183000,2013-03-01 00:28:23.051000
GAL000153,Edward Lindsey,Edward,,Lindsey,,,True,ga,lower,54,Republican,27d3b4e688994773939bf05924be3a04,http://www.house.ga.gov/SiteCollectionImages/LindseyEdward154.jpg,2011-10-07 20:03:11.646000,2013-03-01 00:28:23.053000
GAL000158,"Pedro ""Pete"" Marin","Pedro ""Pete""",,Marin,,,True,ga,lower,96,Democratic,238f34c7a05f49a09920b9a8ae202605,http://www.house.ga.gov/SiteCollectionImages/MarinPedro163.jpg,2011-10-07 20:03:11.698000,2013-03-01 00:28:23.055000
GAL000165,John Meadows,John,,Meadows,,,True,ga,lower,5,Republican,1b620895f3cc4136ae5ca738c69f5dc4,http://www.house.ga.gov/SiteCollectionImages/MeadowsJohn169.jpg,2011-10-07 20:03:11.772000,2013-03-01 00:28:23.058000
GAL000185,Jimmy Pruett,Jimmy,,Pruett,,,True,ga,lower,149,Republican,d4debe0c3a004f64a7dc8a5ebd345217,http://www.house.ga.gov/SiteCollectionImages/PruettJimmy188.jpg,2011-10-07 20:03:11.999000,2013-03-01 00:28:23.060000
GAL000151,David Knight,David,,Knight,,,True,ga,lower,130,Republican,b893347acf1d46cb8c2b04594db8f64d,http://www.house.ga.gov/SiteCollectionImages/KnightDavid148.jpg,2011-10-07 20:03:11.626000,2013-03-01 00:28:23.066000
GAL000084,Josh Clark,Josh,,Clark,,,True,ga,lower,98,Republican,778765a093844ec0b9e54d061205e55c,http://www.house.ga.gov/SiteCollectionImages/ClarkJosh772.jpg,2011-10-07 20:03:10.835000,2013-03-01 00:28:23.068000
GAL000121,Buddy Harden,Buddy,,Harden,,,True,ga,lower,148,Republican,f1e0a887ec474fe7afdb3151c1ac2c08,http://www.house.ga.gov/SiteCollectionImages/HardenBuddy724.jpg,2011-10-07 20:03:11.309000,2013-03-01 00:28:23.071000
GAL000070,James Beverly,James,,Beverly,,,True,ga,lower,143,Democratic,797d0ad0f1c3442facf3b02bedeca75d,http://www.house.ga.gov/SiteCollectionImages/BeverlyJames793.jpg,2011-10-07 20:03:10.686000,2013-03-01 00:28:23.073000
GAL000072,Paulette Rakestraw-Braddock,Paulette,,Braddock,,,True,ga,lower,19,Republican,aa833686052f4d72a5377a295492414d,http://www.house.ga.gov/SiteCollectionImages/BraddockPaulette758.jpg,2011-10-07 20:03:10.708000,2013-03-01 00:28:23.075000
GAL000080,Amy Carter,Amy,,Carter,,,True,ga,lower,175,Republican,d455c3b771de40a5940922bb36e9b569,http://www.house.ga.gov/SiteCollectionImages/CarterAmy76.jpg,2011-10-07 20:03:10.793000,2013-03-01 00:28:23.080000
GAL000100,Karla Drenner,Karla,,Drenner,,,True,ga,lower,85,Democratic,db50520a4b8c4132929cc0c61df39baf,http://www.house.ga.gov/SiteCollectionImages/DrennerKarla95.jpg,2011-10-07 20:03:11.008000,2013-03-01 00:28:23.084000
GAL000110,Virgil Fludd,Virgil,,Fludd,,,True,ga,lower,64,Democratic,3b658714cb4e493eafc8d37f0b896cda,http://www.house.ga.gov/SiteCollectionImages/FluddVirgil104.jpg,2011-10-07 20:03:11.193000,2013-03-01 00:28:23.088000
GAL000129,Michele Henson,Michele,,Henson,,,True,ga,lower,86,Democratic,5207575888d24988b2b78e6bfafc4385,http://www.house.ga.gov/SiteCollectionImages/HensonMichele124.jpg,2011-10-07 20:03:11.394000,2013-03-01 00:28:23.091000
GAL000139,Mack Jackson,Mack,,Jackson,,,True,ga,lower,128,Democratic,91c95c384cb241ceab8d254f8ae0645b,http://www.house.ga.gov/SiteCollectionImages/JacksonMack738.jpg,2011-10-07 20:03:11.500000,2013-03-01 00:28:23.094000
GAL000182,Allen Peake,Allen,,Peake,,,True,ga,lower,141,Republican,b3834e08308b47e1aa58563a238c885c,http://www.house.ga.gov/SiteCollectionImages/PeakeAllen185.jpg,2011-10-07 20:03:11.966000,2013-03-01 00:28:23.104000
GAL000183,Alan Powell,Alan,,Powell,,,True,ga,lower,32,Republican,025e322b80324ce1af6196bf2aebe77a,http://www.house.ga.gov/SiteCollectionImages/PowellAlan187.jpg,2011-10-07 20:03:11.976000,2013-03-01 00:28:23.109000
GAL000172,Jay Neal,Jay,,Neal,,,True,ga,lower,2,Republican,80ce917d3ee24c6694661db8960e4b0a,http://www.house.ga.gov/SiteCollectionImages/NealJay178.jpg,2011-10-07 20:03:11.845000,2013-03-01 00:28:23.119000
GAL000117,Gerald Greene,Gerald,,Greene,,,True,ga,lower,151,Republican,a09e28270ed2467e8b240ba20e6eb8c1,http://www.house.ga.gov/SiteCollectionImages/GreeneGerald115.jpg,2011-10-07 20:03:11.266000,2013-03-01 00:28:23.124000
GAL000083,Mike Cheokas,Mike,,Cheokas,,,True,ga,lower,138,Republican,a74d966e3154408ba9b78c0a9980aa0e,http://www.house.ga.gov/SiteCollectionImages/CheokasMike81.jpg,2011-10-07 20:03:10.825000,2013-03-01 00:28:23.130000
GAL000104,Earl Ehrhart,Earl,,Ehrhart,,,True,ga,lower,36,Republican,7b533a67f5f8436cbb7deb69d559c13b,http://www.house.ga.gov/SiteCollectionImages/EhrhartEarl97.jpg,2011-10-07 20:03:11.049000,2013-03-01 00:28:23.132000
GAL000130,Calvin Hill,Calvin,,Hill,,,True,ga,lower,22,Republican,c668b536288142ee95b4d12c13be64b4,http://www.house.ga.gov/SiteCollectionImages/HillCalvin125.jpg,2011-10-07 20:03:11.405000,2013-03-01 00:28:23.195000
GAL000382,Dean Burke,Dean,,Burke,,,True,ga,upper,11,Republican,1403bb00345c4453a52c7f19565fcc33,http://www.senate.ga.gov/SiteCollectionImages/BurkeDean841.jpg,2013-02-12 00:13:15.620000,2013-03-01 00:28:21.875000
GAL000312,Burt Jones,Burt,,Jones,,,True,ga,upper,25,Republican,3e7e751411fe4b2db7e6210e7867fa63,http://www.senate.ga.gov/SiteCollectionImages/JonesBurt805.jpg,2013-01-09 00:02:32.688000,2013-03-01 00:28:22.742000
GAL000005,Gloria S. Butler,Gloria,,Butler,,,True,ga,upper,55,Democratic,c7be5a59273a40d182350dc104e47ee4,http://www.senate.ga.gov/SiteCollectionImages/ButlerGloria5.jpg,2011-10-07 20:03:09.899000,2013-03-01 00:28:22.315000
GAL000303,Hunter Hill,Hunter,,Hill,,,True,ga,upper,6,Republican,3e0c8b1f941843258299b6282c259e8c,http://www.senate.ga.gov/SiteCollectionImages/HillHunter803.jpg,2013-01-09 00:02:32.530000,2013-03-01 00:28:23.218000
GAL000006,Buddy Carter,Buddy,,Carter,,,True,ga,upper,1,Republican,6bdde75e960f41ab88de11f91305cd9d,http://www.senate.ga.gov/SiteCollectionImages/CarterEarl77.jpg,2011-10-07 20:03:09.909000,2013-03-01 00:28:20.572000
GAL000238,John Wilkinson,John,,Wilkinson,,,True,ga,upper,50,Republican,7a44a7921e024b09b4fe16296dde9530,http://www.senate.ga.gov/SiteCollectionImages/WilkinsonJohn799.jpg,2012-01-06 20:41:37.026000,2013-03-01 00:28:22.275000
GAL000036,Jeff Mullis,Jeff,,Mullis,,,True,ga,upper,53,Republican,5b59854b79ca49c8a4ef4582fb4b79ec,http://www.senate.ga.gov/SiteCollectionImages/MullisJeff31.jpg,2011-10-07 20:03:10.300000,2013-03-01 00:28:21.982000
GAL000046,Jesse Stone,Jesse,,Stone,,,True,ga,upper,23,Republican,30eee0bd5476422898f95eecfb093d1c,http://www.senate.ga.gov/SiteCollectionImages/StoneJesse748.jpg,2011-10-07 20:03:10.415000,2013-03-01 00:28:23.204000
GAL000028,Donzella James,Donzella,,James,,,True,ga,upper,35,Democratic,237ad1ec20184455aed4d0035b297630,http://www.senate.ga.gov/SiteCollectionImages/JamesDonzella372.jpg,2011-10-07 20:03:10.182000,2013-03-01 00:28:21.977000
GAL000027,Lester G. Jackson,Lester,,Jackson,,,True,ga,upper,2,Democratic,60afbca61c3e469fa6d6f704a9f642fd,http://www.senate.ga.gov/SiteCollectionImages/JacksonLester134.jpg,2011-10-07 20:03:10.172000,2013-03-01 00:28:22.336000
GAL000051,Lindsey Tippins,Lindsey,,Tippins,,,True,ga,upper,37,Republican,f38aead33ac2441d90968baf3bc5cd40,http://www.senate.ga.gov/SiteCollectionImages/TippinsLindsey750.jpg,2011-10-07 20:03:10.468000,2013-03-01 00:28:21.869000
GAL000023,Jack Hill,Jack,,Hill,,,True,ga,upper,4,Republican,6075989117e949c18412e3ee5a8422bc,http://www.senate.ga.gov/SiteCollectionImages/HillJack22.jpg,2011-10-07 20:03:10.131000,2013-03-01 00:28:22.684000
GAL000378,Brandon Beach,Brandon,,Beach,,,True,ga,upper,21,Republican,9b8ee59f93da47f7a7b9349b6b67e826,http://www.senate.ga.gov/SiteCollectionImages/BeachBrandon840.jpg,2013-01-11 00:02:20.919000,2013-03-01 00:28:22.728000
GAL000042,Valencia Seay,Valencia,,Seay,,,True,ga,upper,34,Democratic,a196b78e24a945ea895a11076b749ae4,http://www.senate.ga.gov/SiteCollectionImages/SeayValencia41.jpg,2011-10-07 20:03:10.373000,2013-03-01 00:28:22.734000
GAL000032,Barry Loudermilk,Barry,,Loudermilk,,,True,ga,upper,14,Republican,785abb14990042e88aada1b8a34147fc,http://www.senate.ga.gov/SiteCollectionImages/LoudermilkBarry156.jpg,2011-10-07 20:03:10.230000,2013-03-01 00:28:22.725000
GAL000379,Mike Dugan,Mike,,Dugan,,,True,ga,upper,30,Republican,,http://www.senate.ga.gov/SiteCollectionImages/DuganMike839.jpg,2013-01-11 00:02:21.019000,2013-03-01 00:28:22.744000
GAL000297,Tyler Harper,Tyler,,Harper,,,True,ga,upper,7,Republican,a5adaa570be44617be692f2b3e4a926a,http://www.senate.ga.gov/SiteCollectionImages/HarperTyler804.jpg,2013-01-09 00:02:32.450000,2013-03-01 00:28:22.534000
GAL000007,Jason Carter,Jason,,Carter,,,True,ga,upper,42,Democratic,15feb3ab93f245799e148dfd3594e18c,http://www.senate.ga.gov/SiteCollectionImages/CarterJason720.jpg,2011-10-07 20:03:09.920000,2013-03-01 00:28:22.730000
GAL000308,Chuck Hufstetler,Chuck,,Hufstetler,,,True,ga,upper,52,Republican,6854db0b993c4faea6bd3510bd208c6d,http://www.senate.ga.gov/SiteCollectionImages/HufstetlerChuck838.jpg,2013-01-09 00:02:32.608000,2013-03-01 00:28:22.732000
GAL000012,Hardie Davis,Hardie,,Davis,,,True,ga,upper,22,Democratic,89172d45a3d24e8f8f1ef5fbe461886c,http://www.senate.ga.gov/SiteCollectionImages/DavisHardie89.jpg,2011-10-07 20:03:09.981000,2013-03-01 00:28:22.507000
GAL000049,Curt Thompson,Curt,,Thompson,,,True,ga,upper,5,Democratic,579509d6f87d427ab50cda0d893b10f8,http://www.senate.ga.gov/SiteCollectionImages/ThompsonCurt50.jpg,2011-10-07 20:03:10.447000,2013-03-01 00:28:23.209000
GAL000030,Emanuel Jones,Emanuel,,Jones,,,True,ga,upper,10,Democratic,e26f81850c4c4ec48d8b9623fc207bca,http://www.senate.ga.gov/SiteCollectionImages/JonesEmanuel28.jpg,2011-10-07 20:03:10.203000,2013-03-01 00:28:22.488000
GAL000237,Mike Crane,Mike,,Crane,,,True,ga,upper,28,Republican,3e2dc80d266640fb9825d94daee69cc5,http://www.senate.ga.gov/SiteCollectionImages/CraneMike798.jpg,2011-12-16 00:06:36.767000,2013-03-01 00:28:22.746000
GAL000037,Jack Murphy,Jack,,Murphy,,,True,ga,upper,27,Republican,74447de31d2f473793f03cd1948d02a4,http://www.senate.ga.gov/SiteCollectionImages/MurphyJack32.jpg,2011-10-07 20:03:10.311000,2013-03-01 00:28:22.590000
GAL000001,John Albers,John,,Albers,,,True,ga,upper,56,Republican,7d0af171b8da4bcb8470f9f58d4ee6c1,http://www.senate.ga.gov/SiteCollectionImages/AlbersJohn754.jpg,2011-10-07 20:03:09.841000,2013-03-01 00:28:22.740000
GAL000324,David Lucas,David,,Lucas,,,True,ga,upper,26,Democratic,bbaa5cf698ef41c9b60449528acefd0f,http://www.senate.ga.gov/SiteCollectionImages/LucasDavid157.jpg,2013-01-09 00:02:32.842000,2013-03-01 00:28:22.752000
GAL000038,Nan Orrock,Nan,,Orrock,,,True,ga,upper,36,Democratic,4bcd54f4e5084f34a5ca50103b2826a2,http://www.senate.ga.gov/SiteCollectionImages/OrrockNan33.jpg,2011-10-07 20:03:10.327000,2013-03-01 00:28:22.340000
GAL000034,Fran Millar,Fran,,Millar,,,True,ga,upper,40,Republican,77a46ffcfb244af4972340d201d6d9f1,http://www.senate.ga.gov/SiteCollectionImages/MillarFran170.jpg,2011-10-07 20:03:10.250000,2013-03-01 00:28:22.367000
GAL000035,Butch Miller,Butch,,Miller,,,True,ga,upper,49,Republican,bf8d8ba44ba2434d9296ec125dd26870,http://www.senate.ga.gov/SiteCollectionImages/MillerButch719.jpg,2011-10-07 20:03:10.279000,2013-03-01 00:28:22.446000
GAL000016,Tim Golden,Tim,,Golden,,,True,ga,upper,8,Republican,fbb17712724149eaa958d4cf1649940e,http://www.senate.ga.gov/SiteCollectionImages/GoldenTim14.jpg,2011-10-07 20:03:10.027000,2013-03-01 00:28:22.497000
GAL000021,Bill Heath,Bill,,Heath,,,True,ga,upper,31,Republican,b50e7fae6f5749baae0c239cbeeec039,http://www.senate.ga.gov/SiteCollectionImages/HeathBill20.jpg,2011-10-07 20:03:10.099000,2013-03-01 00:28:22.509000
GAL000050,Steve Thompson,Steve,,Thompson,,,True,ga,upper,33,Democratic,ad31c17317c749ad8054666bedc3d3d6,http://www.senate.ga.gov/SiteCollectionImages/ThompsonSteve51.jpg,2011-10-07 20:03:10.457000,2013-03-01 00:28:22.517000
GAL000052,Ross Tolleson,Ross,,Tolleson,,,True,ga,upper,20,Republican,22758d3df38848f9a070c78cb4388549,http://www.senate.ga.gov/SiteCollectionImages/TollesonRoss52.jpg,2011-10-07 20:03:10.478000,2013-03-01 00:28:22.522000
GAL000009,Bill Cowsert,Bill,,Cowsert,,,True,ga,upper,46,Republican,bc761c005acf406cbdd4994a463494a1,http://www.senate.ga.gov/SiteCollectionImages/CowsertBill9.jpg,2011-10-07 20:03:09.948000,2013-03-01 00:28:22.527000
GAL000017,Steve Gooch,Steve,,Gooch,,,True,ga,upper,51,Republican,9209a179ee80472ebd3a2881503c5481,http://www.senate.ga.gov/SiteCollectionImages/GoochSteve752.jpg,2011-10-07 20:03:10.037000,2013-03-01 00:28:22.532000
GAL000044,Freddie Powell Sims,Freddie Powell,,Sims,,,True,ga,upper,12,Democratic,470ac95b2988473f8bb27678dae9e4c2,http://www.senate.ga.gov/SiteCollectionImages/SimsFreddie209.jpg,2011-10-07 20:03:10.394000,2013-03-01 00:28:22.545000
GAL000002,Don Balfour,Don,,Balfour,,,True,ga,upper,9,Republican,7c59d405659c40419319311b38989e1c,http://www.senate.ga.gov/SiteCollectionImages/BalfourDon2.jpg,2011-10-07 20:03:09.852000,2013-03-01 00:28:22.558000
GAL000048,Horacena Tate,Horacena,,Tate,,,True,ga,upper,38,Democratic,0c123f111e744b33a319f90632db3205,http://www.senate.ga.gov/SiteCollectionImages/TateHoracena47.jpg,2011-10-07 20:03:10.436000,2013-03-01 00:28:22.562000
GAL000054,Tommie Williams,Tommie,,Williams,,,True,ga,upper,19,Republican,0193c43deab24d0c8214b28f2500efbc,http://www.senate.ga.gov/SiteCollectionImages/WilliamsTommie56.jpg,2011-10-07 20:03:10.499000,2013-03-01 00:28:22.584000
GAL000014,Frank Ginn,Frank,,Ginn,,,True,ga,upper,47,Republican,03946a6b0b404ec485ba98f0b2d72bc4,http://www.senate.ga.gov/SiteCollectionImages/GinnFrank751.jpg,2011-10-07 20:03:10.006000,2013-03-01 00:28:22.592000
GAL000008,Ronnie Chance,Ronnie,,Chance,,,True,ga,upper,16,Republican,727fd07d9bd64a4a9f7da032599de05f,http://www.senate.ga.gov/SiteCollectionImages/ChanceRonnie7.jpg,2011-10-07 20:03:09.930000,2013-03-01 00:28:22.676000
GAL000020,Ed Harbison,Ed,,Harbison,,,True,ga,upper,15,Democratic,fc57ba98fbbc42f3a083f090e876e334,http://www.senate.ga.gov/SiteCollectionImages/HarbisonEd17.jpg,2011-10-07 20:03:10.068000,2013-03-01 00:28:22.679000
GAL000022,Steve Henson,Steve,,Henson,,,True,ga,upper,41,Democratic,,http://www.senate.ga.gov/SiteCollectionImages/HensonSteve21.jpg,2011-10-07 20:03:10.120000,2013-03-01 00:28:22.682000
GAL000024,Judson Hill,Judson,,Hill,,,True,ga,upper,32,Republican,98805fe6f7fa454f840bf8c93464ea38,http://www.senate.ga.gov/SiteCollectionImages/HillJudson23.jpg,2011-10-07 20:03:10.141000,2013-03-01 00:28:22.686000
GAL000029,Rick Jeffares,Rick,,Jeffares,,,True,ga,upper,17,Republican,b26d964d2dd7481aaedbd8b9c37aec51,http://www.senate.ga.gov/SiteCollectionImages/JeffaresRick747.jpg,2011-10-07 20:03:10.192000,2013-03-01 00:28:22.689000
GAL000043,David Shafer,David,,Shafer,,,True,ga,upper,48,Republican,2e8d10f1f5424bd9a1396b12fa86b614,http://www.senate.ga.gov/SiteCollectionImages/ShaferDavid42.jpg,2011-10-07 20:03:10.384000,2013-03-01 00:28:22.695000
GAL000045,Cecil Staton,Cecil,,Staton,,,True,ga,upper,18,Republican,e6f2fcd63fec48539f2214f0d399343b,http://www.senate.ga.gov/SiteCollectionImages/StatonCecil44.jpg,2011-10-07 20:03:10.405000,2013-03-01 00:28:22.698000
GAL000053,Renee S Unterman,Renee,,Unterman,,,True,ga,upper,45,Republican,210ef6c3c52c428d90b2981976892a91,http://www.senate.ga.gov/SiteCollectionImages/UntermanRenee53.jpg,2011-10-07 20:03:10.489000,2013-03-01 00:28:22.701000
GAL000011,Gail Davenport,Gail,,Davenport,,,True,ga,upper,44,Democratic,49e876396f7f421fb9809e7e73322dcf,http://www.senate.ga.gov/SiteCollectionImages/DavenportGail10.jpg,2011-10-07 20:03:09.970000,2013-03-01 00:28:22.748000
GAL000026,Bill Jackson,Bill,,Jackson,,,True,ga,upper,24,Republican,,http://www.senate.ga.gov/SiteCollectionImages/JacksonWilliam26.jpg,2011-10-07 20:03:10.162000,2013-03-01 00:28:22.750000
GAL000031,William T. Ligon,William,,"Ligon, Jr.",,,True,ga,upper,3,Republican,61c037ea1e294af5be312707975ff0c4,"http://www.senate.ga.gov/SiteCollectionImages/Ligon,%20Jr.William746.jpg",2011-10-07 20:03:10.220000,2013-03-01 00:28:23.207000
GAL000003,Charlie Bethel,Charlie,,Bethel,,,True,ga,upper,54,Republican,89a2358e447242d788b3be9626613d5f,http://www.senate.ga.gov/SiteCollectionImages/BethelCharlie753.jpg,2011-10-07 20:03:09.877000,2013-03-01 00:28:23.211000
GAL000010,John Crosby,John,,Crosby,,,True,ga,upper,13,Republican,1a3da933b188494f9c90bdcc69f93fde,http://www.senate.ga.gov/SiteCollectionImages/CrosbyJohn721.jpg,2011-10-07 20:03:09.959000,2013-03-01 00:28:23.213000
GAL000013,Vincent Fort,Vincent,,Fort,,,True,ga,upper,39,Democratic,41c237b04f4f4cdb9857fe3b2f180d49,http://www.senate.ga.gov/SiteCollectionImages/FortVincent12.jpg,2011-10-07 20:03:09.992000,2013-03-01 00:28:23.215000
GAL000033,Joshua McKoon,Joshua,,McKoon,,,True,ga,upper,29,Republican,78496cd5cd604b839efb1eeba21a2312,http://www.senate.ga.gov/SiteCollectionImages/McKoonJoshua749.jpg,2011-10-07 20:03:10.240000,2013-03-01 00:28:23.220000
GAL000040,Ronald B. Ramsey,Ronald,,"Ramsey, Sr.",,,True,ga,upper,43,Democratic,50bb11e12b7f4e69b563d406c7bb5a00,"http://www.senate.ga.gov/SiteCollectionImages/Ramsey,%20Sr.Ronald36.jpg",2011-10-07 20:03:10.350000,2013-03-01 00:28:23.223000
