KYL000103,Michael  J. Nemes,Michael J.,,Nemes,,,False,ky,,,,af66b5623fa246028bcededb5b3df0cb,http://www.lrc.ky.gov/pubinfo/thumbnails/House38.jpg,2011-06-16 21:49:08.213000,2013-01-07 20:18:54.828000
KYL000046,Dewayne Bunch,Dewayne,,Bunch,,,False,ky,,,,406c8c8ccf8a40e4b5bdbb4dab65ac41,http://www.lrc.ky.gov/pubinfo/thumbnails/House82.jpg,2011-06-16 21:49:08,2012-06-01 19:26:21.466000
KYL000014,Tom Jensen,Tom,,Jensen,,,False,ky,,,,428b9d30932049ffab0cd7693e396788,http://www.lrc.ky.gov/pubinfo/thumbnails/Senate21.jpg,2011-06-16 21:49:07.833000,2013-01-07 20:18:54.805000
KYL000018,Vernie McGaha,Vernie,,McGaha,,,False,ky,,,,9b28c15d4d7f4bdfb371a6e30aacab5f,http://www.lrc.ky.gov/pubinfo/thumbnails/Senate15.jpg,2011-06-16 21:49:07.860000,2013-01-07 20:18:54.806000
KYL000022,Joey Pendleton,Joey,,Pendleton,,,False,ky,,,,6f0bf6c330d44de893a50de28ff6b737,http://www.lrc.ky.gov/pubinfo/thumbnails/Senate03.jpg,2011-06-16 21:49:07.886000,2013-01-07 20:18:54.807000
KYL000027,Tim Shaughnessy,Tim,,Shaughnessy,,,False,ky,,,,b0a1917b49c54e9a8ff22dca50a06705,http://www.lrc.ky.gov/pubinfo/thumbnails/Senate19.jpg,2011-06-16 21:49:07.919000,2013-01-07 20:18:54.832000
KYL000035,Jack Westwood,Jack,,Westwood,,,False,ky,,,,38c2fefd164e4689aecaec35be6d260c,http://www.lrc.ky.gov/pubinfo/thumbnails/Senate23.jpg,2011-06-16 21:49:07.953000,2013-01-07 20:18:54.808000
KYL000036,David L. Williams,David,L.,Williams,,,False,ky,,,,1b8ec34a54164f16a6872d842168cacd,http://www.lrc.ky.gov/pubinfo/thumbnails/Senate16.jpg,2011-06-16 21:49:07.955000,2013-01-07 20:18:54.803000
KYL000038,Ken Winters,Ken,,Winters,,,False,ky,,,,2edc25fc46c640a3bf21904106b2440c,http://www.lrc.ky.gov/pubinfo/thumbnails/Senate01.jpg,2011-06-16 21:49:07.969000,2013-01-07 20:18:54.810000
KYL000040,Royce W. Adams,Royce,W.,Adams,,,False,ky,,,,74fb439619d14ce7b87a397f52314df3,http://www.lrc.ky.gov/pubinfo/thumbnails/House61.jpg,2011-06-16 21:49:07.973000,2013-01-07 20:18:54.811000
KYL000043,Linda Belcher,Linda,,Belcher,,,False,ky,,,,590974c1238940ba95af472b9ebb00cd,http://www.lrc.ky.gov/pubinfo/thumbnails/House49.jpg,2011-06-16 21:49:07.995000,2013-01-07 20:18:54.813000
KYL000050,Mike Cherry,Mike,,Cherry,,,False,ky,,,,b9127bd848be41a7ab9f90ed24009ad0,http://www.lrc.ky.gov/pubinfo/thumbnails/House04.jpg,2011-06-16 21:49:08.008000,2013-01-07 20:18:54.814000
KYL000054,James R. Comer,James,R.,Comer,,,False,ky,,,,67969605b9fa4523bdada955d7ec182e,http://www.lrc.ky.gov/pubinfo/thumbnails/House53.jpg,2011-06-16 21:49:08.016000,2012-06-01 19:24:16.284000
KYL000064,Ted Edmonds,Ted,,Edmonds,,,False,ky,,,,f57dc6f50e0543589e133ad188c050e5,http://www.lrc.ky.gov/pubinfo/thumbnails/House91.jpg,2011-06-16 21:49:08.065000,2013-01-07 20:18:54.815000
KYL000066,Bill Farmer,Bill,,Farmer,,,False,ky,,,,540fb70e8a6f4bada035086a9ef27f0a,http://www.lrc.ky.gov/pubinfo/thumbnails/House88.jpg,2011-06-16 21:49:08.069000,2013-01-07 20:18:54.816000
KYL000070,Danny Ford,Danny,,Ford,,,False,ky,,,,51762f0e22004ce4b15f1f782cb87184,http://www.lrc.ky.gov/pubinfo/thumbnails/House80.jpg,2011-06-16 21:49:08.077000,2013-01-07 20:18:54.802000
KYL000075,Sara Beth Gregory,Sara Beth,,Gregory,,,False,ky,,,,669bac54844b41e5a6b62b9c15098538,http://www.lrc.ky.gov/pubinfo/thumbnails/House52.jpg,2011-06-16 21:49:08.086000,2013-01-07 20:18:54.818000
KYL000079,Melvin B. Henley,Melvin,B.,Henley,,,False,ky,,,,3780a8c2034841589ee7eb2151cec699,http://www.lrc.ky.gov/pubinfo/thumbnails/House05.jpg,2011-06-16 21:49:08.129000,2013-01-07 20:18:54.824000
KYL000082,Brent Housman,Brent,,Housman,,,False,ky,,,,eb392355f38441dbbe2f5ce3c44d26d9,http://www.lrc.ky.gov/pubinfo/thumbnails/House03.jpg,2011-06-16 21:49:08.135000,2013-01-07 20:18:54.825000
KYL000083,Wade Hurt,Wade,,Hurt,,,False,ky,,,,df05c6aa477c40f2acfae5131ab902b0,http://www.lrc.ky.gov/pubinfo/thumbnails/House37.jpg,2011-06-16 21:49:08.137000,2013-01-07 20:18:54.826000
KYL000101,Lonnie Napier,Lonnie,,Napier,,,False,ky,,,,890142add5bd45e392692f2f7002d58a,http://www.lrc.ky.gov/pubinfo/thumbnails/House36.jpg,2011-06-16 21:49:08.210000,2013-01-07 20:18:54.827000
KYL000104,Fred Nesler,Fred,,Nesler,,,False,ky,,,,fb86abfd95da445f83e83f4be7e564ed,http://www.lrc.ky.gov/pubinfo/thumbnails/House02.jpg,2011-06-16 21:49:08.215000,2013-01-07 20:18:54.831000
KYL000134,Alecia Webb-Edgington,Alecia,,Webb-Edgington,,,False,ky,,,,d9eb6da6d512445a8f39bf255b03fc1a,http://www.lrc.ky.gov/pubinfo/thumbnails/House63.jpg,2011-06-16 21:49:08.282000,2013-01-07 20:18:54.830000
KYL000041,Rocky Adkins,Rocky,,Adkins,,,True,ky,lower,99,Democratic,274f1442dc9d48ac8a4e5c1b4203ee37,http://www.lrc.ky.gov/pubinfo/thumbnails/House99.jpg,2011-06-16 21:49:07.990000,2013-03-01 00:35:05.845000
KYL000057,Jesse Crenshaw,Jesse,,Crenshaw,,,True,ky,lower,77,Democratic,150dbf5f598c4444aeb3ba1df1bea6b8,http://www.lrc.ky.gov/pubinfo/thumbnails/House77.jpg,2011-06-16 21:49:08.041000,2013-03-01 00:35:05.522000
KYL000112,Rick Rand,Rick,,Rand,,,True,ky,lower,47,Democratic,48de0471572543929e9b6122979cef36,http://www.lrc.ky.gov/pubinfo/thumbnails/House47.jpg,2011-06-16 21:49:08.238000,2013-03-01 00:35:05.076000
KYL000127,Greg Stumbo,Greg,,Stumbo,,,True,ky,lower,95,Democratic,cf78bb5d3b9941fb886efd50d39412d4,http://www.lrc.ky.gov/pubinfo/thumbnails/House95.jpg,2011-06-16 21:49:08.269000,2013-03-01 00:35:05.839000
KYL000153,Lynn Bechler,Lynn,,Bechler,,,True,ky,lower,4,Republican,606288e895354ed293f6985d82a7a39e,http://www.lrc.ky.gov/pubinfo/thumbnails/House04.jpg,2013-01-07 20:18:48.604000,2013-03-01 00:35:05.574000
KYL000164,Gerald Watkins,Gerald,,Watkins,,,True,ky,lower,3,Democratic,,http://www.lrc.ky.gov/pubinfo/thumbnails/House03.jpg,2013-01-07 20:18:54.517000,2013-03-01 00:35:06.030000
KYL000160,Brian Linder,Brian,,Linder,,,True,ky,lower,61,Republican,66618246856f4095a5ae64c1a622d345,http://www.lrc.ky.gov/pubinfo/thumbnails/House61.jpg,2013-01-07 20:18:48.970000,2013-03-01 00:35:06.077000
KYL000165,Russell Webber,Russell,,Webber,,,True,ky,lower,49,Republican,,http://www.lrc.ky.gov/pubinfo/thumbnails/House49.jpg,2013-01-07 20:18:54.538000,2013-03-01 00:35:06.326000
KYL000162,Jonathan Shell,Jonathan,,Shell,,,True,ky,lower,36,Republican,dee40fa752784e6f820292d7b9e98874,http://www.lrc.ky.gov/pubinfo/thumbnails/House36.jpg,2013-01-07 20:18:52.229000,2013-03-01 00:35:05.729000
KYL000159,Kenny Imes,Kenny,,Imes,,,True,ky,lower,5,Republican,c4b27bf017a441d8ba08acf984e0185c,http://www.lrc.ky.gov/pubinfo/thumbnails/House05.jpg,2013-01-07 20:18:48.898000,2013-03-01 00:35:06.301000
KYL000157,Richard Heath,Richard,,Heath,,,True,ky,lower,2,Republican,ac7b67fd9262488e916c54815b026f8b,http://www.lrc.ky.gov/pubinfo/thumbnails/House02.jpg,2013-01-07 20:18:48.860000,2013-03-01 00:35:05.394000
KYL000163,Diane St. Onge,Diane,,St. Onge,,,True,ky,lower,63,Republican,685cc498a04842d58fee062ef25b9536,http://www.lrc.ky.gov/pubinfo/thumbnails/House63.jpg,2013-01-07 20:18:53.011000,2013-03-01 00:35:06.137000
KYL000158,Toby Herald,Toby,,Herald,,,True,ky,lower,91,Republican,,http://www.lrc.ky.gov/pubinfo/thumbnails/House91.jpg,2013-01-07 20:18:48.874000,2013-03-01 00:35:06.163000
KYL000059,Robert R. Damron,Robert,R.,Damron,,,True,ky,lower,39,Democratic,3d707f3d585c431184676b8d4f9c1948,http://www.lrc.ky.gov/pubinfo/thumbnails/House39.jpg,2011-06-16 21:49:08.045000,2013-03-01 00:35:06.288000
KYL000062,Bob DeWeese,Bob,,DeWeese,,,True,ky,lower,48,Republican,dd0a8104fe83403eacb687a64ee3bd78,http://www.lrc.ky.gov/pubinfo/thumbnails/House48.jpg,2011-06-16 21:49:08.061000,2013-03-01 00:35:05.886000
KYL000067,Joseph M. Fischer,Joseph,M.,Fischer,,,True,ky,lower,68,Republican,604e570152c04f0e9aa13968d1d73269,http://www.lrc.ky.gov/pubinfo/thumbnails/House68.jpg,2011-06-16 21:49:08.071000,2013-03-01 00:35:05.509000
KYL000069,David Floyd,David,,Floyd,,,True,ky,lower,50,Republican,b151465357334854b00b4d1e492933bf,http://www.lrc.ky.gov/pubinfo/thumbnails/House50.jpg,2011-06-16 21:49:08.074000,2013-03-01 00:35:06.209000
KYL000074,Jeff Greer,Jeff,,Greer,,,True,ky,lower,27,Democratic,a6068df4e5cd4064b6942b735040e569,http://www.lrc.ky.gov/pubinfo/thumbnails/House27.jpg,2011-06-16 21:49:08.084000,2013-03-01 00:35:06.211000
KYL000080,Jeff Hoover,Jeff,,Hoover,,,True,ky,lower,83,Republican,70f51c415e2f41afb3616b72696561f9,http://www.lrc.ky.gov/pubinfo/thumbnails/House83.jpg,2011-06-16 21:49:08.131000,2013-03-01 00:35:05.888000
KYL000085,Dennis Keene,Dennis,,Keene,,,True,ky,lower,67,Democratic,2984d54a49814c7696c7e2bb09b99fb5,http://www.lrc.ky.gov/pubinfo/thumbnails/House67.jpg,2011-06-16 21:49:08.140000,2013-03-01 00:35:05.613000
KYL000087,Kim King,Kim,,King,,,True,ky,lower,55,Republican,9e8318e587b84a448fbafef67cbb76a1,http://www.lrc.ky.gov/pubinfo/thumbnails/House55.jpg,2011-06-16 21:49:08.144000,2013-03-01 00:35:06.106000
KYL000091,Stan Lee,Stan,,Lee,,,True,ky,lower,45,Republican,edfd6f5570864f95bd2a3fc983a1e317,http://www.lrc.ky.gov/pubinfo/thumbnails/House45.jpg,2011-06-16 21:49:08.152000,2013-03-01 00:35:05.816000
KYL000093,Donna Mayfield,Donna,,Mayfield,,,True,ky,lower,73,Republican,53475d63a5c54b4099ce16962430b83c,http://www.lrc.ky.gov/pubinfo/thumbnails/House73.jpg,2011-06-16 21:49:08.156000,2013-03-01 00:35:06.308000
KYL000094,Tom McKee,Tom,,McKee,,,True,ky,lower,78,Democratic,286604cc9a744220b0d047cedf5a89a6,http://www.lrc.ky.gov/pubinfo/thumbnails/House78.jpg,2011-06-16 21:49:08.158000,2013-03-01 00:35:06.108000
KYL000096,Michael Meredith,Michael,,Meredith,,,True,ky,lower,19,Republican,2d51b1b9ba4c49019b50b4350b613bee,http://www.lrc.ky.gov/pubinfo/thumbnails/House19.jpg,2011-06-16 21:49:08.162000,2013-03-01 00:35:05.727000
KYL000097,Charles Miller,Charles,,Miller,,,True,ky,lower,28,Democratic,8680d623c46e4f6d9b182a5651e5fa62,http://www.lrc.ky.gov/pubinfo/thumbnails/House28.jpg,2011-06-16 21:49:08.164000,2013-03-01 00:35:06.132000
KYL000098,Terry Mills,Terry,,Mills,,,True,ky,lower,24,Democratic,118a6b32c83f49fe9dae7931fcbe81b2,http://www.lrc.ky.gov/pubinfo/thumbnails/House24.jpg,2011-06-16 21:49:08.166000,2013-03-01 00:35:06.312000
KYL000161,David Meade,David,,Meade,,,True,ky,lower,80,Republican,65f1a0f1e9cc472f895e7273d959f48e,http://www.lrc.ky.gov/pubinfo/thumbnails/House80.jpg,2013-01-07 20:18:48.996000,2013-03-01 00:35:06.310000
KYL000102,Rick G. Nelson,Rick,G.,Nelson,,,True,ky,lower,87,Democratic,566a967eab61410da7eb1e02dd9517a4,http://www.lrc.ky.gov/pubinfo/thumbnails/House87.jpg,2011-06-16 21:49:08.212000,2013-03-01 00:35:06.315000
KYL000105,David Osborne,David,,Osborne,,,True,ky,lower,59,Republican,486443ebdb8c4569887fdb8532985725,http://www.lrc.ky.gov/pubinfo/thumbnails/House59.jpg,2011-06-16 21:49:08.217000,2013-03-01 00:35:06.110000
KYL000107,Darryl T. Owens,Darryl,T.,Owens,,,True,ky,lower,43,Democratic,d7ab43b7e8744602b2086fcafbcf3577,http://www.lrc.ky.gov/pubinfo/thumbnails/House43.jpg,2011-06-16 21:49:08.221000,2013-03-01 00:35:05.675000
KYL000110,Ryan Quarles,Ryan,,Quarles,,,True,ky,lower,62,Republican,4849775e992c4f37b1887832b8f90f77,http://www.lrc.ky.gov/pubinfo/thumbnails/House62.jpg,2011-06-16 21:49:08.227000,2013-03-01 00:35:05.513000
KYL000111,Marie Rader,Marie,,Rader,,,True,ky,lower,89,Republican,7130432c51754823bc5ad8c4e23ec281,http://www.lrc.ky.gov/pubinfo/thumbnails/House89.jpg,2011-06-16 21:49:08.236000,2013-03-01 00:35:06.135000
KYL000114,Steve Riggs,Steve,,Riggs,,,True,ky,lower,31,Democratic,ef85173f61ef4160a68790f18a48d1d2,http://www.lrc.ky.gov/pubinfo/thumbnails/House31.jpg,2011-06-16 21:49:08.241000,2013-03-01 00:35:06.179000
KYL000117,Steven Rudy,Steven,,Rudy,,,True,ky,lower,1,Republican,7105ca36a72147b68b5a569f8118483a,http://www.lrc.ky.gov/pubinfo/thumbnails/House01.jpg,2011-06-16 21:49:08.248000,2013-03-01 00:35:05.978000
KYL000118,Sal Santoro,Sal,,Santoro,,,True,ky,lower,60,Republican,0655b6a67dab474ca63f5f89b12f9940,http://www.lrc.ky.gov/pubinfo/thumbnails/House60.jpg,2011-06-16 21:49:08.250000,2013-03-01 00:35:06.181000
KYL000122,Rita Smart,Rita,,Smart,,,True,ky,lower,81,Democratic,3809b088cd88487a91daa0db1aeeb6b7,http://www.lrc.ky.gov/pubinfo/thumbnails/House81.jpg,2011-06-16 21:49:08.259000,2013-03-01 00:35:06.322000
KYL000126,Wilson Stone,Wilson,,Stone,,,True,ky,lower,22,Democratic,076281a60575470eb4ecabde72ec7b85,http://www.lrc.ky.gov/pubinfo/thumbnails/House22.jpg,2011-06-16 21:49:08.267000,2013-03-01 00:35:05.337000
KYL000128,Tommy Thompson,Tommy,,Thompson,,,True,ky,lower,14,Democratic,42b18a0fddba42c291b9c8e709481fbe,http://www.lrc.ky.gov/pubinfo/thumbnails/House14.jpg,2011-06-16 21:49:08.271000,2013-03-01 00:35:06.021000
KYL000129,John Tilley,John,,Tilley,,,True,ky,lower,8,Democratic,44760ff1dfd540e2a726c7407e9f1f77,http://www.lrc.ky.gov/pubinfo/thumbnails/House08.jpg,2011-06-16 21:49:08.273000,2013-03-01 00:35:06.216000
KYL000130,Tommy Turner,Tommy,,Turner,,,True,ky,lower,85,Republican,40286f7ce2e14467ad3c53798ba0dbed,http://www.lrc.ky.gov/pubinfo/thumbnails/House85.jpg,2011-06-16 21:49:08.275000,2013-03-01 00:35:06.195000
KYL000131,Ben Waide,Ben,,Waide,,,True,ky,lower,10,Republican,07e2013d0bca47439da6ccad52501b48,http://www.lrc.ky.gov/pubinfo/thumbnails/House10.jpg,2011-06-16 21:49:08.277000,2013-03-01 00:35:06.324000
KYL000132,David Watkins,David,,Watkins,,,True,ky,lower,11,Democratic,77ec86e7bd944cc9a2eb11d8cfbdc385,http://www.lrc.ky.gov/pubinfo/thumbnails/House11.jpg,2011-06-16 21:49:08.278000,2013-03-01 00:35:06.198000
KYL000133,Jim Wayne,Jim,,Wayne,,,True,ky,lower,35,Democratic,4fe9956ef69a46aaa5003f393dbd2228,http://www.lrc.ky.gov/pubinfo/thumbnails/House35.jpg,2011-06-16 21:49:08.280000,2013-03-01 00:35:06.032000
KYL000135,Susan Westrom,Susan,,Westrom,,,True,ky,lower,79,Democratic,d3d0017a2e804d15b65b86977bced19f,http://www.lrc.ky.gov/pubinfo/thumbnails/House79.jpg,2011-06-16 21:49:08.284000,2013-03-01 00:35:05.626000
KYL000136,Addia Wuchner,Addia,,Wuchner,,,True,ky,lower,66,Republican,acca6f19d8ea4953adbd4b1c55c75b9f,http://www.lrc.ky.gov/pubinfo/thumbnails/House66.jpg,2011-06-16 21:49:08.287000,2013-03-01 00:35:06.200000
KYL000137,Brent Yonts,Brent,,Yonts,,,True,ky,lower,15,Democratic,46ba97ce88404ff4ab965a157a1fe299,http://www.lrc.ky.gov/pubinfo/thumbnails/House15.jpg,2011-06-16 21:49:08.291000,2013-03-01 00:35:05.967000
KYL000099,Brad Montell,Brad,,Montell,,,True,ky,lower,58,Republican,3b39bc1964454fbcb5399f7937968e26,http://www.lrc.ky.gov/pubinfo/thumbnails/House58.jpg,2011-06-16 21:49:08.188000,2013-03-01 00:35:06.001000
KYL000061,Mike Denham,Mike,,Denham,,,True,ky,lower,70,Democratic,7d0052caff0e413fa2d7155c897aa931,http://www.lrc.ky.gov/pubinfo/thumbnails/House70.jpg,2011-06-16 21:49:08.059000,2013-03-01 00:35:05.723000
KYL000049,"John ""Bam"" Carney",John,,Carney,,,True,ky,lower,51,Republican,34b256e2a0b64d02bb2e7dc05c8cb4f8,http://www.lrc.ky.gov/pubinfo/thumbnails/House51.jpg,2011-06-16 21:49:08.006000,2013-03-01 00:35:05.988000
KYL000044,Johnny Bell,Johnny,,Bell,,,True,ky,lower,23,Democratic,6aefbbbc7c754315a98bafa9056491f7,http://www.lrc.ky.gov/pubinfo/thumbnails/House23.jpg,2011-06-16 21:49:07.997000,2013-03-01 00:35:06.218000
KYL000106,Sannie Overly,Sannie,,Overly,,,True,ky,lower,72,Democratic,1eae703dfe3143f6b69a7162e21507b3,http://www.lrc.ky.gov/pubinfo/thumbnails/House72.jpg,2011-06-16 21:49:08.219000,2013-03-01 00:35:05.898000
KYL000056,Will Coursey,Will,,Coursey,,,True,ky,lower,6,Democratic,b42d11354276450c80d22b92ebad5172,http://www.lrc.ky.gov/pubinfo/thumbnails/House06.jpg,2011-06-16 21:49:08.039000,2013-03-01 00:35:06.283000
KYL000076,Keith Hall,Keith,,Hall,,,True,ky,lower,93,Democratic,f94b06d14846454d9068e9384c81cbda,http://www.lrc.ky.gov/pubinfo/thumbnails/House93.jpg,2011-06-16 21:49:08.098000,2013-03-01 00:35:06.157000
KYL000055,Tim Couch,Tim,,Couch,,,True,ky,lower,90,Republican,168043fd73164fd19ad48abf0b3efa31,http://www.lrc.ky.gov/pubinfo/thumbnails/House90.jpg,2011-06-16 21:49:08.018000,2013-03-01 00:35:06.280000
KYL000071,Jim Glenn,Jim,,Glenn,,,True,ky,lower,13,Democratic,b33aa9c3ecbd46b8a03d000d80b18d49,http://www.lrc.ky.gov/pubinfo/thumbnails/House13.jpg,2011-06-16 21:49:08.079000,2013-03-01 00:35:06.298000
KYL000115,Tom Riner,Tom,,Riner,,,True,ky,lower,41,Democratic,5b34044ce2cb4f809cc34ae3f804bd28,http://www.lrc.ky.gov/pubinfo/thumbnails/House41.jpg,2011-06-16 21:49:08.243000,2013-03-01 00:35:06.317000
KYL000089,Adam Koenig,Adam,,Koenig,,,True,ky,lower,69,Republican,c304c3e3e3134000a0f061b86e114de9,http://www.lrc.ky.gov/pubinfo/thumbnails/House69.jpg,2011-06-16 21:49:08.148000,2013-03-01 00:35:05.747000
KYL000156,Jeffery Donohue,Jeffery,,Donohue,,,True,ky,lower,37,Democratic,3e71c63daea648e484fcfb0374f69731,http://www.lrc.ky.gov/pubinfo/thumbnails/House37.jpg,2013-01-07 20:18:48.774000,2013-03-01 00:35:05.664000
KYL000039,Julie Raque Adams,Julie,Raque,Adams,,,True,ky,lower,32,Republican,fdc0969e3dde4cf0a561f0cea3c1eaa0,http://www.lrc.ky.gov/pubinfo/thumbnails/House32.jpg,2011-06-16 21:49:07.971000,2013-03-01 00:35:05.841000
KYL000108,Ruth Ann Palumbo,Ruth Ann,,Palumbo,,,True,ky,lower,76,Democratic,3f87eaf0b8a74e15ac554cd2a0d51fd1,http://www.lrc.ky.gov/pubinfo/thumbnails/House76.jpg,2011-06-16 21:49:08.223000,2013-03-01 00:35:05.900000
KYL000121,Kevin Sinnette,Kevin,,Sinnette,,,True,ky,lower,100,Democratic,f4bbae9a96b5424a9633d7840103803b,http://www.lrc.ky.gov/pubinfo/thumbnails/House100.jpg,2011-06-16 21:49:08.257000,2013-03-01 00:35:06.014000
KYL000113,Jody Richards,Jody,,Richards,,,True,ky,lower,20,Democratic,3e8e0f15f7c74f6cb5cdc210bab0b27a,http://www.lrc.ky.gov/pubinfo/thumbnails/House20.jpg,2011-06-16 21:49:08.239000,2013-03-01 00:35:06.006000
KYL000088,Martha Jane King,Martha,Jane,King,,,True,ky,lower,16,Democratic,7669be1b5a894db6817b522bf3b926df,http://www.lrc.ky.gov/pubinfo/thumbnails/House16.jpg,2011-06-16 21:49:08.146000,2013-03-01 00:35:06.303000
KYL000063,Myron Dossett,Myron,,Dossett,,,True,ky,lower,9,Republican,d8c576dfe4de46d4bfdb1addb371b1e3,http://www.lrc.ky.gov/pubinfo/thumbnails/House09.jpg,2011-06-16 21:49:08.063000,2013-03-01 00:35:06.291000
KYL000053,Leslie Combs,Leslie,,Combs,,,True,ky,lower,94,Democratic,ead7503f23314930a3864b18d5a00ef7,http://www.lrc.ky.gov/pubinfo/thumbnails/House94.jpg,2011-06-16 21:49:08.014000,2013-03-01 00:35:06.277000
KYL000138,Jill York,Jill,,York,,,True,ky,lower,96,Republican,d61dd56b5ec54d10bd43056a90625e8c,http://www.lrc.ky.gov/pubinfo/thumbnails/House96.jpg,2011-06-16 21:49:08.293000,2013-03-01 00:35:06.121000
KYL000065,C. B. Embry,C.B.,,Embry,Jr.,,True,ky,lower,17,Republican,8bd1bf47b41f427dbed1b94f82282743,http://www.lrc.ky.gov/pubinfo/thumbnails/House17.jpg,2011-06-16 21:49:08.067000,2013-03-01 00:35:05.584000
KYL000179,Kenneth Upchurch,Kenneth,,Upchurch,,,True,ky,lower,52,Republican,,http://www.lrc.ky.gov/pubinfo/thumbnails/House52.jpg,2013-02-20 00:25:53.343000,2013-03-01 00:35:06.027000
KYL000155,Denver Butler,Denver,,Butler,,,True,ky,lower,38,Democratic,fd3dd65dd3344e229a6108180698f931,http://www.lrc.ky.gov/pubinfo/thumbnails/House38.jpg,2013-01-07 20:18:48.653000,2013-03-01 00:35:06.248000
KYL000154,Robert Benvenuti III,Robert,,Benvenuti,III,,True,ky,lower,88,Republican,d87d863ae31d4844a8350ca8969abd00,http://www.lrc.ky.gov/pubinfo/thumbnails/House88.jpg,2013-01-07 20:18:48.624000,2013-03-01 00:35:06.221000
KYL000068,Kelly Flood,Kelly,,Flood,,,True,ky,lower,75,Democratic,b5c7cff76203401787ae624f6ddc9b8d,http://www.lrc.ky.gov/pubinfo/thumbnails/House75.jpg,2011-06-16 21:49:08.073000,2013-03-01 00:35:05.526000
KYL000047,Tom Burch,Tom,,Burch,,,True,ky,lower,30,Democratic,9b507cce92204ebf96e16a746153b4c0,http://www.lrc.ky.gov/pubinfo/thumbnails/House30.jpg,2011-06-16 21:49:08.002000,2013-03-01 00:35:06.243000
KYL000052,Hubert Collins,Hubert,,Collins,,,True,ky,lower,97,Democratic,b5124bda2c454ee690e6548777176282,http://www.lrc.ky.gov/pubinfo/thumbnails/House97.jpg,2011-06-16 21:49:08.012000,2013-03-01 00:35:06.127000
KYL000060,Jim DeCesare,Jim,,DeCesare,,,True,ky,lower,21,Republican,8282bd6383764569a813d08aea94a054,http://www.lrc.ky.gov/pubinfo/thumbnails/House21.jpg,2011-06-16 21:49:08.047000,2013-03-01 00:35:06.152000
KYL000100,Tim Moore,Tim,,Moore,,,True,ky,lower,26,Republican,a430b6239b1142ccb52a02a34dea5587,http://www.lrc.ky.gov/pubinfo/thumbnails/House26.jpg,2011-06-16 21:49:08.190000,2013-03-01 00:35:06.213000
KYL000072,Jim Gooch,Jim,,Gooch,Jr.,,True,ky,lower,12,Democratic,ae5fc36ea98a4e4bb25621f61794e62b,http://www.lrc.ky.gov/pubinfo/thumbnails/House12.jpg,2011-06-16 21:49:08.080000,2013-03-01 00:35:06.094000
KYL000077,Mike Harmon,Mike,,Harmon,,,True,ky,lower,54,Republican,725327c2808241ac9dbbd3993f835c76,http://www.lrc.ky.gov/pubinfo/thumbnails/House54.jpg,2011-06-16 21:49:08.100000,2013-03-01 00:35:06.074000
KYL000081,Dennis Horlander,Dennis,,Horlander,,,True,ky,lower,40,Democratic,23b14f22a9cc4de2a7d268d4206a8627,http://www.lrc.ky.gov/pubinfo/thumbnails/House40.jpg,2011-06-16 21:49:08.133000,2013-03-01 00:35:05.670000
KYL000084,Joni L. Jenkins,Joni L.,,Jenkins,,,True,ky,lower,44,Democratic,b84d55786a7e44e095ac634b30c8ae46,http://www.lrc.ky.gov/pubinfo/thumbnails/House44.jpg,2011-06-16 21:49:08.139000,2013-03-01 00:35:05.891000
KYL000090,Jimmie Lee,Jimmie,,Lee,,,True,ky,lower,25,Democratic,7f189f7e1d5a4c51a0cf51136062b39e,http://www.lrc.ky.gov/pubinfo/thumbnails/House25.jpg,2011-06-16 21:49:08.150000,2013-03-01 00:35:06.306000
KYL000109,Tanya Pullin,Tanya,,Pullin,,,True,ky,lower,98,Democratic,0d9d78b0abed4ec3a8ed47e1b73a1d4e,http://www.lrc.ky.gov/pubinfo/thumbnails/House98.jpg,2011-06-16 21:49:08.225000,2013-03-01 00:35:06.206000
KYL000143,Bart Rowland,Bart,,Rowland,,,True,ky,lower,53,Republican,6d965879529448d683594ce1f5bdb4a9,http://www.lrc.ky.gov/pubinfo/thumbnails/House53.jpg,2012-02-15 00:24:09.480000,2013-03-01 00:35:05.452000
KYL000119,John Short,John,,Short,,,True,ky,lower,92,Democratic,d2c0529ecfa44296bb318c6ac2d33a38,http://www.lrc.ky.gov/pubinfo/thumbnails/House92.jpg,2011-06-16 21:49:08.252000,2013-03-01 00:35:06.184000
KYL000120,Arnold Simpson,Arnold,,Simpson,,,True,ky,lower,65,Democratic,2f4de36e98d44f50ac65baa5dd538563,http://www.lrc.ky.gov/pubinfo/thumbnails/House65.jpg,2011-06-16 21:49:08.255000,2013-03-01 00:35:06.186000
KYL000124,Fitz Steele,Fitz,,Steele,,,True,ky,lower,84,Democratic,9cc2546972824e4b9ff8ca602abeb2ce,http://www.lrc.ky.gov/pubinfo/thumbnails/House84.jpg,2011-06-16 21:49:08.263000,2013-03-01 00:35:06.191000
KYL000045,Kevin D. Bratcher,Kevin,D.,Bratcher,,,True,ky,lower,29,Republican,bc71145612d14d979afcf0942ea1242a,http://www.lrc.ky.gov/pubinfo/thumbnails/House29.jpg,2011-06-16 21:49:07.999000,2013-03-01 00:35:06.142000
KYL000141,Regina Bunch,Regina,,Bunch,,,True,ky,lower,82,Republican,5501c9697ec94f728487d01e5c39a9f9,http://www.lrc.ky.gov/pubinfo/thumbnails/House82.jpg,2012-01-06 17:44:09.177000,2013-03-01 00:35:06.241000
KYL000048,Dwight D. Butler,Dwight,D.,Butler,,,True,ky,lower,18,Republican,3d9ad69cd21d4083844acd1cf40aca79,http://www.lrc.ky.gov/pubinfo/thumbnails/House18.jpg,2011-06-16 21:49:08.004000,2013-03-01 00:35:06.245000
KYL000051,Larry Clark,Larry,,Clark,,,True,ky,lower,46,Democratic,fc0d92e16c8e4111b7de44d30fa3c6c6,http://www.lrc.ky.gov/pubinfo/thumbnails/House46.jpg,2011-06-16 21:49:08.010000,2013-03-01 00:35:06.250000
KYL000058,Ron Crimm,Ron,,Crimm,,,True,ky,lower,33,Republican,d23640e9b28f4cffb5c095f14f456504,http://www.lrc.ky.gov/pubinfo/thumbnails/House33.jpg,2011-06-16 21:49:08.043000,2013-03-01 00:35:06.286000
KYL000073,Derrick Graham,Derrick,,Graham,,,True,ky,lower,57,Democratic,1706fa6b91044d92b87de165a1b86593,http://www.lrc.ky.gov/pubinfo/thumbnails/House57.jpg,2011-06-16 21:49:08.082000,2013-03-01 00:35:05.972000
KYL000086,Thomas Kerr,Thomas,,Kerr,,,True,ky,lower,64,Republican,0a61ed715be74dd69b110ca03eb0f5cb,http://www.lrc.ky.gov/pubinfo/thumbnails/House64.jpg,2011-06-16 21:49:08.142000,2013-03-01 00:35:06.101000
KYL000123,John Will Stacy,John,Will,Stacy,,,True,ky,lower,71,Democratic,fa8b7128476047969c8b3b1b8e0693b4,http://www.lrc.ky.gov/pubinfo/thumbnails/House71.jpg,2011-06-16 21:49:08.261000,2013-03-01 00:35:06.188000
KYL000095,Reginald Meeks,Reginald,,Meeks,,,True,ky,lower,42,Democratic,b013ee8754fb4eb0816ee7d90f191a18,http://www.lrc.ky.gov/pubinfo/thumbnails/House42.jpg,2011-06-16 21:49:08.160000,2013-03-01 00:35:05.820000
KYL000092,Mary Lou Marzian,Mary Lou,,Marzian,,,True,ky,lower,34,Democratic,d76036e839f5443b96e5b6c7c47d3322,http://www.lrc.ky.gov/pubinfo/thumbnails/House34.jpg,2011-06-16 21:49:08.154000,2013-03-01 00:35:05.593000
KYL000116,Carl Rollins,Carl,,Rollins,II,,True,ky,lower,56,Democratic,d1c36bf3ed1e41919761e843c5663f5b,http://www.lrc.ky.gov/pubinfo/thumbnails/House56.jpg,2011-06-16 21:49:08.246000,2013-03-01 00:35:06.320000
KYL000042,John A. Arnold,John,A.,Arnold,Jr.,,True,ky,lower,7,Democratic,f117b6db45f047ce9ad46b06fbe76a51,http://www.lrc.ky.gov/pubinfo/thumbnails/House07.jpg,2011-06-16 21:49:07.992000,2013-03-01 00:35:06.140000
KYL000125,Jim Stewart,Jim,,Stewart,III,,True,ky,lower,86,Republican,6e3c5124e5c9486cb93fc1799950360f,http://www.lrc.ky.gov/pubinfo/thumbnails/House86.jpg,2011-06-16 21:49:08.265000,2013-03-01 00:35:06.193000
KYL000078,Richard Henderson,Richard,,Henderson,,,True,ky,lower,74,Democratic,ac81e0ffefbc4c56afd4d1e1de4453bd,http://www.lrc.ky.gov/pubinfo/thumbnails/House74.jpg,2011-06-16 21:49:08.109000,2013-03-01 00:35:06.160000
KYL000146,Chris Girdler,Chris,,Girdler,,,True,ky,upper,15,Republican,e79c04056d67488bb38731b61e78e089,http://www.lrc.ky.gov/pubinfo/thumbnails/Senate15.jpg,2013-01-07 20:18:48.248000,2013-03-01 00:35:04.939000
KYL000148,Stan Humphries,Stan,,Humphries,,,True,ky,upper,1,Republican,08c8a704592a49ee9b2010c1740eb3d9,http://www.lrc.ky.gov/pubinfo/thumbnails/Senate01.jpg,2013-01-07 20:18:48.362000,2013-03-01 00:35:04.893000
KYL000150,Morgan McGarvey,Morgan,,McGarvey,,,True,ky,upper,19,Democratic,0c146358e6ed468eb181c34746d60f50,http://www.lrc.ky.gov/pubinfo/thumbnails/Senate19.jpg,2013-01-07 20:18:48.425000,2013-03-01 00:35:04.952000
KYL000023,Jerry P. Rhoads,Jerry,P.,Rhoads,,,True,ky,upper,6,Democratic,88c6fa68cab24e118ffdbd6c906a6b1f,http://www.lrc.ky.gov/pubinfo/thumbnails/Senate06.jpg,2011-06-16 21:49:07.898000,2013-03-01 00:35:04.996000
KYL000024,Dorsey Ridley,Dorsey,,Ridley,,,True,ky,upper,4,Democratic,2bf7b30aa66f4d3b9a516bc36a09bd62,http://www.lrc.ky.gov/pubinfo/thumbnails/Senate04.jpg,2011-06-16 21:49:07.913000,2013-03-01 00:35:04.954000
KYL000147,Sara Beth Gregory,Sara Beth,,Gregory,,,True,ky,upper,16,Republican,,http://www.lrc.ky.gov/pubinfo/thumbnails/Senate16.jpg,2013-01-07 20:18:48.324000,2013-03-01 00:35:04.725000
KYL000152,Whitney Westerfield,Whitney,,Westerfield,,,True,ky,upper,3,Republican,a7a54f8644ca4002beb3dd96d30faa9c,http://www.lrc.ky.gov/pubinfo/thumbnails/Senate03.jpg,2013-01-07 20:18:48.567000,2013-03-01 00:35:04.977000
KYL000004,Jared Carpenter,Jared,,Carpenter,,,True,ky,upper,34,Republican,7a7143f5cf9044c0b9f20d3b7671acb5,http://www.lrc.ky.gov/pubinfo/thumbnails/Senate34.jpg,2011-06-16 21:49:07.793000,2013-03-01 00:35:04.812000
KYL000005,Julian M. Carroll,Julian,M.,Carroll,,,True,ky,upper,7,Democratic,916d637970fb42859f591e10cfe12b8f,http://www.lrc.ky.gov/pubinfo/thumbnails/Senate07.jpg,2011-06-16 21:49:07.795000,2013-03-01 00:35:04.777000
KYL000016,Alice Forgy Kerr,Alice,Forgy,Kerr,,,True,ky,upper,12,Republican,dd3fe40c4ee1486b824d1539f37546ed,http://www.lrc.ky.gov/pubinfo/thumbnails/Senate12.jpg,2011-06-16 21:49:07.838000,2013-03-01 00:35:04.699000
KYL000028,Brandon Smith,Brandon,,Smith,,,True,ky,upper,30,Republican,668a2afee7be48d09c3460fd56807dc1,http://www.lrc.ky.gov/pubinfo/thumbnails/Senate30.jpg,2011-06-16 21:49:07.921000,2013-03-01 00:35:04.964000
KYL000010,Denise Harper Angel,Denise,Harper,Angel,,,True,ky,upper,35,Democratic,60572e1552854107982797ad590a613f,http://www.lrc.ky.gov/pubinfo/thumbnails/Senate35.jpg,2011-06-16 21:49:07.825000,2013-03-01 00:35:04.782000
KYL000013,Paul Hornback,Paul,,Hornback,,,True,ky,upper,20,Republican,ca7f6db4b040402ab27368073831fdc0,http://www.lrc.ky.gov/pubinfo/thumbnails/Senate20.jpg,2011-06-16 21:49:07.831000,2013-03-01 00:35:04.945000
KYL000032,Damon Thayer,Damon,,Thayer,,,True,ky,upper,17,Republican,805fd6f2476a4a64b08b467976e32284,http://www.lrc.ky.gov/pubinfo/thumbnails/Senate17.jpg,2011-06-16 21:49:07.936000,2013-03-01 00:35:04.920000
KYL000017,Bob Leeper,Bob,,Leeper,,,True,ky,upper,2,Independent,f270ac3774c049f1a05849156503d378,http://www.lrc.ky.gov/pubinfo/thumbnails/Senate02.jpg,2011-06-16 21:49:07.858000,2013-03-01 00:35:04.950000
KYL000008,Carroll Gibson,Carroll,,Gibson,,,True,ky,upper,5,Republican,76b3a3b6fc7748b2902ecfa0da608300,http://www.lrc.ky.gov/pubinfo/thumbnails/Senate05.jpg,2011-06-16 21:49:07.801000,2013-03-01 00:35:04.982000
KYL000026,"Dan ""Malano"" Seum","Dan ""Malano""",,Seum,,,True,ky,upper,38,Republican,2ddcc367e90b43719654d9978735ac68,http://www.lrc.ky.gov/pubinfo/thumbnails/Senate38.jpg,2011-06-16 21:49:07.917000,2013-03-01 00:35:04.913000
KYL000030,Katie Kratz Stine,Katie,Kratz,Stine,,,True,ky,upper,24,Republican,a227c9082d3c4480b79cec275116d20c,http://www.lrc.ky.gov/pubinfo/thumbnails/Senate24.jpg,2011-06-16 21:49:07.931000,2013-03-01 00:35:04.867000
KYL000033,Johnny Ray Turner,Johnny,Ray,Turner,,,True,ky,upper,29,Democratic,2609ba9cf69840998143f8868854dbcc,http://www.lrc.ky.gov/pubinfo/thumbnails/Senate29.jpg,2011-06-16 21:49:07.938000,2013-03-01 00:35:04.967000
KYL000025,John Schickel,John,,Schickel,,,True,ky,upper,11,Republican,70340a8b5f5a49d9a41fc0f82d44f385,http://www.lrc.ky.gov/pubinfo/thumbnails/Senate11.jpg,2011-06-16 21:49:07.915000,2013-03-01 00:35:04.962000
KYL000037,Mike Wilson,Mike,,Wilson,,,True,ky,upper,32,Republican,50af52bafe0f43ffa27ace41d4596e22,http://www.lrc.ky.gov/pubinfo/thumbnails/Senate32.jpg,2011-06-16 21:49:07.967000,2013-03-01 00:35:05.003000
KYL000002,Joe Bowen,Joe,,Bowen,,,True,ky,upper,8,Republican,ab9ce84f45d344659d2585264b30bc76,http://www.lrc.ky.gov/pubinfo/thumbnails/Senate08.jpg,2011-06-16 21:49:07.751000,2013-03-01 00:35:04.890000
KYL000029,Kathy W. Stein,Kathy,W.,Stein,,,True,ky,upper,13,Democratic,577dd938195c477f9c4238b152132b2d,http://www.lrc.ky.gov/pubinfo/thumbnails/Senate13.jpg,2011-06-16 21:49:07.929000,2013-03-01 00:35:05
KYL000149,Christian McDaniel,Christian,,McDaniel,,,True,ky,upper,23,Republican,,http://www.lrc.ky.gov/pubinfo/thumbnails/Senate23.jpg,2013-01-07 20:18:48.418000,2013-03-01 00:35:04.987000
KYL000011,Ernie Harris,Ernie,,Harris,,,True,ky,upper,26,Republican,,http://www.lrc.ky.gov/pubinfo/thumbnails/Senate26.jpg,2011-06-16 21:49:07.827000,2013-03-01 00:35:04.984000
KYL000006,Perry B. Clark,Perry,B.,Clark,,,True,ky,upper,37,Democratic,3cdea4381c714c51be4adffe45915d33,http://www.lrc.ky.gov/pubinfo/thumbnails/Senate37.jpg,2011-06-16 21:49:07.797000,2013-03-01 00:35:04.979000
KYL000021,Dennis Parrett,Dennis,,Parrett,,,True,ky,upper,10,Democratic,1d7f7a5e76c44fdaa85194e5016bc8c5,http://www.lrc.ky.gov/pubinfo/thumbnails/Senate10.jpg,2011-06-16 21:49:07.867000,2013-03-01 00:35:04.993000
KYL000151,Albert Robinson,Albert,,Robinson,,,True,ky,upper,21,Republican,c9cfcdac0f0c4fd3890f8822d0805574,http://www.lrc.ky.gov/pubinfo/thumbnails/Senate21.jpg,2013-01-07 20:18:48.468000,2013-03-01 00:35:04.998000
KYL000007,Julie Denton,Julie,,Denton,,,True,ky,upper,36,Republican,366cd37962da40b68e190f28b1793dba,http://www.lrc.ky.gov/pubinfo/thumbnails/Senate36.jpg,2011-06-16 21:49:07.799000,2013-03-01 00:35:04.780000
KYL000009,David Givens,David,,Givens,,,True,ky,upper,9,Republican,46bdfd508d6c4d8a83757c1b1b0a8eee,http://www.lrc.ky.gov/pubinfo/thumbnails/Senate09.jpg,2011-06-16 21:49:07.823000,2013-03-01 00:35:04.674000
KYL000001,Walter Blevins,Walter,,Blevins,Jr.,,True,ky,upper,27,Democratic,892ac0f456fd4113b6738673122f08ab,http://www.lrc.ky.gov/pubinfo/thumbnails/Senate27.jpg,2011-06-16 21:49:07.741000,2013-03-01 00:35:04.895000
KYL000003,Tom Buford,Tom,,Buford,,,True,ky,upper,22,Republican,fdf571edada24aebabd3adbadfd04ef9,http://www.lrc.ky.gov/pubinfo/thumbnails/Senate22.jpg,2011-06-16 21:49:07.772000,2013-03-01 00:35:04.775000
KYL000034,Robin L. Webb,Robin,L.,Webb,,,True,ky,upper,18,Democratic,b1f154a077f443f8a2bd587c0315db58,http://www.lrc.ky.gov/pubinfo/thumbnails/Senate18.jpg,2011-06-16 21:49:07.951000,2013-03-01 00:35:04.836000
KYL000019,Gerald A. Neal,Gerald,A.,Neal,,,True,ky,upper,33,Democratic,c6a2b67d02294bb79579a3593c375d46,http://www.lrc.ky.gov/pubinfo/thumbnails/Senate33.jpg,2011-06-16 21:49:07.862000,2013-03-01 00:35:04.904000
KYL000012,Jimmy Higdon,Jimmy,,Higdon,,,True,ky,upper,14,Republican,8ce8fbe646ac4bba8574daaac3e618f4,http://www.lrc.ky.gov/pubinfo/thumbnails/Senate14.jpg,2011-06-16 21:49:07.829000,2013-03-01 00:35:04.975000
KYL000031,Robert Stivers,Robert,,Stivers,II,,True,ky,upper,25,Republican,9a7a4d134fd54e9f94ed18d6ce8ccb1d,http://www.lrc.ky.gov/pubinfo/thumbnails/Senate25.jpg,2011-06-16 21:49:07.934000,2013-03-01 00:35:04.860000
KYL000020,R.J. Palmer,R.J.,,Palmer,II,,True,ky,upper,28,Democratic,94067d2b024c46d7b677b156e217ffc2,http://www.lrc.ky.gov/pubinfo/thumbnails/Senate28.jpg,2011-06-16 21:49:07.865000,2013-03-01 00:35:04.906000
KYL000015,Ray S. Jones,Ray,S.,Jones,II,,True,ky,upper,31,Democratic,9366abcd28ef48d18b24b9eee16ef1a4,http://www.lrc.ky.gov/pubinfo/thumbnails/Senate31.jpg,2011-06-16 21:49:07.836000,2013-03-01 00:35:04.947000
