LAL000150,Nick Gautreaux,Nick,,Gautreaux,,,False,la,,,,5565cf98305c47e6a9bbb2ce018eb5ce,,2010-08-26 01:34:23.007000,2011-04-25 21:25:04.395000
LAL000122,"Jr., Chris Roy Jr.",Chris,,Roy,Jr.,,False,la,,,,dfeec44f58584b9d911385e05684b0e1,http://house.louisiana.gov/H_Reps/RepPics09/rep25.jpg,2010-07-12 17:05:43.818000,2011-04-25 21:25:04.264000
LAL000125,"M.J. Smiley, Jr.",M.J.,,Smiley,Jr.,Mert,False,la,,,,f69ea4a8daa7480eb108a9df2cf46ba4,http://house.louisiana.gov/H_Reps/RepPics09/rep88.jpg,2010-07-12 17:05:43.840000,2011-04-25 21:25:04.350000
LAL000136,Wayne Waddell,Wayne,,Waddell,,,False,la,,,,1dcabf8133414c1f9b9a46d91734540b,http://votesmart.org/canphoto/1930.jpg,2010-07-12 17:05:43.906000,2011-04-25 21:25:04.228000
LAL000143,Joel T. Chaisson,Joel,T,Chaisson,,,False,la,,,,fd7b4bfc9a754aaab502927cc26b88ef,http://senate.legis.state.la.us/Chaisson/images/chaisson2004.gif,2010-08-26 01:34:22.995000,2011-04-25 21:25:04.387000
LAL000149,Butch Gautreaux,Butch,,Gautreaux,,,False,la,,,,3e2fe8ad397d4084a438890a21e7de62,http://senate.legis.state.la.us/Gautreaux/images/gautreaux2006.jpg,2010-08-26 01:34:23.006000,2011-04-25 21:25:04.390000
LAL000157,Rob Marionneaux,Rob,,Marionneaux,,,False,la,,,,ed2d3a881af947be91c90fc515592f89,http://senate.legis.state.la.us/Marionneaux/images/marionneaux2008.jpg,2010-08-26 01:34:23.029000,2011-04-25 21:25:04.385000
LAL000160,Mike Michot,Mike,,Michot,,,False,la,,,,3dbb33484f8b4e4dbd51a84e7ead4693,http://senate.legis.state.la.us/Michot/images/michot2004.jpg,2010-08-26 01:34:23.045000,2011-04-25 21:25:04.392000
LAL000163,Willie Mount,Willie,,Mount,,,False,la,,,,f44595ae31b340e0a1abb703c55fe73e,http://senate.legis.state.la.us/Mount/images/mount2001.jpg,2010-08-26 01:34:23.050000,2011-04-25 21:25:04.410000
LAL000167,Julie Quinn,Julie,,Quinn,,,False,la,,,,8c40290fab3d4649ba6a4b884163005c,http://senate.legis.state.la.us/Quinn/images/quinn2005.jpg,2010-08-26 01:34:23.057000,2011-04-25 21:25:04.426000
LAL000168,Buddy Shaw,Buddy,,Shaw,,,False,la,,,,28f5a94818ba4d17bb50ca3b5df32b3b,http://senate.legis.state.la.us/Shaw/images/shaw2008.jpg,2010-08-26 01:34:23.058000,2011-04-25 21:25:04.421000
LAL000176,Elton Aubert,Elton,,Aubert,,,False,la,,,,bea4d6d9b08240899bc055b4e2cf3646,http://house.louisiana.gov/H_Reps/RepPics09/rep58.jpg,2010-08-26 01:34:23.072000,2011-04-25 21:25:04.314000
LAL000177,Bobby Badon,Bobby,,Badon,,,False,la,,,,3139750773794cf3a761328303e07fd8,http://house.louisiana.gov/H_Reps/RepPics09/rep39.jpg,2010-08-26 01:34:23.074000,2011-04-25 21:25:04.291000
LAL000179,Damon J. Baldone,Damon,J,Baldone,,,False,la,,,,223c0dd7435a4553a762bcf0eafd1367,http://house.louisiana.gov/H_Reps/RepPics09/rep53.jpg,2010-08-26 01:34:23.077000,2011-04-25 21:25:04.308000
LAL000191,Billy R. Chandler,Billy,R,Chandler,,,False,la,,,,fb82319f71a14a75b958f65de9040a23,http://house.louisiana.gov/H_Reps/RepPics09/rep22.jpg,2010-08-26 01:34:23.117000,2011-04-25 21:25:04.261000
LAL000212,Rickey Hardy,Rickey,,Hardy,,,False,la,,,,f24d24e19e7e4ece86016a2d8c2c08eb,http://house.louisiana.gov/H_Reps/RepPics09/rep44.jpg,2010-08-26 01:34:23.153000,2011-04-25 21:25:04.298000
LAL000215,Reed Henderson,Reed,,Henderson,,,False,la,,,,5d6b7b2836294c0d8bdbb404a5876b25,http://house.louisiana.gov/H_Reps/RepPics09/rep103.jpg,2010-08-26 01:34:23.159000,2011-04-25 21:25:04.244000
LAL000222,Nita Rusich Hutter,Nita Rusich,,Hutter,,,False,la,,,,695494d688d54fb4ab48bd72854f2782,http://house.louisiana.gov/H_Reps/RepPics09/rep104.jpg,2010-08-26 01:34:23.171000,2011-04-25 21:25:04.245000
LAL000226,Rosalind Jones,Rosalind,,Jones,,,False,la,,,,77bf737c680e4fa88810c72d4099c219,http://house.louisiana.gov/H_Reps/RepPics09/rep17.jpg,2010-08-26 01:34:23.177000,2011-04-25 21:25:04.256000
LAL000228,Kay Kellogg Katz,Kay Kellogg,,Katz,,,False,la,,,,4e5757d8c8d6439c9eda35a670a1de53,http://house.louisiana.gov/H_Reps/RepPics09/rep16.jpg,2010-08-26 01:34:23.181000,2011-04-25 21:25:04.254000
LAL000230,John LaBruzzo,John,,LaBruzzo,,,False,la,,,,57c01de840974b1a80df91931f15a4c7,http://house.louisiana.gov/H_Reps/RepPics09/rep81.jpg,2010-08-26 01:34:23.184000,2011-04-25 21:25:04.342000
LAL000231,Juan LaFonta,Juan,,LaFonta,,,False,la,,,,0fd3cb50ded349dca2566ccf998f1a68,http://house.louisiana.gov/H_Reps/RepPics09/rep96.jpg,2010-08-26 01:34:23.186000,2011-04-25 21:25:04.372000
LAL000237,Sam Little,Sam,,Little,,,False,la,,,,9523ca7fb55648bba59718a6af3f5b17,http://house.louisiana.gov/H_Reps/RepPics09/rep14.jpg,2010-08-26 01:34:23.196000,2011-04-25 21:25:04.252000
LAL000240,"Thomas H. ""Tom"" McVea",Thomas,,McVea,,Tom,False,la,,,,eaeee879df04428caf4f3a885f16e5e2,http://house.louisiana.gov/H_Reps/RepPics09/rep62.jpg,2010-08-26 01:34:23.211000,2011-04-25 21:25:04.319000
LAL000247,Rick Nowlin,Rick,,Nowlin,,,False,la,,,,cd9fc2c93f334ed8867f20e9e5a7c3e0,http://house.louisiana.gov/H_Reps/RepPics09/rep23.jpg,2010-08-26 01:34:23.223000,2011-04-25 21:25:04.262000
LAL000268,Ricky Templet,Ricky,,Templet,,,False,la,,,,63a5e35900d246c1b8dbd2cecfe62c32,http://house.louisiana.gov/H_Reps/RepPics09/rep85.jpg,2010-08-26 01:34:23.269000,2011-04-25 21:25:04.346000
LAL000275,Ernest D. Wooton,Ernest,D,Wooton,,,False,la,,,,de1bf4b2b06b4b00a4e9bb82d00fa2f4,http://house.louisiana.gov/H_Reps/RepPics09/rep105.jpg,2010-08-26 01:34:23.281000,2011-04-25 21:25:04.249000
LAL000279,Cynthia Willard-Lewis,Cynthia,,Willard-Lewis,,,False,la,,,,0991d1cb001b43c1a9cc2d5505a3c020,http://senate.legis.state.la.us/Lewis/images/lewiscopy.jpg,2010-11-10 01:19:18.304000,2011-04-25 21:25:04.388000
LAL000428,Roy Chris Jr.,Roy,,Chris,Jr.,,False,la,,,,dfeec44f58584b9d911385e05684b0e1,,2011-04-28 00:51:42.230000,2012-01-10 17:40:46.711000
LAL000144,Sherri Smith Cheek,Sherri Smith,,Cheek,,,False,la,,,,b7aabcff9d544e8595c3b4a015bee312,http://senate.legis.state.la.us/Cheek/images/cheek2004.jpg,2010-08-26 01:34:22.997000,2011-04-25 21:25:04.421000
LAL000152,Troy Hebert,Troy,,Hebert,,,False,la,,,,88acf700f9e74240bc845f63ff9dbfdd,,2010-08-26 01:34:23.021000,2011-04-25 21:25:04.391000
LAL000153,Lydia P. Jackson,Lydia,P,Jackson,,,False,la,,,,88f1ad20377b477f8f0e69fe42ebf3a1,http://senate.legis.state.la.us/Jackson/images/jackson2004.jpg,2010-08-26 01:34:23.022000,2011-04-25 21:25:04.423000
LAL000159,Joe McPherson,Joe,,McPherson,,,False,la,,,,e88d454bb93047a596f723b59937ce7f,http://senate.legis.state.la.us/Mcpherson/images/mcpherson2001.jpg,2010-08-26 01:34:23.043000,2011-04-25 21:25:04.412000
LAL000198,Jean M. Doerge,Jean,M,Doerge,,,False,la,,,,c86245ec0d874f6c922dc0c5652f2a35,http://house.louisiana.gov/H_Reps/RepPics09/rep10.jpg,2010-08-26 01:34:23.129000,2011-04-25 21:25:04.240000
LAL000200,Hollis Downs,Hollis,,Downs,,,False,la,,,,dfcf713170154f069c3acd3e6b14e525,http://house.louisiana.gov/H_Reps/RepPics09/rep12.jpg,2010-08-26 01:34:23.133000,2011-04-25 21:25:04.250000
LAL000202,Noble Ellington,Noble,,Ellington,,,False,la,,,,89c103794c594efe9741ffd62202720a,http://house.louisiana.gov/H_Reps/RepPics09/rep20.jpg,2010-08-26 01:34:23.136000,2011-04-25 21:25:04.259000
LAL000218,Walker Hines,Walker,,Hines,,,False,la,,,,537fdf68651f4966b6ce6718fe8eaa3c,http://house.louisiana.gov/H_Reps/RepPics09/rep95.jpg,2010-08-26 01:34:23.164000,2011-04-25 21:25:04.370000
LAL000224,Michael Jackson,Michael,,Jackson,,,False,la,,,,da9591265b9348c2835c8d85cbd559b3,http://house.louisiana.gov/H_Reps/RepPics09/rep61.jpg,2010-08-26 01:34:23.174000,2011-04-25 21:25:04.318000
LAL000242,Nickie Monica,Nickie,,Monica,,,False,la,,,,16d94c304227411aa62f7f040738bfd2,http://house.louisiana.gov/H_Reps/RepPics09/rep57.jpg,2010-08-26 01:34:23.215000,2011-04-25 21:25:04.313000
LAL000255,Cedric Richmond,Cedric,,Richmond,,,False,la,,,,7b0f191ceb274642b8b45688e3f4fe81,,2010-08-26 01:34:23.237000,2011-04-25 21:25:04.242000
LAL000263,Jane H. Smith,Jane,H,Smith,,,False,la,,,,2737cf9fd9d843939f7e325303bce2bb,http://house.louisiana.gov/H_Reps/RepPics09/rep8.jpg,2010-08-26 01:34:23.260000,2011-04-25 21:25:04.339000
LAL000266,Charmaine Marchand Stiaes,Charmaine Marchand,,Stiaes,,,False,la,,,,bfeb88e2da3c49f7a5b549b62e985ddc,http://house.louisiana.gov/H_Reps/RepPics09/rep99.jpg,2010-08-26 01:34:23.265000,2011-04-25 21:25:04.375000
LAL000271,Jim Tucker,Jim,,Tucker,,,False,la,,,,dca749c8f6ee4147a08c1f980e60810e,http://house.louisiana.gov/H_Reps/RepPics09/rep86.jpg,2010-08-26 01:34:23.274000,2011-04-25 21:25:04.347000
LAL000458,Paul Hollis,Paul,,Hollis,,,True,la,lower,104,Republican,043bf1da70fb48c59ec42b01fd2c86f1,http://house.louisiana.gov/H_Reps/./RepPics09/rep104.jpg,2012-01-10 17:40:45.766000,2013-01-25 04:28:18.571000
LAL000245,"John C. Morris, III",John C.,,Morris,III,,True,la,lower,14,Republican,e3e6c30d90754d4181134d55336c5293,http://house.louisiana.gov/H_Reps/RepPics09/rep14.jpg,2010-08-26 01:34:23.220000,2013-01-25 04:28:18.755000
LAL000213,Joe Harrison,Joe,,Harrison,,,True,la,lower,51,Republican,bf3de790149f4263ad598b6b885c4d86,http://house.louisiana.gov/H_Reps/RepPics09/rep51.jpg,2010-08-26 01:34:23.155000,2013-01-25 04:28:18.475000
LAL000254,Clifton R. Richardson,Clifton R.,,Richardson,,,True,la,lower,65,Republican,5ab02f4c23184feeaf429f47500cbfbf,http://house.louisiana.gov/H_Reps/RepPics09/rep65.jpg,2010-08-26 01:34:23.235000,2013-01-25 04:27:25.236000
LAL000216,Cameron Henry,Cameron,,Henry,,,True,la,lower,82,Republican,2a15060102cf4e18a4e872e3a114f28e,http://house.louisiana.gov/H_Reps/RepPics09/rep82.jpg,2010-08-26 01:34:23.160000,2013-01-25 04:28:18.618000
LAL000462,"Edward C. ""Ted"" James II","Edward C. ""Ted""",,James,II,,True,la,lower,101,Democratic,cc3cb4cbb4e44092a604549d49442772,http://house.louisiana.gov/H_Reps/./RepPics09/rep101.jpg,2012-01-10 17:40:45.837000,2013-01-25 04:28:18.477000
LAL000280,Alan Seabaugh,Alan,,Seabaugh,,,True,la,lower,5,Republican,d9fce01e603c449eaa04e004eea5028a,http://house.louisiana.gov/H_Reps/RepPics09/rep5.jpg,2010-11-10 01:19:18.413000,2013-01-25 04:28:18.669000
LAL000233,Nancy Landry,Nancy,,Landry,,,True,la,lower,31,Republican,b2235504252048cfac8f18cec10bfdbd,http://house.louisiana.gov/H_Reps/RepPics09/rep31.jpg,2010-08-26 01:34:23.189000,2013-01-25 04:28:18.578000
LAL000447,Stuart J. Bishop,Stuart J.,,Bishop,,,True,la,lower,43,Republican,d4969d70c6274b45aef1b18e9bc877da,http://house.louisiana.gov/H_Reps/./RepPics09/rep43.jpg,2012-01-10 17:40:45.384000,2013-01-25 04:28:18.459000
LAL000455,Lance Harris,Lance,,Harris,,,True,la,lower,25,Republican,869163c7f07b4fe98512fc3c68e63e1d,http://house.louisiana.gov/H_Reps/./RepPics09/rep25.jpg,2012-01-10 17:40:45.679000,2013-01-25 04:28:18.735000
LAL000478,Jeff R. Thompson,Jeff R.,,Thompson,,,True,la,lower,8,Republican,38b660c1e69245c5a33bff2e8a661461,http://house.louisiana.gov/H_Reps/./RepPics09/rep8.jpg,2012-01-10 17:40:46.265000,2013-01-25 04:28:18.714000
LAL000461,Katrina R. Jackson,Katrina R.,,Jackson,,,True,la,lower,16,Democratic,2489b20da1944673916cd335113736f0,http://house.louisiana.gov/H_Reps/./RepPics09/rep16.jpg,2012-01-10 17:40:45.826000,2013-01-25 04:28:18.797000
LAL000463,Patrick O. Jefferson,Patrick O.,,Jefferson,,,True,la,lower,11,Democratic,4db9550c7aed4c25a2fe572161a9f999,http://house.louisiana.gov/H_Reps/./RepPics09/rep11.jpg,2012-01-10 17:40:45.849000,2013-01-25 04:28:18.573000
LAL000042,"Austin J. Badon, Jr.",Austin,J,Badon,Jr.,,True,la,lower,100,Democratic,e0254c11a9eb4929aa2d7616a89a435e,http://house.louisiana.gov/H_Reps/./RepPics09/rep100.jpg,2010-07-12 17:05:43.445000,2013-01-25 04:28:18.822000
LAL000088,Girod Jackson III,Girod,,Jackson,III,,True,la,lower,87,Democratic,f5ee06a8c2ee441e91aadd3186de55dc,http://house.louisiana.gov/H_Reps/./RepPics09/rep87.jpg,2010-07-12 17:05:43.651000,2013-01-25 04:28:18.845000
LAL000099,Walt Leger III,Walt,,Leger,III,,True,la,lower,91,Democratic,38034504dc3348a79227c5a4a13128b6,http://house.louisiana.gov/H_Reps/./RepPics09/rep91.jpg,2010-07-12 17:05:43.698000,2013-01-25 04:28:18.851000
LAL000172,Neil C. Abramson,Neil C.,,Abramson,,,True,la,lower,98,Democratic,8f7b86272b544283a36414f8aa14c42b,http://house.louisiana.gov/H_Reps/RepPics09Large/rep98.jpg,2010-08-26 01:34:23.065000,2013-01-25 04:28:18.167000
LAL000173,"John F. ""Andy"" Anders","John  ""Andy""",F,Anders,,,True,la,lower,21,Democratic,d66885ee2445407ea3b5a7284448cf81,http://house.louisiana.gov/H_Reps/RepPics09/rep21.jpg,2010-08-26 01:34:23.067000,2013-01-25 04:28:18.771000
LAL000174,James K. Armes III,James K.,,Armes,III,,True,la,lower,30,Democratic,840b37c2897d487bb2b61dc517867565,http://house.louisiana.gov/H_Reps/RepPics09/rep30.jpg,2010-08-26 01:34:23.069000,2013-01-25 04:28:18.501000
LAL000175,"Jeffery ""Jeff"" J. Arnold",Jeffery,J,Arnold,,,True,la,lower,102,Democratic,272fd59fdc93469298bf466fd814aa1c,http://house.louisiana.gov/H_Reps/RepPics09/rep102.jpg,2010-08-26 01:34:23.070000,2013-01-25 04:28:18.600000
LAL000180,Taylor F. Barras,Taylor F.,,Barras,,,True,la,lower,48,Republican,02ce174dd8014949920aa1a1d0b6651a,http://house.louisiana.gov/H_Reps/RepPics09/rep48.jpg,2010-08-26 01:34:23.079000,2013-01-25 04:28:18.824000
LAL000181,Regina Ashford Barrow,Regina Ashford,,Barrow,,,True,la,lower,29,Democratic,050eb4fbaa91443396259cea5dbcdf06,http://house.louisiana.gov/H_Reps/RepPics09/rep29.jpg,2010-08-26 01:34:23.100000,2013-01-25 04:28:18.826000
LAL000182,Robert E. Billiot,Robert E.,,Billiot,,,True,la,lower,83,Democratic,3e090f558d9f434c9cfb31a7b9dbeb53,http://house.louisiana.gov/H_Reps/RepPics09/rep83.jpg,2010-08-26 01:34:23.102000,2013-01-25 04:28:18.830000
LAL000183,Jared C. Brossett,Jared C.,,Brossett,,,True,la,lower,97,Democratic,05c9a867021c48c589c69968fa74890f,http://house.louisiana.gov/H_Reps/RepPics09/rep97.jpg,2010-08-26 01:34:23.104000,2013-01-25 04:28:18.834000
LAL000184,Richard T. Burford,Richard T.,,Burford,,,True,la,lower,7,Republican,910a318e848c40f3a100b12f154c90f3,http://house.louisiana.gov/H_Reps/RepPics09/rep7.jpg,2010-08-26 01:34:23.105000,2013-01-25 04:28:18.773000
LAL000185,Henry L. Burns,Henry L.,,Burns,,,True,la,lower,9,Republican,339ec1a32ae54a8c93e9b5dda23ec8fe,http://house.louisiana.gov/H_Reps/RepPics09/rep9.jpg,2010-08-26 01:34:23.107000,2013-01-25 04:28:18.775000
LAL000186,"Timothy G. ""Tim"" Burns","Timothy G. ""Tim""",,Burns,,,True,la,lower,89,Republican,b9a3f0581b7c433e8396e2823e824719,http://house.louisiana.gov/H_Reps/RepPics09/rep89.jpg,2010-08-26 01:34:23.109000,2013-01-25 04:28:18.541000
LAL000187,Roy A. Burrell,Roy,A,Burrell,,,True,la,lower,2,Democratic,f4ada932c3634f54b446f32c627f5103,http://house.louisiana.gov/H_Reps/RepPics09/rep2.jpg,2010-08-26 01:34:23.111000,2013-01-25 04:28:18.838000
LAL000188,"Thomas G. Carmody, Jr.",Thomas G.,,Carmody,Jr.,,True,la,lower,6,Republican,7b33e041fb934929a86cd6f0811d390d,http://house.louisiana.gov/H_Reps/RepPics09/rep6.jpg,2010-08-26 01:34:23.112000,2013-01-25 04:28:18.777000
LAL000189,Stephen F. Carter,Stephen F.,,Carter,,,True,la,lower,68,Republican,fbee98ec1492453b8da7f55bc9546fc1,http://house.louisiana.gov/H_Reps/RepPics09/rep68.jpg,2010-08-26 01:34:23.114000,2013-01-25 04:28:18.563000
LAL000192,Charles R. Chaney,Charles R.,,Chaney,,,True,la,lower,19,Republican,19cd5c8bdc00421cad2f4da793a5500d,http://house.louisiana.gov/H_Reps/RepPics09/rep19.jpg,2010-08-26 01:34:23.119000,2013-01-25 04:28:18.781000
LAL000193,Patrick Connick,Patrick,,Connick,,,True,la,lower,84,Republican,c4c04457e1dc4db0ba33bd6d34c7cb7d,http://house.louisiana.gov/H_Reps/RepPics09/rep84.jpg,2010-08-26 01:34:23.121000,2013-01-25 04:28:18.463000
LAL000195,Gregory Cromer,Gregory,,Cromer,,,True,la,lower,90,Republican,73aa43ffca3348a9ae318b1e340ce7de,http://house.louisiana.gov/H_Reps/RepPics09/rep90.jpg,2010-08-26 01:34:23.124000,2013-01-25 04:28:18.643000
LAL000196,Michael E. Danahay,Michael E.,,Danahay,,,True,la,lower,33,Democratic,8833b4fab6b6435e820e1f3766658f20,http://house.louisiana.gov/H_Reps/RepPics09/rep33.jpg,2010-08-26 01:34:23.126000,2013-01-25 04:28:18.839000
LAL000197,Herbert B. Dixon,Herbert,B,Dixon,,,True,la,lower,26,Democratic,6dc3a38e8c67411ba26ee0654117a256,http://house.louisiana.gov/H_Reps/RepPics09/rep26.jpg,2010-08-26 01:34:23.128000,2013-01-25 04:28:18.186000
LAL000199,"Gordon E. Dove, Sr.",Gordon,E,Dove,Sr.,,True,la,lower,52,Republican,d659900ed9994009ad834d86670892ae,http://house.louisiana.gov/H_Reps/RepPics09/rep52.jpg,2010-08-26 01:34:23.131000,2013-01-25 04:28:18.465000
LAL000201,John Bel Edwards,John Bel,,Edwards,,,True,la,lower,72,Democratic,eeaee3819ddf47e7981206753829eb90,http://house.louisiana.gov/H_Reps/RepPics09/rep72.jpg,2010-08-26 01:34:23.134000,2013-01-25 04:28:18.567000
LAL000203,"James R. ""Jim"" Fannin","James  ""Jim""",R,Fannin,,Jim,True,la,lower,13,Democratic,9cae6133fa9541f4af857c327e41b643,http://house.louisiana.gov/H_Reps/RepPics09/rep13.jpg,2010-08-26 01:34:23.138000,2013-01-25 04:28:18.543000
LAL000204,Franklin J. Foil,Franklin J.,,Foil,,,True,la,lower,70,Republican,f3e8f040438e46eb927bdc41543e4a99,http://house.louisiana.gov/H_Reps/RepPics09/rep70.jpg,2010-08-26 01:34:23.140000,2013-01-25 04:28:18.515000
LAL000205,A B Franklin,A B,,Franklin,,,True,la,lower,34,Democratic,594c2505720f44aeb38d337b1cd4cbb2,http://house.louisiana.gov/H_Reps/RepPics09/rep34.jpg,2010-08-26 01:34:23.141000,2013-01-25 04:28:18.733000
LAL000207,Brett F. Geymann,Brett,F,Geymann,,,True,la,lower,35,Republican,f1002f6a4aed4a7d88918feb7103229c,http://house.louisiana.gov/H_Reps/RepPics09/rep35.jpg,2010-08-26 01:34:23.145000,2013-01-25 04:28:18.327000
LAL000208,Jerry Gisclair,Jerry,,Gisclair,,,True,la,lower,54,Democratic,b0bfbd87421e42838775ab80c8d52615,http://house.louisiana.gov/H_Reps/RepPics09/rep54.jpg,2010-08-26 01:34:23.147000,2013-01-25 04:28:18.783000
LAL000209,Hunter V. Greene,Hunter V.,,Greene,,,True,la,lower,66,Republican,1e8732435171449d96664da32b09d9fd,http://house.louisiana.gov/H_Reps/RepPics09/rep66.jpg,2010-08-26 01:34:23.148000,2013-01-25 04:28:18.645000
LAL000210,Mickey J. Guillory,Mickey,J,Guillory,,,True,la,lower,41,Democratic,d5efec7ff41a4292802301f7dfb226df,http://house.louisiana.gov/H_Reps/RepPics09/rep41.jpg,2010-08-26 01:34:23.150000,2013-01-25 04:28:18.692000
LAL000211,John E.  Guinn,John E.,,Guinn,,,True,la,lower,37,Republican,c121243f05ca40f7ad4e2452d2dd6ba4,http://house.louisiana.gov/H_Reps/RepPics09/rep37.jpg,2010-08-26 01:34:23.152000,2013-01-25 04:28:18.785000
LAL000214,Lowell C. Hazel,Lowell C.,,Hazel,,,True,la,lower,27,Republican,ca6da29d551145f49e5623e244e1ded3,http://house.louisiana.gov/H_Reps/RepPics09/rep27.jpg,2010-08-26 01:34:23.157000,2013-01-25 04:28:18.787000
LAL000217,Dorothy Sue Hill,Dorothy Sue,,Hill,,,True,la,lower,32,Democratic,dffe2da8ec9f42509a271f18066ac9f9,http://house.louisiana.gov/H_Reps/RepPics09/rep32.jpg,2010-08-26 01:34:23.162000,2013-01-25 04:28:18.791000
LAL000219,Frank A. Hoffmann,Frank A.,,Hoffmann,,,True,la,lower,15,Republican,e6b4d66293d04a8ea09dbd842403ef0c,http://house.louisiana.gov/H_Reps/RepPics09/rep15.jpg,2010-08-26 01:34:23.165000,2013-01-25 04:28:18.743000
LAL000220,Dalton W. Honoré,Dalton W.,,Honoré,,,True,la,lower,63,Democratic,64da9f6f1c2244fa98d03a11719e6d8f,http://house.louisiana.gov/H_Reps/RepPics09/rep63.jpg,2010-08-26 01:34:23.167000,2013-01-25 04:28:18.843000
LAL000221,Frank A. Howard,Frank A.,,Howard,,,True,la,lower,24,Republican,285bf624a80643aaaf0e6f83ccef1ffe,http://house.louisiana.gov/H_Reps/RepPics09/rep24.jpg,2010-08-26 01:34:23.169000,2013-01-25 04:28:18.793000
LAL000225,Robert A. Johnson,Robert A.,,Johnson,,,True,la,lower,28,Democratic,9006dc4175d74eaab43fcf24648f0fda,http://house.louisiana.gov/H_Reps/RepPics09/rep28.jpg,2010-08-26 01:34:23.176000,2013-01-25 04:28:18.799000
LAL000227,Sam Jones,Sam,,Jones,,,True,la,lower,50,Democratic,c0ed729294374694ac3e2e205e5be687,http://house.louisiana.gov/H_Reps/RepPics09/rep50.jpg,2010-08-26 01:34:23.179000,2013-01-25 04:28:18.479000
LAL000229,"Charles E. ""Chuck"" Kleckley","Charles E. ""Chuck""",,Kleckley,,,True,la,lower,36,Republican,636f23c8c99b4ce79fa6e6c0c702333f,http://house.louisiana.gov/H_Reps/RepPics09/rep36.jpg,2010-08-26 01:34:23.182000,2013-01-25 04:28:18.847000
LAL000232,Eddie J. Lambert,Eddie J.,,Lambert,,,True,la,lower,59,Republican,fc8abf23a21d480980c35e2cc40dbd77,http://house.louisiana.gov/H_Reps/RepPics09/rep59.jpg,2010-08-26 01:34:23.188000,2013-01-25 04:28:18.703000
LAL000234,H. Bernard LeBas,H. Bernard,,LeBas,,,True,la,lower,38,Democratic,dad2440b729047409bef645529aa5c09,http://house.louisiana.gov/H_Reps/RepPics09/rep38.jpg,2010-08-26 01:34:23.191000,2013-01-25 04:28:18.806000
LAL000236,"Anthony V. Ligi, Jr.",Anthony V.,,Ligi,Jr.,,True,la,lower,79,Republican,a767f83224fd4bd9bb03e284422ad3b8,http://house.louisiana.gov/H_Reps/RepPics09/rep79.jpg,2010-08-26 01:34:23.194000,2013-01-25 04:27:25.204000
LAL000238,Joseph P. Lopinto III,Joseph P.,,Lopinto,III,,True,la,lower,80,Republican,5329f4da5dc64eff8a122af4a00197c4,http://house.louisiana.gov/H_Reps/RepPics09/rep80.jpg,2010-08-26 01:34:23.198000,2013-01-25 04:28:17.862000
LAL000239,Nick Lorusso,Nick,,Lorusso,,,True,la,lower,94,Republican,e11be4a0fce2492a99937a9822f61e55,http://house.louisiana.gov/H_Reps/RepPics09/rep94.jpg,2010-08-26 01:34:23.209000,2013-01-25 04:28:18.659000
LAL000243,Jack Montoucet,Jack,,Montoucet,,,True,la,lower,42,Democratic,f3ad21a0c30740eca97c6a087ec4ca88,http://house.louisiana.gov/H_Reps/RepPics09/rep42.jpg,2010-08-26 01:34:23.216000,2013-01-25 04:28:18.490000
LAL000244,Helena N. Moreno,Helena N.,,Moreno,,,True,la,lower,93,Democratic,3ffbb410e9ca41c5bc06df40a39ae6fc,http://house.louisiana.gov/H_Reps/RepPics09/rep93.jpg,2010-08-26 01:34:23.218000,2013-01-25 04:28:18.343000
LAL000246,Barbara M. Norton,Barbara M.,,Norton,,,True,la,lower,3,Democratic,ece0ff6cf8eb4331b33e85d8d748530a,http://house.louisiana.gov/H_Reps/RepPics09/rep3.jpg,2010-08-26 01:34:23.221000,2013-01-25 04:28:18.853000
LAL000248,J. Kevin Pearson,J. Kevin,,Pearson,,,True,la,lower,76,Republican,278f839a44804f9fb8e466645ce9f986,http://house.louisiana.gov/H_Reps/RepPics09/rep76.jpg,2010-08-26 01:34:23.225000,2013-01-25 04:28:18.661000
LAL000250,Erich E. Ponti,Erich E.,,Ponti,,,True,la,lower,69,Republican,f51ebdf12221491ba91daae6aecea9e3,http://house.louisiana.gov/H_Reps/RepPics09/rep69.jpg,2010-08-26 01:34:23.228000,2013-01-25 04:28:18.400000
LAL000251,J. Rogers Pope,J. Rogers,,Pope,,,True,la,lower,71,Republican,cbe740a61d044e31a3efe04990f464ab,http://house.louisiana.gov/H_Reps/RepPics09/rep71.jpg,2010-08-26 01:34:23.230000,2013-01-25 04:28:18.759000
LAL000252,Stephen E. Pugh,Stephen E.,,Pugh,,,True,la,lower,73,Republican,240b695e4f564780a5fc8edf46ff1f7f,http://house.louisiana.gov/H_Reps/RepPics09/rep73.jpg,2010-08-26 01:34:23.232000,2013-01-25 04:28:18.857000
LAL000253,Jerome Richard,Jerome,,Richard,,Dee,True,la,lower,55,Independent,9e1eadcba5aa44aa83ce8b23cb016685,http://house.louisiana.gov/H_Reps/RepPics09/rep55.jpg,2010-08-26 01:34:23.233000,2013-01-25 04:28:18.584000
LAL000256,Harold L. Ritchie,Harold,L,Ritchie,,,True,la,lower,75,Democratic,3d98a059e7ef4bb1b82bc48a6d478b0f,http://house.louisiana.gov/H_Reps/RepPics09/rep75.jpg,2010-08-26 01:34:23.238000,2013-01-25 04:28:18.708000
LAL000257,Joel C. Robideaux,Joel C.,,Robideaux,,,True,la,lower,45,Republican,4ead0498697946e49c2c2af8eb10d9c5,http://house.louisiana.gov/H_Reps/RepPics09/rep45.jpg,2010-08-26 01:34:23.240000,2013-01-25 04:28:18.710000
LAL000259,"John M. Schroder, Sr.",John M.,,Schroder,Sr.,,True,la,lower,77,Republican,9a8e259987114b9dbdb7b89a44dbeee7,http://house.louisiana.gov/H_Reps/RepPics09/rep77.jpg,2010-08-26 01:34:23.244000,2013-01-25 04:28:18.632000
LAL000260,Scott M. Simon,Scott M.,,Simon,,,True,la,lower,74,Republican,d7c409254d0e47d8b0d8be16d8cd55d0,http://house.louisiana.gov/H_Reps/RepPics09/rep74.jpg,2010-08-26 01:34:23.245000,2013-01-25 04:28:18.761000
LAL000264,Patricia Haynes Smith,Patricia Haynes,,Smith,,,True,la,lower,67,Democratic,7efad81c01a045acac16fd5c0854e243,http://house.louisiana.gov/H_Reps/RepPics09/rep67.jpg,2010-08-26 01:34:23.262000,2013-01-25 04:28:18.634000
LAL000265,Karen Gaudet St. Germain,Karen Gaudet,,St. Germain,,,True,la,lower,60,Democratic,839f382f38aa42e2832011c6a48997be,http://house.louisiana.gov/H_Reps/RepPics09/rep60.jpg,2010-08-26 01:34:23.264000,2013-01-25 04:28:18.636000
LAL000267,Kirk Talbot,Kirk,,Talbot,,,True,la,lower,78,Republican,dbae96a231d24b038867ac49929bfe5f,http://house.louisiana.gov/H_Reps/RepPics09/rep78.jpg,2010-08-26 01:34:23.267000,2013-01-25 04:28:18.671000
LAL000269,Major Thibaut,Major,,Thibaut,,,True,la,lower,18,Democratic,962428c75dbe4fa189267f19449303e7,http://house.louisiana.gov/H_Reps/RepPics09/rep18.jpg,2010-08-26 01:34:23.270000,2013-01-25 04:28:18.813000
LAL000270,Ledricka Johnson Thierry,Ledricka Johnson,,Thierry,,,True,la,lower,40,Democratic,33d2440a74334749895b9860dcf10ff2,http://house.louisiana.gov/H_Reps/RepPics09/rep40.jpg,2010-08-26 01:34:23.272000,2013-01-25 04:28:18.675000
LAL000273,Patrick C. Williams,Patrick C.,,Williams,,,True,la,lower,4,Democratic,714cbf2efb2e4495916b709230a40282,http://house.louisiana.gov/H_Reps/RepPics09/rep4.jpg,2010-08-26 01:34:23.277000,2013-01-25 04:28:18.765000
LAL000274,Thomas P. Willmott,Thomas P.,,Willmott,,,True,la,lower,92,Republican,eb2afc0b8f2a4a0384a349f83039b2ae,http://house.louisiana.gov/H_Reps/RepPics09/rep92.jpg,2010-08-26 01:34:23.279000,2013-01-25 04:28:18.859000
LAL000331,Wesley T. Bishop,Wesley T.,,Bishop,,,True,la,lower,99,Democratic,c77efa88bcda4f36ade36a98e7648ebf,http://house.louisiana.gov/H_Reps/./RepPics09/rep99.jpg,2011-04-25 21:25:03.612000,2013-01-25 04:28:18.832000
LAL000372,Mike Huval,Mike,,Huval,,,True,la,lower,46,Republican,1853bf88c9164a3e886ee945eebe2ff0,http://house.louisiana.gov/H_Reps/./RepPics09/rep46.jpg,2011-04-25 21:25:03.792000,2013-01-25 04:28:18.795000
LAL000430,Bob  Hensgens,Bob,,Hensgens,,,True,la,lower,47,Republican,9d0ac635cf304792b45c13f3572d17a3,http://house.louisiana.gov/H_Reps/./RepPics09/rep47.jpg,2011-05-11 01:05:23.014000,2013-01-25 04:28:18.789000
LAL000442,Bryan Adams,Bryan,,Adams,,,True,la,lower,85,Republican,be25ee97bae547cfa758813b5f120952,http://house.louisiana.gov/H_Reps/./RepPics09/rep85.jpg,2012-01-10 17:40:45.290000,2013-01-25 04:28:18.371000
LAL000446,John A. Berthelot,John A.,,Berthelot,,,True,la,lower,88,Republican,74e2c8e1501447128757ba4c19474711,http://house.louisiana.gov/H_Reps/./RepPics09/rep88.jpg,2012-01-10 17:40:45.363000,2013-01-25 04:28:18.828000
LAL000449,Christopher Broadwater,Christopher,,Broadwater,,,True,la,lower,86,Republican,2121df13dfe3409ebe1dc7e581a78467,http://house.louisiana.gov/H_Reps/./RepPics09/rep86.jpg,2012-01-10 17:40:45.407000,2013-01-25 04:28:18.686000
LAL000450,Terry R. Brown,Terry R.,,Brown,,,True,la,lower,22,Independent,10546df6a9e2491fb4381f8f70d79eef,http://house.louisiana.gov/H_Reps/./RepPics09/rep22.jpg,2012-01-10 17:40:45.426000,2013-01-25 04:28:18.836000
LAL000452,Kenny R. Cox,Kenny R.,,Cox,,,True,la,lower,23,Democratic,07cc4372b0074d28a3ac5ff6e89071a2,http://house.louisiana.gov/H_Reps/./RepPics09/rep23.jpg,2012-01-10 17:40:45.533000,2013-01-25 04:28:18.732000
LAL000453,Randal L. Gaines,Randal L.,,Gaines,,,True,la,lower,57,Democratic,be353e3b93834049a8e2d68ea3db0805,http://house.louisiana.gov/H_Reps/./RepPics09/rep57.jpg,2012-01-10 17:40:45.614000,2013-01-25 04:28:18.517000
LAL000454,"Raymond E. Garofalo, Jr.",Raymond E.,,Garofalo,Jr.,,True,la,lower,103,Republican,7eeaf33a99a0474eb85a65de0834a69a,http://house.louisiana.gov/H_Reps/./RepPics09/rep103.jpg,2012-01-10 17:40:45.625000,2013-01-25 04:28:18.469000
LAL000456,Kenneth E. Havard,Kenneth E.,,Havard,,,True,la,lower,62,Republican,af86adbf056a4aa6859f5c736deda1d1,http://house.louisiana.gov/H_Reps/./RepPics09/rep62.jpg,2012-01-10 17:40:45.700000,2013-01-25 04:28:18.841000
LAL000457,Valarie Hodges,Valarie,,Hodges,,,True,la,lower,64,Republican,bd170332b50644418a8ea4505b5ec6b8,http://house.louisiana.gov/H_Reps/./RepPics09/rep64.jpg,2012-01-10 17:40:45.745000,2013-01-25 04:28:18.422000
LAL000460,Marcus L. Hunter,Marcus L.,,Hunter,,,True,la,lower,17,Democratic,99e93615351d41be866b035e886a9a98,http://house.louisiana.gov/H_Reps/./RepPics09/rep17.jpg,2012-01-10 17:40:45.797000,2013-01-25 04:28:18.647000
LAL000464,"Terry C. Landry, Sr.",Terry C.,,Landry,Sr.,,True,la,lower,96,Democratic,7ed58b7a5e574f7ca22a1ad464c82e43,http://house.louisiana.gov/H_Reps/./RepPics09/rep96.jpg,2012-01-10 17:40:45.903000,2013-01-25 04:28:18.804000
LAL000465,Christopher J. Leopold,Christopher J.,,Leopold,,,True,la,lower,105,Republican,8e1c6f79f73e47beaa2784ef45737e2b,http://house.louisiana.gov/H_Reps/./RepPics09/rep105.jpg,2012-01-10 17:40:45.935000,2013-01-25 04:28:18.488000
LAL000466,Sherman Q. Mack,Sherman Q.,,Mack,,,True,la,lower,95,Republican,12b74d78950c4cf9a8e2f6f81ef9cb9a,http://house.louisiana.gov/H_Reps/./RepPics09/rep95.jpg,2012-01-10 17:40:45.973000,2013-01-25 04:28:18.441000
LAL000467,Gregory A. Miller,Gregory A.,,Miller,,,True,la,lower,56,Republican,6f58eb4cbd10420e91252e46c7591b99,http://house.louisiana.gov/H_Reps/./RepPics09/rep56.jpg,2012-01-10 17:40:45.984000,2013-01-25 04:28:18.030000
LAL000469,Stephen J. Ortego,Stephen J.,,Ortego,,,True,la,lower,39,Democratic,dce47b25147f4655bdbed019993f3df5,http://house.louisiana.gov/H_Reps/./RepPics09/rep39.jpg,2012-01-10 17:40:46.041000,2013-01-25 04:28:18.855000
LAL000470,Vincent J. Pierre,Vincent J.,,Pierre,,,True,la,lower,44,Democratic,ea6a073c508e4a1a8c963d95d4cfadbb,http://house.louisiana.gov/H_Reps/./RepPics09/rep44.jpg,2012-01-10 17:40:46.061000,2013-01-25 04:28:18.663000
LAL000471,Edward J. Price,Edward J.,,Price,,,True,la,lower,58,Democratic,f37a24945fc24edcb2fcfcef898d8fe7,http://house.louisiana.gov/H_Reps/./RepPics09/rep58.jpg,2012-01-10 17:40:46.090000,2013-01-25 04:28:18.582000
LAL000472,Steve E. Pylant,Steve E.,,Pylant,,,True,la,lower,20,Republican,038e056be2fe478da0b74cd8cd30a02e,http://house.louisiana.gov/H_Reps/./RepPics09/rep20.jpg,2012-01-10 17:40:46.110000,2013-01-25 04:28:18.811000
LAL000473,H. Eugene Reynolds,H. Eugene,,Reynolds,,,True,la,lower,10,Democratic,f3304cf406a44a3c96eb389e87c07a7a,http://house.louisiana.gov/H_Reps/./RepPics09/rep10.jpg,2012-01-10 17:40:46.122000,2013-01-25 04:28:18.665000
LAL000474,Clay Schexnayder,Clay,,Schexnayder,,,True,la,lower,81,Republican,d879129a4671493ea15f651daa6a9d77,http://house.louisiana.gov/H_Reps/./RepPics09/rep81.jpg,2012-01-10 17:40:46.167000,2013-01-25 04:28:18.496000
LAL000475,Robert E. Shadoin,Robert E.,,Shadoin,,,True,la,lower,12,Republican,2b13348c8ca1479a90f78f0e8174389b,http://house.louisiana.gov/H_Reps/./RepPics09/rep12.jpg,2012-01-10 17:40:46.196000,2013-01-25 04:28:18.588000
LAL000479,Lenar L. Whitney,Lenar L.,,Whitney,,,True,la,lower,53,Republican,019afdfc92604ae59b2bbfb66c2ca033,http://house.louisiana.gov/H_Reps/./RepPics09/rep53.jpg,2012-01-10 17:40:46.276000,2013-01-25 04:28:18.763000
LAL000480,Alfred C. Williams,Alfred C.,,Williams,,,True,la,lower,61,Democratic,fbfbe97fc65d403287bb1087d1571a41,http://house.louisiana.gov/H_Reps/./RepPics09/rep61.jpg,2012-01-10 17:40:46.288000,2013-01-25 04:28:18.595000
LAL000632,James H. Morris,James H.,,Morris,,,True,la,lower,1,Republican,4afb22b595a148cb8ecf11c656c5d513,http://house.louisiana.gov/H_Reps/./RepPics09/rep1.jpg,2012-07-17 04:27:03.498000,2013-01-25 04:28:18.629000
LAL000190,Simone B. Champagne,Simone B.,,Champagne,,,True,la,lower,49,Republican,1d81402293634d589e99ce0953f1ab79,http://house.louisiana.gov/H_Reps/RepPics09/rep49.jpg,2010-08-26 01:34:23.116000,2013-01-25 04:28:18.779000
LAL000431,"R.L. ""Bret""  Allain","R.L. ""Bret""",,Allain,,,True,la,upper,21,Republican,,http://senate.la.gov/Allain/images/allain2012.jpg,2012-01-10 17:40:44.913000,2013-01-25 04:28:17.629000
LAL000249,"Jonathan ""J.P."" Perry","Jonathan ""J.P.""",,Perry,,,True,la,upper,26,Republican,61e9169c811c4b9fa324c8dcabea5e89,http://senate.la.gov/Perry/images/perrycopy.jpg,2010-08-26 01:34:23.227000,2013-01-25 04:27:25.206000
LAL000105,Fred H. Mills,Fred,H,Mills,Jr.,,True,la,upper,22,Republican,5a3c311ed3a74ad28b8bd495dd1deb36,http://senate.la.gov/Mills/images/mills2011.jpg,2010-07-12 17:05:43.736000,2013-01-25 04:28:17.615000
LAL000482,Sherri Smith Buffington,Sherri Smith,,Buffington,,,True,la,upper,38,Republican,,http://senate.la.gov/Cheek/images/cheek2004.jpg,2012-03-07 01:26:17.667000,2013-01-25 04:28:17.712000
LAL000070,Rick  Gallot,Richard “Rick”,,Gallot,Jr.,Rick,True,la,upper,29,Democratic,752e6d4e14a148d89b983a156a24e8cc,http://senate.la.gov/Gallot/images/gallot2012.jpg,2010-07-12 17:05:43.578000,2013-01-25 04:28:17.671000
LAL000137,Robert  Adley,Robert,,Adley,,,True,la,upper,36,Republican,32712a8966564a84951f4eca5d4a6617,http://senate.la.gov/Adley/images/adley2005.jpg,2010-08-26 01:34:22.984000,2013-01-25 04:28:17.710000
LAL000139,"""Jody"" Amedee","""Jody""",,Amedee,,,True,la,upper,18,Republican,0784dc18aaa44120833699eaeb08286f,http://senate.la.gov/Amedee/images/amedee2004.jpg,2010-08-26 01:34:22.989000,2013-01-25 04:28:17.688000
LAL000140,Conrad  Appel,Conrad,,Appel,,,True,la,upper,9,Republican,cef045ed919b4065b6970947ccc1fba4,http://senate.la.gov/Appel/images/appel2008.gif,2010-08-26 01:34:22.990000,2013-01-25 04:28:17.647000
LAL000141,Sharon Weston Broome,Sharon Weston,,Broome,,,True,la,upper,15,Democratic,2582396a75954567b906ff03d635af86,http://senate.la.gov/Broome/images/broome2005.jpg,2010-08-26 01:34:22.992000,2013-01-25 04:28:17.667000
LAL000142,Norby  Chabert,Norby,,Chabert,,,True,la,upper,20,Republican,f98e5c7e2687498093710316eb2b40fa,http://senate.la.gov/Chabert/images/chabert2009.jpg,2010-08-26 01:34:22.994000,2013-01-25 04:28:17.633000
LAL000145,Dan  Claitor,Dan,,Claitor,,,True,la,upper,16,Republican,cbfdaa80f2ab404e81039bf2ad7d40c2,http://senate.la.gov/Claitor/images/claitor2009.jpg,2010-08-26 01:34:22.999000,2013-01-25 04:28:17.539000
LAL000146,A.G.  Crowe,A.G.,,Crowe,,,True,la,upper,1,Republican,4fd2725624f34e058698a540d8cedd39,http://senate.la.gov/Crowe/images/crowe2008.jpg,2010-08-26 01:34:23,2013-01-25 04:28:17.649000
LAL000147,Yvonne  Dorsey-Colomb,Yvonne,,Dorsey-Colomb,,,True,la,upper,14,Democratic,9f3d17d66a414df6899741778e3df269,http://senate.la.gov/Dorsey/images/dorseycopy.jpg,2010-08-26 01:34:23.002000,2013-01-25 04:28:17.669000
LAL000148,Dale M. Erdey,Dale M.,,Erdey,,,True,la,upper,13,Republican,d7c2416cc68b4f1fb28f861010aaa780,http://senate.la.gov/Erdey/images/erdey2008.jpg,2010-08-26 01:34:23.004000,2013-01-25 04:28:17.716000
LAL000151,Elbert L. Guillory,Elbert L.,,Guillory,,,True,la,upper,24,Democratic,ceed67e868034dfc933d2c92e2109a87,http://senate.la.gov/Guillory/images/guillory2009.jpg,2010-08-26 01:34:23.009000,2013-01-25 04:28:17.643000
LAL000154,"Robert W. ""Bob"" Kostelka","Robert W. ""Bob""",,Kostelka,,,True,la,upper,35,Republican,8d6ce4fbcccb459587683de53175c210,http://senate.la.gov/Kostelka/images/kostelka2004.jpg,2010-08-26 01:34:23.024000,2013-01-25 04:28:17.694000
LAL000155,Eric  LaFleur,Eric,,LaFleur,,,True,la,upper,28,Democratic,e8cfd83ba50a484b80c004a1a45cc480,http://senate.la.gov/LaFleur/images/LaFleur2008.jpg,2010-08-26 01:34:23.026000,2013-01-25 04:28:17.560000
LAL000156,Gerald  Long,Gerald,,Long,,,True,la,upper,31,Republican,4e4695e93dbb4cd49e98eaf127c20893,http://senate.la.gov/Long/images/long2008.jpg,2010-08-26 01:34:23.027000,2013-01-25 04:28:17.651000
LAL000158,"Daniel ""Danny""  Martiny","Daniel ""Danny""",,Martiny,,,True,la,upper,10,Republican,71990f062b7a423685ed529026ca659e,http://senate.la.gov/Martiny/images/martiny2008.jpg,2010-08-26 01:34:23.041000,2013-01-25 04:28:17.599000
LAL000161,Jean-Paul J. Morrell,Jean-Paul J.,,Morrell,,,True,la,upper,3,Democratic,8c5e9492d4354aec99caa86030d4b8db,http://senate.la.gov/Morrell/images/morrell2008.jpg,2010-08-26 01:34:23.047000,2013-01-25 04:28:17.696000
LAL000162,"Dan ""Blade""  Morrish","Dan ""Blade""",,Morrish,,,True,la,upper,25,Republican,0e9f17f78bf04766885b69145ba9a808,http://senate.la.gov/Morrish/images/morrish2008.jpg,2010-08-26 01:34:23.048000,2013-01-25 04:28:17.636000
LAL000164,Edwin R. Murray,Edwin,R,Murray,,,True,la,upper,4,Democratic,766fe5a16db14c178585387ff96c6016,http://senate.la.gov/Murray/images/murray2005.jpg,2010-08-26 01:34:23.051000,2013-01-25 04:28:17.699000
LAL000165,Ben  Nevers,Ben,,Nevers,,,True,la,upper,12,Democratic,00d27e80d0d64c638be94ae24a8e8879,http://senate.la.gov/Nevers/images/nevers2004.jpg,2010-08-26 01:34:23.053000,2013-01-25 04:28:17.720000
LAL000166,Karen Carter Peterson,Karen Carter,,Peterson,,,True,la,upper,5,Democratic,d4389eef6ac34180b76edf9448c14360,http://senate.la.gov/Peterson/images/peterson2010.jpg,2010-08-26 01:34:23.055000,2013-01-25 04:28:17.619000
LAL000169,John R. Smith,John R.,,Smith,,,True,la,upper,30,Republican,247c735598f947d4a1a393f544dc7d9f,http://senate.la.gov/SmithJ/images/smithj2008.jpg,2010-08-26 01:34:23.060000,2013-01-25 04:28:17.681000
LAL000170,Francis  Thompson,Francis,,Thompson,,,True,la,upper,34,Democratic,a655b0b56a35406c8d0f7dd52f7481e0,http://senate.la.gov/Thompson/images/thompson2008.jpg,2010-08-26 01:34:23.062000,2013-01-25 04:28:17.489000
LAL000171,Mike  Walsworth,Mike,,Walsworth,,,True,la,upper,33,Republican,8e4cf8e6031d4b2389c0eee9f1fcd576,http://senate.la.gov/Walsworth/images/walsworth2008.jpg,2010-08-26 01:34:23.063000,2013-01-25 04:28:17.690000
LAL000194,Page  Cortez,Page,,Cortez,,,True,la,upper,23,Republican,f278d046eab9474f8e68beb9aee838c7,http://senate.la.gov/Cortez/images/cortez2012.jpg,2010-08-26 01:34:23.123000,2013-01-25 04:28:17.645000
LAL000262,Gary  Smith,Gary,L,Smith,,,True,la,upper,19,Democratic,27fe160fd2cc42389759d15423b73d66,http://senate.la.gov/SmithG/images/SmithG2012.jpg,2010-08-26 01:34:23.249000,2013-01-25 04:28:17.722000
LAL000272,"Mack ""Bodi"" White",Mack,,White,,Bodi,True,la,upper,6,Republican,378a76c51ab847fdb2a470df39ac8cd2,http://senate.la.gov/White/images/White2012.jpg,2010-08-26 01:34:23.275000,2013-01-25 04:28:17.586000
LAL000276,Jack  Donahue,Jack,,Donahue,,,True,la,upper,11,Republican,c144ebfa3fdc4532a2325242f54e504f,http://senate.la.gov/Donahue/images/donahue2008.gif,2010-09-15 04:12:19.020000,2013-01-25 04:28:17.692000
LAL000277,David  Heitmeier,David,,Heitmeier,,,True,la,upper,7,Democratic,604d20af78c445fdb6e7e49317bb94f5,http://senate.la.gov/HeitmeierD/images/heitmeierd2008.jpg,2010-09-15 04:12:19.029000,2013-01-25 04:28:17.718000
LAL000278,Neil  Riser,Neil,,Riser,,,True,la,upper,32,Republican,09d7413ab6474369b429a40d0ec63dee,http://senate.la.gov/Riser/images/riser2008.jpg,2010-09-15 04:12:19.048000,2013-01-25 04:28:17.703000
LAL000282,"John A. Alario, Jr.",John A.,,Alario,Jr.,,True,la,upper,8,Republican,630d126f6c3749868daa8b263c7ffbff,http://senate.la.gov/Alario/images/alario2008.jpg,2011-04-25 21:25:03.370000,2013-01-25 04:27:25.359000
LAL000432,Troy E.  Brown,Troy E.,,Brown,,,True,la,upper,2,Democratic,e6723861a6b04052908d2b0be627a65f,http://senate.la.gov/Brown/images/brown2012.jpg,2012-01-10 17:40:44.952000,2013-01-25 04:28:17.714000
LAL000436,Ronnie  Johns,Ronnie,,Johns,,,True,la,upper,27,Republican,f9162be6896c419cb4a8e49a89ff91c3,http://senate.la.gov/Johns/images/johns2012.jpg,2012-01-10 17:40:45.066000,2013-01-25 04:28:17.595000
LAL000437,Barrow  Peacock,Barrow,,Peacock,,,True,la,upper,37,Republican,b4477a56e46e4bb9bb3d704ed0f20a93,http://senate.la.gov/Peacock/images/Peacock2012.jpg,2012-01-10 17:40:45.165000,2013-01-25 04:28:17.653000
LAL000439,Gregory  Tarver,Gregory,,Tarver,,,True,la,upper,39,Democratic,508a8423b13a48268aeb8723966eef9a,http://senate.la.gov/Tarver/images/tarver2012.jpg,2012-01-10 17:40:45.226000,2013-01-25 04:28:17.705000
LAL000440,"Rick  Ward, III",Rick,,Ward,III,,True,la,upper,17,Democratic,9623a920f32f44e39dfd2ecabe6c4ada,http://senate.la.gov/Ward/images/ward2012.jpg,2012-01-10 17:40:45.257000,2013-01-25 04:28:17.627000
