leg_id,full_name,first_name,middle_name,last_name,suffixes,nickname,active,state,chamber,district,party,transparencydata_id,photo_url,created_at,updated_at
MAL000179,Harriett L. Stanley,Harriett,L.,Stanley,,,False,ma,,,,,http://www.malegislature.gov/Images/MemberProfile/Web/hstanley.jpg,2011-07-08 21:34:37.498000,2013-01-04 00:07:59.485000
MAL000001,Steven A. Baddour,Steven,A.,Baddour,,,False,ma,,,,65abb05aa7034ebeab0b178d9e901db6,http://www.malegislature.gov/Images/MemberProfile/Web/sbaddour.jpg,2011-07-08 21:34:37.089000,2013-01-04 00:07:59.493000
MAL000119,Michael F. Kane,Michael,F.,Kane,,,False,ma,,,,c21f7732900c49ae9a5c3997da604f3a,http://www.malegislature.gov/Images/MemberProfile/Web/mkane.jpg,2011-07-08 21:34:37.339000,2013-01-04 00:07:59.494000
MAL000154,Vincent A. Pedone,Vincent,A.,Pedone,,,False,ma,,,,4b45c7626b4a405985445866317fdfc0,http://www.malegislature.gov/Images/MemberProfile/Web/vpedone.jpg,2011-07-08 21:34:37.432000,2012-06-05 15:28:06.935000
MAL000177,Christopher N. Speranzo,Christopher,N.,Speranzo,,,False,ma,,,,1263a3945bef4fdfb12c94c44c5e2485,http://www.malegislature.gov/Images/MemberProfile/Web/CSperanzo.jpg,2011-07-08 21:34:37.495000,2012-06-05 15:29:04.128000
MAL000189,James E. Vallee,James,E.,Vallee,,,False,ma,,,,cd9e6d92a41c48418b1714029e38b4e9,http://www.malegislature.gov/Images/MemberProfile/Web/jvallee.jpg,2011-07-08 21:34:37.529000,2013-01-04 00:07:59.495000
MAL000002,Frederick E. Berry,Frederick,E.,Berry,,,False,ma,,,,ab934656c408433eb1db833dc686a983,http://www.malegislature.gov/Images/MemberProfile/Web/fberry.jpg,2011-07-08 21:34:37.091000,2013-01-04 00:07:59.471000
MAL000014,Susan C. Fargo,Susan,C.,Fargo,,,False,ma,,,,e660eb92771744e3a958f520e2411c42,http://www.malegislature.gov/Images/MemberProfile/Web/sfargo.jpg,2011-07-08 21:34:37.113000,2013-01-04 00:07:59.472000
MAL000038,Steven A. Tolman,Steven,A.,Tolman,,,False,ma,,,,586d56f2dc64478ea88e75a1d363c765,http://www.malegislature.gov/Images/MemberProfile/Web/stolman.jpg,2011-07-08 21:34:37.181000,2012-06-29 04:07:33.995000
MAL000041,Paul Adams,Paul,,Adams,,,False,ma,,,,f9574401da814eb5b07991c31ebdd42b,http://www.malegislature.gov/Images/MemberProfile/Web/padams.jpg,2011-07-08 21:34:37.187000,2013-01-04 00:07:59.474000
MAL000042,Kevin Aguiar,Kevin,,Aguiar,,,False,ma,,,,68895d5150c34a4aa941387ed8425713,http://www.malegislature.gov/Images/MemberProfile/Web/kaguiar.jpg,2011-07-08 21:34:37.189000,2013-01-04 00:07:59.475000
MAL000047,Demetrius J. Atsalis,Demetrius,J.,Atsalis,,,False,ma,,,,1b6914b36c934027a4f12a91dd4faf22,http://www.malegislature.gov/Images/MemberProfile/Web/datsalis.jpg,2011-07-08 21:34:37.198000,2013-01-04 00:07:59.476000
MAL000052,Richard Bastien,Richard,,Bastien,,,False,ma,,,,db11d4147713403b90780a90208cd231,http://www.malegislature.gov/Images/MemberProfile/Web/rbastien.jpg,2011-07-08 21:34:37.207000,2013-01-04 00:07:59.478000
MAL000073,Geraldine Creedon,Geraldine,,Creedon,,,False,ma,,,,4170026b92914bdfa31de39fc800a91b,http://www.malegislature.gov/Images/MemberProfile/Web/gcreedon.jpg,2011-07-08 21:34:37.253000,2013-01-04 00:07:59.479000
MAL000128,Steven L. Levy,Steven,L.,Levy,,,False,ma,,,,f5d78fbea2154f749c8a1cb5ec6b33d3,http://www.malegislature.gov/Images/MemberProfile/Web/slevy.jpg,2011-07-08 21:34:37.356000,2013-01-04 00:07:59.480000
MAL000143,Charles A. Murphy,Charles,A.,Murphy,,,False,ma,,,,598fdcd33f8444a79edcc449f46ba48e,http://www.malegislature.gov/Images/MemberProfile/Web/cmurphy.jpg,2011-07-08 21:34:37.397000,2013-01-04 00:07:59.481000
MAL000165,George T. Ross,George,T.,Ross,,,False,ma,,,,a53ef9e423ad4cfc888f867b77fdcea7,http://www.malegislature.gov/Images/MemberProfile/Web/gross.jpg,2011-07-08 21:34:37.471000,2013-01-04 00:07:59.482000
MAL000173,Stephen Stat Smith,Stephen,Stat,Smith,,,False,ma,,,,8002197ef73c40fd8eceeb4e2af87af4,http://www.malegislature.gov/Images/MemberProfile/Web/ssmith.jpg,2011-07-08 21:34:37.486000,2013-01-04 00:07:59.483000
MAL000178,Joyce A. Spiliotis,Joyce,A.,Spiliotis,,,False,ma,,,,6bf8af80c2d64d94bce66a241813d0ec,http://www.malegislature.gov/Images/MemberProfile/Web/jspiliotis.jpg,2011-07-08 21:34:37.496000,2013-01-04 00:07:59.484000
MAL000187,David M. Torrisi,David,M.,Torrisi,,,False,ma,,,,cfd72c70739c48b8b8e2085080ebde2e,http://www.malegislature.gov/Images/MemberProfile/Web/dtorrisi.jpg,2011-07-08 21:34:37.512000,2013-01-04 00:07:59.486000
MAL000196,Daniel K. Webster,Daniel,K.,Webster,,,False,ma,,,,0739030420854ff9b6a6db66a00b9eea,http://www.malegislature.gov/Images/MemberProfile/Web/dwebster.jpg,2011-07-08 21:34:37.557000,2013-01-04 00:07:59.487000
MAL000198,Alice K. Wolf,Alice,K.,Wolf,,,False,ma,,,,5690f588c6d64667a4d74c7317e8890a,http://www.malegislature.gov/Images/MemberProfile/Web/awolf.jpg,2011-07-08 21:34:37.560000,2013-01-04 00:07:59.492000
MAL000058,Michael D. Brady,Michael,D.,Brady,,,True,ma,lower,Ninth Plymouth,Democratic,6d28e990a0f044309f09f1f1220e4abf,http://www.malegislature.gov/Images/MemberProfile/Web/mbrady.jpg,2011-07-08 21:34:37.218000,2013-03-01 00:24:17.449000
MAL000086,Carolyn C. Dykema,Carolyn,C.,Dykema,,,True,ma,lower,Eighth Middlesex,Democratic,0e77e6b10b5d42daa8bf6dd3407307ec,http://www.malegislature.gov/Images/MemberProfile/Web/cdykema.jpg,2011-07-08 21:34:37.276000,2013-03-01 00:24:17.451000
MAL000056,Nicholas A. Boldyga,Nicholas,A.,Boldyga,,,True,ma,lower,Third Hampden,Republican,877b7d64ab5047919faae575b70492f8,http://www.malegislature.gov/Images/MemberProfile/Web/nboldyga.jpg,2011-07-08 21:34:37.215000,2013-03-01 00:24:17.229000
MAL000044,James Arciero,James,,Arciero,,,True,ma,lower,Second Middlesex,Democratic,3b8bf5cfb0c24bb495abb6de145c8219,http://www.malegislature.gov/Images/MemberProfile/Web/jarciero.jpg,2011-07-08 21:34:37.192000,2013-03-01 00:24:17.059000
MAL000045,Brian M. Ashe,Brian,M.,Ashe,,,True,ma,lower,Second Hampden,Democratic,99b1d65dfb6843a5b59616492745c555,http://www.malegislature.gov/Images/MemberProfile/Web/bashe.jpg,2011-07-08 21:34:37.194000,2013-03-01 00:24:17.392000
MAL000046,Cory Atkins,Cory,,Atkins,,,True,ma,lower,Fourteenth Middlesex,Democratic,de705ffb0c3c4eab9e3f2818f3615117,http://www.malegislature.gov/Images/MemberProfile/Web/catkins.jpg,2011-07-08 21:34:37.196000,2013-03-01 00:24:16.933000
MAL000050,F. Jay Barrows,F. Jay,,Barrows,,,True,ma,lower,First Bristol,Republican,9854073ed0124a5b8bf2b0275b9278ae,http://www.malegislature.gov/Images/MemberProfile/Web/fbarrows.jpg,2011-07-08 21:34:37.203000,2013-03-01 00:24:17.253000
MAL000051,Carlo P. Basile,Carlo,P.,Basile,,,True,ma,lower,First Suffolk,Democratic,99b1d65dfb6843a5b59616492745c555,http://www.malegislature.gov/Images/MemberProfile/Web/cbasile.jpg,2011-07-08 21:34:37.205000,2013-03-01 00:24:17.046000
MAL000057,Garrett J. Bradley,Garrett,J.,Bradley,,,True,ma,lower,Third Plymouth,Democratic,a4d098f9080e4e78bdf10af391419c99,http://www.malegislature.gov/Images/MemberProfile/Web/gbradley.jpg,2011-07-08 21:34:37.216000,2013-03-01 00:24:17.368000
MAL000061,Antonio F.D. Cabral,Antonio,F.D.,Cabral,,,True,ma,lower,Thirteenth Bristol,Democratic,3aade9cf8ca34ea784473a3236b9a517,http://www.malegislature.gov/Images/MemberProfile/Web/acabral.jpg,2011-07-08 21:34:37.230000,2013-03-01 00:24:17.207000
MAL000072,Michael A. Costello,Michael,A.,Costello,,,True,ma,lower,First Essex,Democratic,cf0b121bf81e460b878f8bccccef693f,http://www.malegislature.gov/Images/MemberProfile/Web/mcostello.jpg,2011-07-08 21:34:37.251000,2013-03-01 00:24:16.250000
MAL000075,Mark J. Cusack,Mark,J.,Cusack,,,True,ma,lower,Fifth Norfolk,Democratic,,http://www.malegislature.gov/Images/MemberProfile/Web/mcusack.jpg,2011-07-08 21:34:37.256000,2013-03-01 00:24:17.026000
MAL000077,Robert A. DeLeo,Robert,A.,DeLeo,,,True,ma,lower,Nineteenth Suffolk,Democratic,f9a05e02558b47778a0fb8034fbaac31,http://www.malegislature.gov/Images/MemberProfile/Web/rdeleo.jpg,2011-07-08 21:34:37.260000,2013-03-01 00:24:15.462000
MAL000079,Brian S. Dempsey,Brian,S.,Dempsey,,,True,ma,lower,Third Essex,Democratic,479b35ff0ddc4a0c99cd600d03a5d4f9,http://www.malegislature.gov/Images/MemberProfile/Web/bdempsey.jpg,2011-07-08 21:34:37.263000,2013-03-01 00:24:17.409000
MAL000083,Paul J. Donato,Paul,J.,Donato,,,True,ma,lower,Thirty-Fifth Middlesex,Democratic,1ea4c49e338349f5a7da5c54df8761c2,http://www.malegislature.gov/Images/MemberProfile/Web/pdonato.jpg,2011-07-08 21:34:37.271000,2013-03-01 00:24:17.244000
MAL000099,William C. Galvin,William,C.,Galvin,,,True,ma,lower,Sixth Norfolk,Democratic,11f301431ba94b2694f4af000661009c,http://www.malegislature.gov/Images/MemberProfile/Web/wgalvin.jpg,2011-07-08 21:34:37.302000,2013-03-01 00:24:17.286000
MAL000118,Louis L. Kafka,Louis,L.,Kafka,,,True,ma,lower,Eighth Norfolk,Democratic,b409f261b37041b9ba0ad4d21e679d05,http://www.malegislature.gov/Images/MemberProfile/Web/lkafka.jpg,2011-07-08 21:34:37.337000,2013-03-01 00:24:17.387000
MAL000130,David Paul Linsky,David,Paul,Linsky,,,True,ma,lower,Fifth Middlesex,Democratic,45b9526520194bc8b6ee3218fc445437,http://www.malegislature.gov/Images/MemberProfile/Web/dlinsky.jpg,2011-07-08 21:34:37.359000,2013-03-01 00:24:17.321000
MAL000167,Jeffrey Sanchez,Jeffrey,,Sanchez,,,True,ma,lower,Fifteenth Suffolk,Democratic,96c7272b89764bcb88ff10f1a7828aa7,http://www.malegislature.gov/Images/MemberProfile/Web/jsanchez.jpg,2011-07-08 21:34:37.475000,2013-03-01 00:24:16.614000
MAL000168,Tom Sannicandro,Tom,,Sannicandro,,,True,ma,lower,Seventh Middlesex,Democratic,862a99f2d09744d88330912ab2b81b14,http://www.malegislature.gov/Images/MemberProfile/Web/tsannicandro.jpg,2011-07-08 21:34:37.477000,2013-03-01 00:24:16.338000
MAL000055,John J. Binienda,John,J.,Binienda,,,True,ma,lower,Seventeenth Worcester,Democratic,b5f3d3e1fb6b4d26a49e1766b71c138b,http://www.malegislature.gov/Images/MemberProfile/Web/jbinienda.jpg,2011-07-08 21:34:37.213000,2013-03-01 00:24:17.350000
MAL000213,Marjorie C. Decker,Marjorie C.,,Decker,,,True,ma,lower,Twenty-Fifth Middlesex,Democratic,f946a2af9bbf4ce1aa2945e025a0a6dc,http://www.malegislature.gov/Images/MemberProfile/Web/mdecker.jpg,2013-01-04 00:07:58.316000,2013-03-01 00:24:16.413000
MAL000220,Frank A. Moran,Frank A.,,Moran,,,True,ma,lower,Seventeenth Essex,Democratic,485f3633f89e40d3b8b3879599a0df69,http://www.malegislature.gov/Images/MemberProfile/Web/fmoran.jpg,2013-01-04 00:07:58.810000,2013-03-01 00:24:16.194000
MAL000226,Diana DiZoglio,Diana,,DiZoglio,,,True,ma,lower,Fourteenth Essex,Democratic,d7b7db91e90b4fc998000ebdbaf8df49,http://www.malegislature.gov/Images/MemberProfile/Web/ddizoglio.jpg,2013-01-06 00:08:09.690000,2013-03-01 00:24:17.396000
MAL000049,Ruth B. Balser,Ruth,B.,Balser,,,True,ma,lower,Twelfth Middlesex,Democratic,0472bfaed0a9468a9d36816f5349dc5c,http://www.malegislature.gov/Images/MemberProfile/Web/rbalser.jpg,2011-07-08 21:34:37.202000,2013-03-01 00:24:16.630000
MAL000221,David M. Rogers,David M.,,Rogers,,,True,ma,lower,Twenty-Fourth Middlesex,Democratic,5cecab55ceaa406d9bfb760f1233c57c,http://www.malegislature.gov/Images/MemberProfile/Web/drogers.jpg,2013-01-04 00:07:58.954000,2013-03-01 00:24:16.593000
MAL000059,Paul A. Brodeur,Paul,A.,Brodeur,,,True,ma,lower,Thirty-Second Middlesex,Democratic,357adb2ddda54578b66037b019696dd8,http://www.malegislature.gov/Images/MemberProfile/Web/pbrodeur.jpg,2011-07-08 21:34:37.220000,2013-03-01 00:24:16.710000
MAL000219,Lenny Mirra,Lenny,,Mirra,,,True,ma,lower,Second Essex,Republican,c9aee3a26dd346d1a497c9dfa5076183,http://www.malegislature.gov/Images/MemberProfile/Web/lmirra.jpg,2013-01-04 00:07:58.803000,2013-03-01 00:24:16.917000
MAL000223,Alan Silvia,Alan,,Silvia,,,True,ma,lower,Seventh Bristol,Democratic,2eb64407e568494b81d081d7ce7f8cdc,http://www.malegislature.gov/Images/MemberProfile/Web/asilvia.jpg,2013-01-04 00:07:59.035000,2013-03-01 00:24:17.303000
MAL000224,Aaron Vega,Aaron,,Vega,,,True,ma,lower,Fifth Hampden,Democratic,679b3e4a45c8483893893b83c1f4d434,http://www.malegislature.gov/Images/MemberProfile/Web/avega.jpg,2013-01-04 00:07:59.116000,2013-03-01 00:24:17.305000
MAL000214,Ken Gordon,Ken,,Gordon,,,True,ma,lower,Twenty-First Middlesex,Democratic,,http://www.malegislature.gov/Images/MemberProfile/Web/kgordon.jpg,2013-01-04 00:07:58.526000,2013-03-01 00:24:17.398000
MAL000087,Lori A. Ehrlich,Lori,A.,Ehrlich,,,True,ma,lower,Eighth Essex,Democratic,215f62c2e73546c4afa481ad37f91550,http://www.malegislature.gov/Images/MemberProfile/Web/lehrlich.jpg,2011-07-08 21:34:37.278000,2013-03-01 00:24:17.445000
MAL000231,Claire D. Cronin,Claire D.,,Cronin,,,True,ma,lower,Eleventh Plymouth,Democratic,5a9a9b296d084904b2c7d48a2a75dbb4,http://www.malegislature.gov/Images/MemberProfile/Web/ccronin.jpg,2013-01-09 00:08:03.657000,2013-03-01 00:24:17.068000
MAL000065,James M. Cantwell,James,M.,Cantwell,,,True,ma,lower,Fourth Plymouth,Democratic,23a38da991d2442987c4e3efa65bf81e,http://www.malegislature.gov/Images/MemberProfile/Web/jcantwell.jpg,2011-07-08 21:34:37.238000,2013-03-01 00:24:17.297000
MAL000066,Gailanne M. Cariddi,Gailanne,M.,Cariddi,,,True,ma,lower,First Berkshire,Democratic,52ce90e4f7b34d84a8b24f4c76276ad0,http://www.malegislature.gov/Images/MemberProfile/Web/gcariddi.jpg,2011-07-08 21:34:37.240000,2013-03-01 00:24:17.024000
MAL000068,Cheryl A. Coakley-Rivera,Cheryl,A.,Coakley-Rivera,,,True,ma,lower,Tenth Hampden,Democratic,eb45f7ef032448de93a13a56aa9c98a5,http://www.malegislature.gov/Images/MemberProfile/Web/ccoakleyrivera.jpg,2011-07-08 21:34:37.243000,2013-03-01 00:24:17.412000
MAL000070,Thomas P. Conroy,Thomas,P.,Conroy,,,True,ma,lower,Thirteenth Middlesex,Democratic,0dcc6b5703814d839ce7e29fce86b724,http://www.malegislature.gov/Images/MemberProfile/Web/tconroy.jpg,2011-07-08 21:34:37.247000,2013-03-01 00:24:16.503000
MAL000074,Sean Curran,Sean,,Curran,,,True,ma,lower,Ninth Hampden,Democratic,,http://www.malegislature.gov/Images/MemberProfile/Web/scurran.jpg,2011-07-08 21:34:37.254000,2013-03-01 00:24:16.664000
MAL000078,Viriato Manuel deMacedo,Viriato,Manuel,deMacedo,,,True,ma,lower,First Plymouth,Republican,8d7f32134fba48a29b0edd40c49b244d,http://www.malegislature.gov/Images/MemberProfile/Web/vdemacedo.jpg,2011-07-08 21:34:37.262000,2013-03-01 00:24:17.461000
MAL000080,Marcos A. Devers,Marcos,A.,Devers,,,True,ma,lower,Sixteenth Essex,Democratic,9560a5a9f31c4649810eefbf90327300,http://www.malegislature.gov/Images/MemberProfile/Web/mdevers.jpg,2011-07-08 21:34:37.265000,2013-03-01 00:24:16.100000
MAL000085,James J. Dwyer,James,J.,Dwyer,,,True,ma,lower,Thirtieth Middlesex,Democratic,c228b07d42c5416998269cbb614e73ec,http://www.malegislature.gov/Images/MemberProfile/Web/jdwyer.jpg,2011-07-08 21:34:37.275000,2013-03-01 00:24:17.394000
MAL000088,Christopher G. Fallon,Christopher,G.,Fallon,,,True,ma,lower,Thirty-Third Middlesex,Democratic,29b09a95db164273a68bf83c3575e41f,http://www.malegislature.gov/Images/MemberProfile/Web/cfallon.jpg,2011-07-08 21:34:37.280000,2013-03-01 00:24:16.747000
MAL000089,Ryan C. Fattman,Ryan,C.,Fattman,,,True,ma,lower,Eighteenth Worcester,Republican,cb67c087ef144347ac113e029575359f,http://www.malegislature.gov/Images/MemberProfile/Web/rfattman.jpg,2011-07-08 21:34:37.282000,2013-03-01 00:24:16.780000
MAL000091,Kimberly N. Ferguson,Kimberly,N.,Ferguson,,,True,ma,lower,First Worcester,Republican,8382e97704df4330ac2f3e6baa840f6a,http://www.malegislature.gov/Images/MemberProfile/Web/kferguson.jpg,2011-07-08 21:34:37.287000,2013-03-01 00:24:16.151000
MAL000092,John V. Fernandes,John,V.,Fernandes,,,True,ma,lower,Tenth Worcester,Democratic,f4b90e10ff004822adcce72ad7a717bb,http://www.malegislature.gov/Images/MemberProfile/Web/jfernandes.jpg,2011-07-08 21:34:37.289000,2013-03-01 00:24:17.018000
MAL000093,Ann-Margaret Ferrante,Ann-Margaret,,Ferrante,,,True,ma,lower,Fifth Essex,Democratic,ccbc097f1d3f44f18de61a44d008856a,http://www.malegislature.gov/Images/MemberProfile/Web/amferrante.jpg,2011-07-08 21:34:37.291000,2013-03-01 00:24:16.875000
MAL000094,Michael J. Finn,Michael,J.,Finn,,,True,ma,lower,Sixth Hampden,Democratic,051fac4850a04960a4ae057666ca128a,http://www.malegislature.gov/Images/MemberProfile/Web/mfinn.jpg,2011-07-08 21:34:37.292000,2013-03-01 00:24:17.028000
MAL000095,Linda Dorcena Forry,Linda,Dorcena,Forry,,,True,ma,lower,Twelfth Suffolk,Democratic,c5d5cb4bbd754c8cbdf964a904b2b160,http://www.malegislature.gov/Images/MemberProfile/Web/ldorcenaforry.jpg,2011-07-08 21:34:37.294000,2013-03-01 00:24:15.982000
MAL000096,Gloria L. Fox,Gloria,L.,Fox,,,True,ma,lower,Seventh Suffolk,Democratic,7042e9986e3e4ea9be34401a29498932,http://www.malegislature.gov/Images/MemberProfile/Web/gfox.jpg,2011-07-08 21:34:37.296000,2013-03-01 00:24:17.416000
MAL000097,John P. Fresolo,John,P.,Fresolo,,,True,ma,lower,Sixteenth Worcester,Democratic,ecbcc476afcf40c3adfb74d25cf7b43a,http://www.malegislature.gov/Images/MemberProfile/Web/jfresolo.jpg,2011-07-08 21:34:37.298000,2013-03-01 00:24:17.428000
MAL000098,Paul K. Frost,Paul,K.,Frost,,,True,ma,lower,Seventh Worcester,Republican,377899e092b44b33849ef26d091cc07d,http://www.malegislature.gov/Images/MemberProfile/Web/pfrost.jpg,2011-07-08 21:34:37.300000,2013-03-01 00:24:17.374000
MAL000101,Denise C. Garlick,Denise,C.,Garlick,,,True,ma,lower,Thirteenth Norfolk,Democratic,0698ce2ea67d4952bf054d2a68e24c58,http://www.malegislature.gov/Images/MemberProfile/Web/dgarlick.jpg,2011-07-08 21:34:37.306000,2013-03-01 00:24:16.638000
MAL000102,Colleen M. Garry,Colleen,M.,Garry,,,True,ma,lower,Thirty-Sixth Middlesex,Democratic,a488cc9d0d7e4bc2849364ae2f532afa,http://www.malegislature.gov/Images/MemberProfile/Web/cgarry.jpg,2011-07-08 21:34:37.307000,2013-03-01 00:24:17.290000
MAL000103,Susan Williams Gifford,Susan,Williams,Gifford,,,True,ma,lower,Second Plymouth,Republican,a9916899ff984ac7bc478f7ba840aa0a,http://www.malegislature.gov/Images/MemberProfile/Web/sgifford.jpg,2011-07-08 21:34:37.309000,2013-03-01 00:24:17.404000
MAL000104,Anne M. Gobi,Anne,M.,Gobi,,,True,ma,lower,Fifth Worcester,Democratic,8d7f32134fba48a29b0edd40c49b244d,http://www.malegislature.gov/Images/MemberProfile/Web/agobi.jpg,2011-07-08 21:34:37.311000,2013-03-01 00:24:16.206000
MAL000106,Patricia A. Haddad,Patricia,A.,Haddad,,,True,ma,lower,Fifth Bristol,Democratic,bc4420edfc7f4bbb8d60b117fa26667a,http://www.malegislature.gov/Images/MemberProfile/Web/phaddad.jpg,2011-07-08 21:34:37.315000,2013-03-01 00:24:17.370000
MAL000107,Shelia C. Harrington,Shelia,C.,Harrington,,,True,ma,lower,First Middlesex,Republican,99947ea7e3034a34985614dc7486a063,http://www.malegislature.gov/Images/MemberProfile/Web/sharrington.jpg,2011-07-08 21:34:37.317000,2013-03-01 00:24:17.338000
MAL000108,Jonathan Hecht,Jonathan,,Hecht,,,True,ma,lower,Twenty-Ninth Middlesex,Democratic,a56b009da8e946a5a4a114d3f9f68801,http://www.malegislature.gov/Images/MemberProfile/Web/jhecht.jpg,2011-07-08 21:34:37.319000,2013-03-01 00:24:17.334000
MAL000110,Bradford Hill,Bradford,,Hill,,,True,ma,lower,Fourth Essex,Republican,287d1fc8510a400fba75589b06319819,http://www.malegislature.gov/Images/MemberProfile/Web/bhill.jpg,2011-07-08 21:34:37.322000,2013-03-01 00:24:17.402000
MAL000112,Russell E. Holmes,Russell,E.,Holmes,,,True,ma,lower,Sixth Suffolk,Democratic,151da2379bde48fc82e90c7e25f19645,http://www.malegislature.gov/Images/MemberProfile/Web/rholmes.jpg,2011-07-08 21:34:37.326000,2013-03-01 00:24:17.288000
MAL000113,Kevin G. Honan,Kevin,G.,Honan,,,True,ma,lower,Seventeenth Suffolk,Democratic,da37ee52ad9743738e1a2b3e9967469a,http://www.malegislature.gov/Images/MemberProfile/Web/khonan.jpg,2011-07-08 21:34:37.328000,2013-03-01 00:24:16.393000
MAL000114,Steven S. Howitt,Steven,S.,Howitt,,,True,ma,lower,Fourth Bristol,Republican,5939c8b8d2ed42beb1e16511049fa062,http://www.malegislature.gov/Images/MemberProfile/Web/showitt.jpg,2011-07-08 21:34:37.330000,2013-03-01 00:24:17.035000
MAL000115,Donald F. Humason Jr,Donald,F.,Humason,Jr,,True,ma,lower,Fourth Hampden,Republican,aecffcb063c54b72a809759b52171ff9,http://www.malegislature.gov/Images/MemberProfile/Web/dhumason.jpg,2011-07-08 21:34:37.332000,2013-03-01 00:24:16.078000
MAL000116,Randy Hunt,Randy,,Hunt,,,True,ma,lower,Fifth Barnstable,Republican,7b77fdcd6b6c45238645e7fc7bd556a8,http://www.malegislature.gov/Images/MemberProfile/Web/rhunt.jpg,2011-07-08 21:34:37.333000,2013-03-01 00:24:16.919000
MAL000117,Bradley H. Jones Jr,Bradley,H.,Jones,Jr,,True,ma,lower,Twentieth Middlesex,Republican,6312b06c9d4540b3ab1ab16c51c0b484,http://www.malegislature.gov/Images/MemberProfile/Web/bjones.jpg,2011-07-08 21:34:37.335000,2013-03-01 00:24:15.388000
MAL000120,Jay R. Kaufman,Jay,R.,Kaufman,,,True,ma,lower,Fifteenth Middlesex,Democratic,cc63d3d6899547b8b00e67984f3fe24e,http://www.malegislature.gov/Images/MemberProfile/Web/jkaufman.jpg,2011-07-08 21:34:37.341000,2013-03-01 00:24:16.733000
MAL000121,John D. Keenan,John,D.,Keenan,,,True,ma,lower,Seventh Essex,Democratic,7648bd4c037d4907ab3f6ba298da030c,http://www.malegislature.gov/Images/MemberProfile/Web/jkeenan.jpg,2011-07-08 21:34:37.343000,2013-03-01 00:24:16.891000
MAL000122,Kay Khan,Kay,,Khan,,,True,ma,lower,Eleventh Middlesex,Democratic,edb4e2b82b1d488ca45fac761f18996f,http://www.malegislature.gov/Images/MemberProfile/Web/kkhan.jpg,2011-07-08 21:34:37.345000,2013-03-01 00:24:15.890000
MAL000123,Peter V. Kocot,Peter,V.,Kocot,,,True,ma,lower,First Hampshire,Democratic,4adfb1908e344de79ce72e729d1bf57a,http://www.malegislature.gov/Images/MemberProfile/Web/pkocot.jpg,2011-07-08 21:34:37.346000,2013-03-01 00:24:17.248000
MAL000124,Robert M. Koczera,Robert,M.,Koczera,,,True,ma,lower,Eleventh Bristol,Democratic,968b68140dd14d4ca66fc53327d86b4c,http://www.malegislature.gov/Images/MemberProfile/Web/rkoczera.jpg,2011-07-08 21:34:37.348000,2013-03-01 00:24:17.420000
MAL000125,Stephen Kulik,Stephen,,Kulik,,,True,ma,lower,First Franklin,Democratic,6b77512c50964c8bb66eb477a2ca5378,http://www.malegislature.gov/Images/MemberProfile/Web/skulik.jpg,2011-07-08 21:34:37.350000,2013-03-01 00:24:17.411000
MAL000126,Kevin J. Kuros,Kevin,J.,Kuros,,,True,ma,lower,Eighth Worcester,Republican,c0eb8d7fd5db4241be2d7f6dc0ae4b14,http://www.malegislature.gov/Images/MemberProfile/Web/kkuros.jpg,2011-07-08 21:34:37.352000,2013-03-01 00:24:16.597000
MAL000127,John J. Lawn,John,J.,Lawn,,,True,ma,lower,Tenth Middlesex,Democratic,b71627f6ab684965b1b65aad514dc3a4,http://www.malegislature.gov/Images/MemberProfile/Web/jlawn.jpg,2011-07-08 21:34:37.354000,2013-03-01 00:24:16.692000
MAL000129,Jason M. Lewis,Jason,M.,Lewis,,,True,ma,lower,Thirty-First Middlesex,Democratic,b973127e7c354ec49c10bab858c4ffa5,http://www.malegislature.gov/Images/MemberProfile/Web/jlewis.jpg,2011-07-08 21:34:37.357000,2013-03-01 00:24:16.616000
MAL000131,Marc T. Lombardo,Marc,T.,Lombardo,,,True,ma,lower,Twenty-Second Middlesex,Republican,3bf8273ceb684a32ba0133e542bc064d,http://www.malegislature.gov/Images/MemberProfile/Web/mlombardo.jpg,2011-07-08 21:34:37.361000,2013-03-01 00:24:17.279000
MAL000132,James J. Lyons Jr,James,J.,Lyons,Jr,,True,ma,lower,Eighteenth Essex,Republican,3ee2700424bc4746934556f62928fac6,http://www.malegislature.gov/Images/MemberProfile/Web/jalyons.jpg,2011-07-08 21:34:37.363000,2013-03-01 00:24:17.281000
MAL000133,Timothy R. Madden,Timothy,R.,Madden,,,True,ma,lower,"Barnstable, Dukes and Nantucket",Democratic,ccef78d2f22c47b7b9d02c3e86b45973,http://www.malegislature.gov/Images/MemberProfile/Web/tmadden.jpg,2011-07-08 21:34:37.364000,2013-03-01 00:24:17.453000
MAL000134,John J. Mahoney,John,J.,Mahoney,,,True,ma,lower,Thirteenth Worcester,Democratic,ad7b25616a614bd385cbe925e9201ed6,http://www.malegislature.gov/Images/MemberProfile/Web/jmahoney.jpg,2011-07-08 21:34:37.366000,2013-03-01 00:24:17.223000
MAL000135,Elizabeth A. Malia,Elizabeth,A.,Malia,,,True,ma,lower,Eleventh Suffolk,Democratic,7a0005e05bf34141835b5afc2bc3fbf9,http://www.malegislature.gov/Images/MemberProfile/Web/lmalia.jpg,2011-07-08 21:34:37.377000,2013-03-01 00:24:16.536000
MAL000136,Ronald Mariano,Ronald,,Mariano,,,True,ma,lower,Third Norfolk,Democratic,e06ecbe9d2564f1296b54b51e879e119,http://www.malegislature.gov/Images/MemberProfile/Web/rmariano.jpg,2011-07-08 21:34:37.379000,2013-03-01 00:24:17.360000
MAL000137,Paul W. Mark,Paul,W.,Mark,,,True,ma,lower,Second Berkshire,Democratic,73407030a64c4016a438e5bbc77e8032,http://www.malegislature.gov/Images/MemberProfile/Web/pmark.jpg,2011-07-08 21:34:37.381000,2013-03-01 00:24:16.963000
MAL000138,Christopher M. Markey,Christopher,M.,Markey,,,True,ma,lower,Ninth Bristol,Democratic,72af90cda54b4f71a3939e02dcc83540,http://www.malegislature.gov/Images/MemberProfile/Web/cmarkey.jpg,2011-07-08 21:34:37.382000,2013-03-01 00:24:17.030000
MAL000139,Paul McMurtry,Paul,,McMurtry,,,True,ma,lower,Eleventh Norfolk,Democratic,6bbdb5fe319441e88e3858294f8990ce,http://www.malegislature.gov/Images/MemberProfile/Web/pmcmurtry.jpg,2011-07-08 21:34:37.384000,2013-03-01 00:24:17.443000
MAL000140,James R. Miceli,James,R.,Miceli,,,True,ma,lower,Nineteenth Middlesex,Democratic,808314b22a444a4d8c37458f3538d18e,http://www.malegislature.gov/Images/MemberProfile/Web/jmiceli.jpg,2011-07-08 21:34:37.386000,2013-03-01 00:24:17.264000
MAL000141,Aaron M. Michlewitz,Aaron,M.,Michlewitz,,,True,ma,lower,Third Suffolk,Democratic,44de64bbceb048c9a268ecce7b1cda87,http://www.malegislature.gov/Images/MemberProfile/Web/amichlewitz.jpg,2011-07-08 21:34:37.388000,2013-03-01 00:24:16.690000
MAL000142,Michael J. Moran,Michael,J.,Moran,,,True,ma,lower,Eighteenth Suffolk,Democratic,0be2c985576c49caaa12f37adb499ac7,http://www.malegislature.gov/Images/MemberProfile/Web/mjmoran.jpg,2011-07-08 21:34:37.395000,2013-03-01 00:24:17.372000
MAL000144,James M. Murphy,James,M.,Murphy,,,True,ma,lower,Fourth Norfolk,Democratic,c55f2bcfde2747b08932c148dd1b5e31,http://www.malegislature.gov/Images/MemberProfile/Web/jmurphy.jpg,2011-07-08 21:34:37.400000,2013-03-01 00:24:16.159000
MAL000145,Kevin J. Murphy,Kevin,J.,Murphy,,,True,ma,lower,Eighteenth Middlesex,Democratic,7d7145803c6a49bd832a7260f5b7d143,http://www.malegislature.gov/Images/MemberProfile/Web/kmurphy.jpg,2011-07-08 21:34:37.404000,2013-03-01 00:24:17.427000
MAL000146,David M. Nangle,David,M.,Nangle,,,True,ma,lower,Seventeenth Middlesex,Democratic,e337b62c99f044d297e1f5d719dd2761,http://www.malegislature.gov/Images/MemberProfile/Web/dnangle.jpg,2011-07-08 21:34:37.405000,2013-03-01 00:24:17.390000
MAL000147,Harold P. Naughton Jr,Harold,P.,Naughton,Jr,,True,ma,lower,Twelfth Worcester,Democratic,1c6ae79c40594d7293955d0596cce4ac,http://www.malegislature.gov/Images/MemberProfile/Web/hnaughton.jpg,2011-07-08 21:34:37.407000,2013-03-01 00:24:16.652000
MAL000148,Rhonda L. Nyman,Rhonda,L.,Nyman,,,True,ma,lower,Fifth Plymouth,Democratic,d290c8e344d44a3ab1b20e339089b5b4,http://www.malegislature.gov/Images/MemberProfile/Web/rhnyman.jpg,2011-07-08 21:34:37.409000,2013-03-01 00:24:17.459000
MAL000149,Shaunna O'Connell,Shaunna,,O'Connell,,,True,ma,lower,Third Bristol,Republican,00ec10dc269848aea509ea4f65254ef3,http://www.malegislature.gov/Images/MemberProfile/Web/soconnell.jpg,2011-07-08 21:34:37.411000,2013-03-01 00:24:17.310000
MAL000150,James J. O'Day,James,J.,O'Day,,,True,ma,lower,Fourteenth Worcester,Democratic,734c649f2b2b4c5fbfb479ba5f076b29,http://www.malegislature.gov/Images/MemberProfile/Web/joday.jpg,2011-07-08 21:34:37.424000,2013-03-01 00:24:16.124000
MAL000151,Eugene L. O'Flaherty,Eugene,L.,O'Flaherty,,,True,ma,lower,Second Suffolk,Democratic,b4dc4a9a46224929954b8f2424f81b25,http://www.malegislature.gov/Images/MemberProfile/Web/goflaherty.jpg,2011-07-08 21:34:37.426000,2013-03-01 00:24:17.364000
MAL000201,Keiko M. Orrall,Keiko M.,,Orrall,,,True,ma,lower,Twelfth Bristol,Republican,2f0c5393424a4ea783eb94e1fa7987de,http://www.malegislature.gov/Images/MemberProfile/Web/korrall.jpg,2011-10-25 04:09:50.376000,2013-03-01 00:24:16.880000
MAL000152,Jerald A. Parisella,Jerald,A.,Parisella,,,True,ma,lower,Sixth Essex,Democratic,4630ed86c6034c9a916fc0daba119d40,http://www.malegislature.gov/Images/MemberProfile/Web/jparisella.jpg,2011-07-08 21:34:37.428000,2013-03-01 00:24:17.047000
MAL000153,Sarah K. Peake,Sarah,K.,Peake,,,True,ma,lower,Fourth Barnstable,Democratic,c3433007b09842b28de5525cf9e2c0f2,http://www.malegislature.gov/Images/MemberProfile/Web/speake.jpg,2011-07-08 21:34:37.430000,2013-03-01 00:24:16.571000
MAL000155,Alice Hanlon Peisch,Alice,Hanlon,Peisch,,,True,ma,lower,Fourteenth Norfolk,Democratic,5b953b0b67bb485d9a4007b6717aa940,http://www.malegislature.gov/Images/MemberProfile/Web/apeisch.jpg,2011-07-08 21:34:37.433000,2013-03-01 00:24:16.088000
MAL000156,George N. Peterson Jr,George,N.,Peterson,Jr,,True,ma,lower,Ninth Worcester,Republican,576750f700734248bdd658857f085db8,http://www.malegislature.gov/Images/MemberProfile/Web/gpeterson.jpg,2011-07-08 21:34:37.435000,2013-03-01 00:24:17.202000
MAL000157,Thomas M. Petrolati,Thomas,M.,Petrolati,,,True,ma,lower,Seventh Hampden,Democratic,fdb8dbcdc5bf4e11b3b00302c80560d0,http://www.malegislature.gov/Images/MemberProfile/Web/tpetrolati.jpg,2011-07-08 21:34:37.437000,2013-03-01 00:24:17.418000
MAL000158,William Smitty Pignatelli,William,Smitty,Pignatelli,,,True,ma,lower,Fourth Berkshire,Democratic,782fc99779034a74bd4f01210f27a6f5,http://www.malegislature.gov/Images/MemberProfile/Web/spignatelli.jpg,2011-07-08 21:34:37.439000,2013-03-01 00:24:17.435000
MAL000159,Elizabeth A. Poirier,Elizabeth,A.,Poirier,,,True,ma,lower,Fourteenth Bristol,Republican,ee3d80147bfc42f099cda044bec1087a,http://www.malegislature.gov/Images/MemberProfile/Web/epoirier.jpg,2011-07-08 21:34:37.441000,2013-03-01 00:24:17.252000
MAL000160,Denise Provost,Denise,,Provost,,,True,ma,lower,Twenty-Seventh Middlesex,Democratic,1db70e29a1e944fe9c2c3512fdeba8d4,http://www.malegislature.gov/Images/MemberProfile/Web/dprovost.jpg,2011-07-08 21:34:37.443000,2013-03-01 00:24:17.269000
MAL000161,Angelo J. Puppolo Jr.,Angelo,J.,Puppolo,Jr.,,True,ma,lower,Twelfth Hampden,Democratic,95d7d69caa8e4c90813736fb99654cf8,http://www.malegislature.gov/Images/MemberProfile/Web/apuppolo.jpg,2011-07-08 21:34:37.462000,2013-03-01 00:24:16.854000
MAL000162,Kathi-Anne Reinstein,Kathi-Anne,,Reinstein,,,True,ma,lower,Sixteenth Suffolk,Democratic,f60c99e2f78d49219bea60593b9af94b,http://www.malegislature.gov/Images/MemberProfile/Web/kreinstein.jpg,2011-07-08 21:34:37.464000,2013-03-01 00:24:17.366000
MAL000163,John H. Rogers,John,H.,Rogers,,,True,ma,lower,Twelfth Norfolk,Democratic,71567abdba2444ce9c4e39ee1e91ba68,http://www.malegislature.gov/Images/MemberProfile/Web/jrogers.jpg,2011-07-08 21:34:37.466000,2013-03-01 00:24:16.904000
MAL000164,Dennis A. Rosa,Dennis,A.,Rosa,,,True,ma,lower,Fourth Worcester,Democratic,8a30c346b42c44ccba67953a37a1c81b,http://www.malegislature.gov/Images/MemberProfile/Web/drosa.jpg,2011-07-08 21:34:37.468000,2013-03-01 00:24:17.066000
MAL000166,Byron Rushing,Byron,,Rushing,,,True,ma,lower,Ninth Suffolk,Democratic,ad036ce850db4879942f44f0f85d7035,http://www.malegislature.gov/Images/MemberProfile/Web/brushing.jpg,2011-07-08 21:34:37.473000,2013-03-01 00:24:17.354000
MAL000169,Angelo M. Scaccia,Angelo,M.,Scaccia,,,True,ma,lower,Fourteenth Suffolk,Democratic,aaee33ce359d4457b80b1a5b3b1fc984,http://www.malegislature.gov/Images/MemberProfile/Web/ascaccia.jpg,2011-07-08 21:34:37.479000,2013-03-01 00:24:17.414000
MAL000170,Paul A. Schmid,Paul,A.,Schmid,III,,True,ma,lower,Eighth Bristol,Democratic,9db2e7b7cdd54a2aac164d12e8b7c5ad,http://www.malegislature.gov/Images/MemberProfile/Web/pschmid.jpg,2011-07-08 21:34:37.480000,2013-03-01 00:24:16.776000
MAL000171,John W. Scibak,John,W.,Scibak,,,True,ma,lower,Second Hampshire,Democratic,45f92cf49b014586b786e915631b69dc,http://www.malegislature.gov/Images/MemberProfile/Web/jscibak.jpg,2011-07-08 21:34:37.482000,2013-03-01 00:24:16.019000
MAL000172,Carl M. Sciortino Jr,Carl,M.,Sciortino,Jr,,True,ma,lower,Thirty-Fourth Middlesex,Democratic,663cf770effc46d18c533fd3551c468b,http://www.malegislature.gov/Images/MemberProfile/Web/csciortino.jpg,2011-07-08 21:34:37.484000,2013-03-01 00:24:17.437000
MAL000174,Frank I. Smizik,Frank,I.,Smizik,,,True,ma,lower,Fifteenth Norfolk,Democratic,953ff20c9b374c9da1fed1e94d882664,http://www.malegislature.gov/Images/MemberProfile/Web/fsmizik.jpg,2011-07-08 21:34:37.488000,2013-03-01 00:24:17.260000
MAL000175,Todd M. Smola,Todd,M.,Smola,,,True,ma,lower,First Hampden,Republican,d2ca11d2e2cf4d8fb9d44c513df2d75f,http://www.malegislature.gov/Images/MemberProfile/Web/tsmola.jpg,2011-07-08 21:34:37.490000,2013-03-01 00:24:17.227000
MAL000176,Theodore C. Speliotis,Theodore,C.,Speliotis,,,True,ma,lower,Thirteenth Essex,Democratic,7dbddd50a0e348e8909a833d70b7b70c,http://www.malegislature.gov/Images/MemberProfile/Web/tspeliotis.jpg,2011-07-08 21:34:37.493000,2013-03-01 00:24:17.240000
MAL000180,Thomas M. Stanley,Thomas,M.,Stanley,,,True,ma,lower,Ninth Middlesex,Democratic,1f6127c4b356457fb160c59170c2b223,http://www.malegislature.gov/Images/MemberProfile/Web/tstanley.jpg,2011-07-08 21:34:37.500000,2013-03-01 00:24:17.433000
MAL000181,Ellen Story,Ellen,,Story,,,True,ma,lower,Third Hampshire,Democratic,f323471824c047258367957ce4d987a8,http://www.malegislature.gov/Images/MemberProfile/Web/estory.jpg,2011-07-08 21:34:37.502000,2013-03-01 00:24:17.362000
MAL000182,William M. Straus,William,M.,Straus,,,True,ma,lower,Tenth Bristol,Democratic,162217173b5e47e399261ee59d2bc611,http://www.malegislature.gov/Images/MemberProfile/Web/wstraus.jpg,2011-07-08 21:34:37.504000,2013-03-01 00:24:16.981000
MAL000183,David B. Sullivan,David,B.,Sullivan,,,True,ma,lower,Sixth Bristol,Democratic,d4adde0a29354faab31d5d621376ff73,http://www.malegislature.gov/Images/MemberProfile/Web/dsullivan.jpg,2011-07-08 21:34:37.505000,2013-03-01 00:24:17.265000
MAL000184,Benjamin Swan,Benjamin,,Swan,,,True,ma,lower,Eleventh Hampden,Democratic,8c8cef9f7f42444e962d2b92fd2cab33,http://www.malegislature.gov/Images/MemberProfile/Web/bswan.jpg,2011-07-08 21:34:37.507000,2013-03-01 00:24:17.323000
MAL000185,Walter F. Timilty,Walter,F.,Timilty,,,True,ma,lower,Seventh Norfolk,Democratic,c9732b16a8034594b4715968d25cfc61,http://www.malegislature.gov/Images/MemberProfile/Web/wtimilty.jpg,2011-07-08 21:34:37.509000,2013-03-01 00:24:17.430000
MAL000188,Cleon H. Turner,Cleon,H.,Turner,,,True,ma,lower,First Barnstable,Democratic,1b78f81d03f5449f967e676e7959001a,http://www.malegislature.gov/Images/MemberProfile/Web/cturner.jpg,2011-07-08 21:34:37.514000,2013-03-01 00:24:17.439000
MAL000190,David T. Vieira,David,T.,Vieira,,,True,ma,lower,Third Barnstable,Republican,cb3df136dc154522bfb335fd160afaff,http://www.malegislature.gov/Images/MemberProfile/Web/dvieira.jpg,2011-07-08 21:34:37.530000,2013-03-01 00:24:17.469000
MAL000192,Joseph F. Wagner,Joseph,F.,Wagner,,,True,ma,lower,Eighth Hampden,Democratic,497ade28456449eab1dd96dd6fa74c0b,http://www.malegislature.gov/Images/MemberProfile/Web/jfwagner.jpg,2011-07-08 21:34:37.534000,2013-03-01 00:24:17.358000
MAL000191,Chris Walsh,Chris,,Walsh,,,True,ma,lower,Sixth Middlesex,Democratic,2adc6e92979b4bf68970a41836fedaef,http://www.malegislature.gov/Images/MemberProfile/Web/cwalsh.jpg,2011-07-08 21:34:37.532000,2013-03-01 00:24:17.261000
MAL000193,Martin J. Walsh,Martin,J.,Walsh,,,True,ma,lower,Thirteenth Suffolk,Democratic,,http://www.malegislature.gov/Images/MemberProfile/Web/mwalsh.jpg,2011-07-08 21:34:37.544000,2013-03-01 00:24:17.236000
MAL000194,Steven M. Walsh,Steven,M.,Walsh,,,True,ma,lower,Eleventh Essex,Democratic,ca25b69a869d47a7a2cb90af56b4293d,http://www.malegislature.gov/Images/MemberProfile/Web/swalsh.jpg,2011-07-08 21:34:37.546000,2013-03-01 00:24:16.293000
MAL000195,Martha M. Walz,Martha,M.,Walz,,,True,ma,lower,Eighth Suffolk,Democratic,9fd3dc76dab543558ee9b539813763b0,http://www.malegislature.gov/Images/MemberProfile/Web/mwalz.jpg,2011-07-08 21:34:37.548000,2013-03-01 00:24:15.386000
MAL000197,Daniel B. Winslow,Daniel,B.,Winslow,,,True,ma,lower,Ninth Norfolk,Republican,78e8ce8f6bf74ab7bc18c2d97c3524b4,http://www.malegislature.gov/Images/MemberProfile/Web/dwinslow.jpg,2011-07-08 21:34:37.559000,2013-03-01 00:24:17.377000
MAL000199,Donald H. Wong,Donald,H.,Wong,,,True,ma,lower,Ninth Essex,Republican,00898593d9c247f39a0e9b211593b68f,http://www.malegislature.gov/Images/MemberProfile/Web/dwong.jpg,2011-07-08 21:34:37.562000,2013-03-01 00:24:17.471000
MAL000216,Paul Heroux,Paul,,Heroux,,,True,ma,lower,Second Bristol,Democratic,4ac560f890344ee2a131ab5cfe99d950,http://www.malegislature.gov/Images/MemberProfile/Web/pheroux.jpg,2013-01-04 00:07:58.570000,2013-03-01 00:24:17.225000
MAL000043,Denise Andrews,Denise,,Andrews,,,True,ma,lower,Second Franklin,Democratic,afec2c8e02844c47bd10eeaded4f9124,http://www.malegislature.gov/Images/MemberProfile/Web/deandrews.jpg,2011-07-08 21:34:37.191000,2013-03-01 00:24:16.961000
MAL000215,Danielle W. Gregoire,Danielle W.,,Gregoire,,,True,ma,lower,Fourth Middlesex,Democratic,b597aea612f842d59f0fe0df7099ab20,http://www.malegislature.gov/Images/MemberProfile/Web/dgregoire.jpg,2013-01-04 00:07:58.533000,2013-03-01 00:24:17.333000
MAL000109,Carlos Henriquez,Carlos,,Henriquez,,,True,ma,lower,Fifth Suffolk,Democratic,72da47e27db542ada1f841e59897eab0,http://www.malegislature.gov/Images/MemberProfile/Web/chenriquez.jpg,2011-07-08 21:34:37.320000,2013-03-01 00:24:17.457000
MAL000225,Jonathan D. Zlotnik,Jonathan D.,,Zlotnik,,,True,ma,lower,Second Worcester,Democratic,4516701df9144f7295a6b2693e87b040,http://www.malegislature.gov/Images/MemberProfile/Web/jzlotnik.jpg,2013-01-04 00:07:59.179000,2013-03-01 00:24:17.307000
MAL000090,Robert F. Fennell,Robert,F.,Fennell,,,True,ma,lower,Tenth Essex,Democratic,22f2d15a3bb94492b61099c0b85b1df7,http://www.malegislature.gov/Images/MemberProfile/Web/rfennell.jpg,2011-07-08 21:34:37.284000,2013-03-01 00:24:17.425000
MAL000105,Thomas A. Golden Jr.,Thomas,A.,Golden,Jr,,True,ma,lower,Sixteenth Middlesex,Democratic,f78e835541ad42a3ae3d44ef6393bb0e,http://www.malegislature.gov/Images/MemberProfile/Web/tgolden.jpg,2011-07-08 21:34:37.313000,2013-03-01 00:24:17.327000
MAL000048,Bruce J. Ayers,Bruce,J.,Ayers,,,True,ma,lower,First Norfolk,Democratic,e9499d8e58e14463965d8a9d93503f3b,http://www.malegislature.gov/Images/MemberProfile/Web/bayers.jpg,2011-07-08 21:34:37.200000,2013-03-01 00:24:17.329000
MAL000212,Josh S. Cutler,Josh S.,,Cutler,,,True,ma,lower,Sixth Plymouth,Democratic,,http://www.malegislature.gov/Images/MemberProfile/Web/jcutler.jpg,2013-01-04 00:07:58.303000,2013-03-01 00:24:17.336000
MAL000084,Peter Durant,Peter,,Durant,,,True,ma,lower,Sixth Worcester,Republican,d232f24fb8e64da08b2779101974bf88,http://www.malegislature.gov/Images/MemberProfile/Web/pdurant.jpg,2011-07-08 21:34:37.273000,2013-03-01 00:24:17.340000
MAL000111,Kate Hogan,Kate,,Hogan,,,True,ma,lower,Third Middlesex,Democratic,9ee717087f584a84863b41e9e27ebdb0,http://www.malegislature.gov/Images/MemberProfile/Web/khogan.jpg,2011-07-08 21:34:37.324000,2013-03-01 00:24:17.352000
MAL000217,Mary S. Keefe,Mary S.,,Keefe,,,True,ma,lower,Fifteenth Worcester,Democratic,7fd029d34c3845abbd3403a65ec04ac6,http://www.malegislature.gov/Images/MemberProfile/Web/mkeefe.jpg,2013-01-04 00:07:58.653000,2013-03-01 00:24:17.400000
MAL000069,Nick Collins,Nick,,Collins,,,True,ma,lower,Fourth Suffolk,Democratic,,http://www.malegislature.gov/Images/MemberProfile/Web/ncollins.jpg,2011-07-08 21:34:37.245000,2013-03-01 00:24:17.455000
MAL000053,Matthew A. Beaton,Matthew,A.,Beaton,,,True,ma,lower,Eleventh Worcester,Republican,421cf402e66a440498f609b4b23d5ef3,http://www.malegislature.gov/Images/MemberProfile/Web/mbeaton.jpg,2011-07-08 21:34:37.209000,2013-03-01 00:24:17.465000
MAL000062,Thomas J. Calter,Thomas,J.,Calter,,,True,ma,lower,Twelfth Plymouth,Democratic,2999db5c4e1b4414938741101962e39c,http://www.malegislature.gov/Images/MemberProfile/Web/tcalter.jpg,2011-07-08 21:34:37.232000,2013-03-01 00:24:16.375000
MAL000071,Edward F. Coppinger,Edward,F.,Coppinger,,,True,ma,lower,Tenth Suffolk,Democratic,0ce12193e09a45748a07db7019eab8e8,http://www.malegislature.gov/Images/MemberProfile/Web/ecoppinger.jpg,2011-07-08 21:34:37.249000,2013-03-01 00:24:17.388000
MAL000054,Jennifer E. Benson,Jennifer,E.,Benson,,,True,ma,lower,Thirty-Seventh Middlesex,Democratic,186fd5d6d40b41c289271e088be5c024,http://www.malegislature.gov/Images/MemberProfile/Web/jbenson.jpg,2011-07-08 21:34:37.211000,2013-03-01 00:24:16.912000
MAL000067,Tackey Chan,Tackey,,Chan,,,True,ma,lower,Second Norfolk,Democratic,9deb4c2b2bc042cf89496f5ae1debdab,http://www.malegislature.gov/Images/MemberProfile/Web/tchan.jpg,2011-07-08 21:34:37.241000,2013-03-01 00:24:16.914000
MAL000222,Jeffrey N. Roy,Jeffrey N.,,Roy,,,True,ma,lower,Tenth Norfolk,Democratic,,http://www.malegislature.gov/Images/MemberProfile/Web/jroy.jpg,2013-01-04 00:07:58.975000,2013-03-01 00:24:17.278000
MAL000082,Stephen L. DiNatale,Stephen,L.,DiNatale,,,True,ma,lower,Third Worcester,Democratic,bf980c0304e14ed4b6d8133e27c04ecb,http://www.malegislature.gov/Images/MemberProfile/Web/sdinatale.jpg,2011-07-08 21:34:37.269000,2013-03-01 00:24:17.294000
MAL000100,Sean Garballey,Sean,,Garballey,,,True,ma,lower,Twenty-Third Middlesex,Democratic,d361181cbead45bb97739dc4f9d66db0,http://www.malegislature.gov/Images/MemberProfile/Web/sgarballey.jpg,2011-07-08 21:34:37.304000,2013-03-01 00:24:17.447000
MAL000218,Brian R. Mannal,Brian R.,,Mannal,,,True,ma,lower,Second Barnstable,Democratic,34f32283819b495593a1adede80689aa,http://www.malegislature.gov/Images/MemberProfile/Web/bmannal.jpg,2013-01-04 00:07:58.756000,2013-03-01 00:24:17.069000
MAL000063,Linda Dean Campbell,Linda,Dean,Campbell,,,True,ma,lower,Fifteenth Essex,Democratic,eb3b5c3c69f64425b679013943af76e5,http://www.malegislature.gov/Images/MemberProfile/Web/ldcampbell.jpg,2011-07-08 21:34:37.234000,2013-03-01 00:24:17.441000
MAL000076,Angelo L. D'Emilia,Angelo,L.,D'Emilia,,,True,ma,lower,Eighth Plymouth,Republican,c9c828b906924c498b13bf904cde5ea3,http://www.malegislature.gov/Images/MemberProfile/Web/ademilia.jpg,2011-07-08 21:34:37.258000,2013-03-01 00:24:17.463000
MAL000081,Geoffrey G. Diehl,Geoffrey,G.,Diehl,,,True,ma,lower,Seventh Plymouth,Republican,a02fe011cdcc48afb1ff54d5d5e3fc08,http://www.malegislature.gov/Images/MemberProfile/Web/gdiehl.jpg,2011-07-08 21:34:37.267000,2013-03-01 00:24:17.467000
MAL000186,Timothy J. Toomey Jr,Timothy,J.,Toomey,Jr,,True,ma,lower,Twenty-Sixth Middlesex,Democratic,b7f76556df02455f96aaa3eca10f8fe0,http://www.malegislature.gov/Images/MemberProfile/Web/ttoomey.jpg,2011-07-08 21:34:37.511000,2013-03-01 00:24:16.867000
MAL000202,Tricia Farley-Bouvier,Tricia,,Farley-Bouvier,,,True,ma,lower,Third Berkshire,Democratic,042db935ee8d4fd5bf1c5f660d91ad71,http://www.malegislature.gov/Images/MemberProfile/Web/tfarleybouvier.jpg,2011-11-15 23:52:35.735000,2013-03-01 00:24:17.271000
MAL000064,Christine E. Canavan,Christine,E.,Canavan,,,True,ma,lower,Tenth Plymouth,Democratic,6284b213777e499e874c61abc990bcce,http://www.malegislature.gov/Images/MemberProfile/Web/ccanavan.jpg,2011-07-08 21:34:37.236000,2013-03-01 00:24:17.423000
MAL000005,Harriette L. Chandler,Harriette,L.,Chandler,,,True,ma,upper,First Worcester,Democratic,16a284d371464841a2083012273e806e,http://www.malegislature.gov/Images/MemberProfile/Web/hchandler.jpg,2011-07-08 21:34:37.096000,2013-03-01 00:24:15.828000
MAL000017,Jack Hart,Jack,,Hart,,,True,ma,upper,First Suffolk,Democratic,45737fccaa1e41f3a4f1e4c0f85a48e6,http://www.malegislature.gov/Images/MemberProfile/Web/jhart.jpg,2011-07-08 21:34:37.118000,2013-03-01 00:24:15.542000
MAL000025,Mark C. Montigny,Mark,C.,Montigny,,,True,ma,upper,Second Bristol and Plymouth,Democratic,2f1da3ef830c4f32924b2dd49267a7d5,http://www.malegislature.gov/Images/MemberProfile/Web/mmontigny.jpg,2011-07-08 21:34:37.133000,2013-03-01 00:24:15.830000
MAL000039,James T. Welch,James,T.,Welch,,,True,ma,upper,Hampden,Democratic,35f198418e184734bedb3e8a6a9069ed,http://www.malegislature.gov/Images/MemberProfile/Web/jwelch.jpg,2011-07-08 21:34:37.183000,2013-03-01 00:24:16.660000
MAL000007,Katherine Clark,Katherine,,Clark,,,True,ma,upper,Fifth Middlesex,Democratic,9f88cd30041843aa8eed017c3e81e129,http://www.malegislature.gov/Images/MemberProfile/Web/kclark.jpg,2011-07-08 21:34:37.100000,2013-03-01 00:24:16.658000
MAL000022,Thomas P. Kennedy,Thomas,P.,Kennedy,,,True,ma,upper,Second Plymouth and Bristol,Democratic,c1426e32b3ee49cdbdb3b4b286b97101,http://www.malegislature.gov/Images/MemberProfile/Web/tkennedy.jpg,2011-07-08 21:34:37.127000,2013-03-01 00:24:17.100000
MAL000035,Karen Spilka,Karen,,Spilka,,,True,ma,upper,Second Middlesex and Norfolk,Democratic,bd61743429a14784aa05255acfc97a93,http://www.malegislature.gov/Images/MemberProfile/Web/kspilka.jpg,2011-07-08 21:34:37.176000,2013-03-01 00:24:16.809000
MAL000239,Kathleen O'Connor Ives,Kathleen O'Connor,,Ives,,,True,ma,upper,First Essex,Democratic,,http://www.malegislature.gov/Images/MemberProfile/Web/koconnorives.jpg,2013-01-09 17:02:38.701000,2013-03-01 00:24:16.924000
MAL000238,Joan B. Lovely,Joan B.,,Lovely,,,True,ma,upper,Second Essex,Democratic,a43c9fc3d05a41ee8779996c1467c46b,http://www.malegislature.gov/Images/MemberProfile/Web/jlovely.jpg,2013-01-09 17:02:38.683000,2013-03-01 00:24:17.044000
MAL000028,Therese Murray,Therese,,Murray,,,True,ma,upper,Plymouth and Barnstable,Democratic,dd97b5cebfd742249426ec353b1f0508,http://www.malegislature.gov/Images/MemberProfile/Web/tmurray.jpg,2011-07-08 21:34:37.163000,2013-03-01 00:24:15.554000
MAL000019,Patricia D. Jehlen,Patricia,D.,Jehlen,,,True,ma,upper,Second Middlesex,Democratic,3afc2fc6e5d945198239311f5d89579d,http://www.malegislature.gov/Images/MemberProfile/Web/pjehlen.jpg,2011-07-08 21:34:37.122000,2013-03-01 00:24:17.098000
MAL000010,Kenneth J. Donnelly,Kenneth,J.,Donnelly,,,True,ma,upper,Fourth Middlesex,Democratic,06b63db855234e49ae85782b91a72191,http://www.malegislature.gov/Images/MemberProfile/Web/kdonnelly.jpg,2011-07-08 21:34:37.105000,2013-03-01 00:24:16.846000
MAL000060,William N. Brownsberger,William,N.,Brownsberger,,,True,ma,upper,Second Suffolk and Middlesex,Democratic,371f02766d1049178d71e87b784237e4,http://www.malegislature.gov/Images/MemberProfile/Web/wbrownsberger.jpg,2011-07-08 21:34:37.228000,2013-03-01 00:24:16.686000
MAL000233,Michael Barrett,Michael,,Barrett,,,True,ma,upper,Third Middlesex,Democratic,c0e82d1b542244eab30e55888fb6bde6,http://www.malegislature.gov/Images/MemberProfile/Web/mbarrett.jpg,2013-01-09 17:02:38.607000,2013-03-01 00:24:17.049000
MAL000020,Brian A. Joyce,Brian,A.,Joyce,,,True,ma,upper,"Norfolk, Bristol and Plymouth",Democratic,99ba0a1790cd4060a1ea0bf783f74666,http://www.malegislature.gov/Images/MemberProfile/Web/bjoyce.jpg,2011-07-08 21:34:37.124000,2013-03-01 00:24:16.291000
MAL000032,Stanley C. Rosenberg,Stanley,C.,Rosenberg,,,True,ma,upper,"Hampshire, Franklin and Worcester",Democratic,1d85ac83e0e14f5fb34a3893bebda9d6,http://www.malegislature.gov/Images/MemberProfile/Web/srosenberg.jpg,2011-07-08 21:34:37.170000,2013-03-01 00:24:16.798000
MAL000026,Michael O. Moore,Michael,O.,Moore,,,True,ma,upper,Second Worcester,Democratic,dea63b10d6cd488d9f4f8bdaaceaa7ca,http://www.malegislature.gov/Images/MemberProfile/Web/momoore.jpg,2011-07-08 21:34:37.135000,2013-03-01 00:24:17.105000
MAL000013,James B. Eldridge,James,B.,Eldridge,,,True,ma,upper,Middlesex and Worcester,Democratic,202fd50765d446ab88cebc595998c19d,http://www.malegislature.gov/Images/MemberProfile/Web/jeldridge.jpg,2011-07-08 21:34:37.111000,2013-03-01 00:24:16.898000
MAL000006,Sonia Chang-Diaz,Sonia,,Chang-Diaz,,,True,ma,upper,Second Suffolk,Democratic,8dd1a2e0e6fc45818be4d712375238c4,http://www.malegislature.gov/Images/MemberProfile/Web/schangdiaz.jpg,2011-07-08 21:34:37.098000,2013-03-01 00:24:16.937000
MAL000027,Richard T. Moore,Richard,T.,Moore,,,True,ma,upper,Worcester and Norfolk,Democratic,56d9004d18d943e79c6d76b8b9b4a9b5,http://www.malegislature.gov/Images/MemberProfile/Web/rmoore.jpg,2011-07-08 21:34:37.137000,2013-03-01 00:24:16.801000
MAL000040,Daniel A. Wolf,Daniel,A.,Wolf,,,True,ma,upper,Cape and Islands,Democratic,692311ee670c485bb0a9a57dd6bfe423,http://www.malegislature.gov/Images/MemberProfile/Web/dwolf.jpg,2011-07-08 21:34:37.185000,2013-03-01 00:24:17.051000
MAL000036,Bruce E. Tarr,Bruce,E.,Tarr,,,True,ma,upper,First Essex and Middlesex,Republican,5ad608c6f87f4346b4cb4090d60a4086,http://www.malegislature.gov/Images/MemberProfile/Web/btarr.jpg,2011-07-08 21:34:37.178000,2013-03-01 00:24:16.862000
MAL000016,Jennifer L. Flanagan,Jennifer,L.,Flanagan,,,True,ma,upper,Worcester and Middlesex,Democratic,d0cd564373544a5ab49408dff1f25e2f,http://www.malegislature.gov/Images/MemberProfile/Web/jflanagan.jpg,2011-07-08 21:34:37.116000,2013-03-01 00:24:17.081000
MAL000011,Eileen Donoghue,Eileen,,Donoghue,,,True,ma,upper,First Middlesex,Democratic,ce5069ea632748f6971781d9dcd7a347,http://www.malegislature.gov/Images/MemberProfile/Web/edonoghue.jpg,2011-07-08 21:34:37.107000,2013-03-01 00:24:17.094000
MAL000030,Anthony Petruccelli,Anthony,,Petruccelli,,,True,ma,upper,First Suffolk and Middlesex,Democratic,c0fec2fae18340f39b4d380dde5dc937,http://www.malegislature.gov/Images/MemberProfile/Web/apetruccelli.jpg,2011-07-08 21:34:37.167000,2013-03-01 00:24:17.109000
MAL000024,Thomas M. McGee,Thomas,M.,McGee,,,True,ma,upper,Third Essex,Democratic,a5b71fbed8024783997eaf23abb9252f,http://www.malegislature.gov/Images/MemberProfile/Web/tmcgee.jpg,2011-07-08 21:34:37.131000,2013-03-01 00:24:17.103000
MAL000034,Michael F. Rush,Michael,F.,Rush,,,True,ma,upper,Norfolk and Suffolk,Democratic,83f07333980d488da83212dc640a5a10,http://www.malegislature.gov/Images/MemberProfile/Web/mrush.jpg,2011-07-08 21:34:37.174000,2013-03-01 00:24:17.112000
MAL000003,Stephen M. Brewer,Stephen,M.,Brewer,,,True,ma,upper,"Worcester, Hampden, Hampshire and Middlesex",Democratic,ee32bd66eb4f4922978b70c0f9e48275,http://www.malegislature.gov/Images/MemberProfile/Web/sbrewer.jpg,2011-07-08 21:34:37.092000,2013-03-01 00:24:17.078000
MAL000004,Gale D. Candaras,Gale,D.,Candaras,,,True,ma,upper,First Hampden and Hampshire,Democratic,2f12da01e6ec4136a9842058a002316f,http://www.malegislature.gov/Images/MemberProfile/Web/gcandaras.jpg,2011-07-08 21:34:37.094000,2013-03-01 00:24:17.091000
MAL000008,Cynthia Stone Creem,Cynthia,Stone,Creem,,,True,ma,upper,First Middlesex and Norfolk,Democratic,43d96591d90c422680c554d9f6c94d52,http://www.malegislature.gov/Images/MemberProfile/Web/ccreem.jpg,2011-07-08 21:34:37.101000,2013-03-01 00:24:16.128000
MAL000012,Benjamin B. Downing,Benjamin,B.,Downing,,,True,ma,upper,"Berkshire, Hampshire, Franklin and Hampden",Democratic,deb83430f26c4c1289ec1bee78ba1730,http://www.malegislature.gov/Images/MemberProfile/Web/bdowning.jpg,2011-07-08 21:34:37.109000,2013-03-01 00:24:17.096000
MAL000015,Barry R. Finegold,Barry,R.,Finegold,,,True,ma,upper,Second Essex and Middlesex,Democratic,26651dc392ca4bec8b3ffee68ccdfed6,http://www.malegislature.gov/Images/MemberProfile/Web/bfinegold.jpg,2011-07-08 21:34:37.114000,2013-03-01 00:24:16.889000
MAL000031,Michael J. Rodrigues,Michael,J.,Rodrigues,,,True,ma,upper,First Bristol and Plymouth,Democratic,9604e75d07474f5fa8f97d0ec2279a30,http://www.malegislature.gov/Images/MemberProfile/Web/mrodrigues.jpg,2011-07-08 21:34:37.168000,2013-03-01 00:24:16.860000
MAL000037,James E. Timilty,James,E.,Timilty,,,True,ma,upper,Bristol and Norfolk,Democratic,be4f8bcd935c44fba25271af631e987c,http://www.malegislature.gov/Images/MemberProfile/Web/jtimilty.jpg,2011-07-08 21:34:37.179000,2013-03-01 00:24:17.114000
MAL000009,Sal N. DiDomenico,Sal,N.,DiDomenico,,,True,ma,upper,Middlesex and Suffolk,Democratic,4927756fd5274b878e4efc9b48783cf9,http://www.malegislature.gov/Images/MemberProfile/Web/sdidomenico.jpg,2011-07-08 21:34:37.103000,2013-03-01 00:24:17.083000
MAL000018,Robert L. Hedlund,Robert,L.,Hedlund,,,True,ma,upper,Plymouth and Norfolk,Republican,51a26fb20207480996af923b11b649a1,http://www.malegislature.gov/Images/MemberProfile/Web/rhedlund.jpg,2011-07-08 21:34:37.120000,2013-03-01 00:24:17.016000
MAL000021,John F. Keenan,John,F.,Keenan,,,True,ma,upper,Norfolk and Plymouth,Democratic,f152afc488a841429f3cbfcdee8b1d12,http://www.malegislature.gov/Images/MemberProfile/Web/jokeenan.jpg,2011-07-08 21:34:37.125000,2013-03-01 00:24:16.858000
MAL000023,Michael R. Knapik,Michael,R.,Knapik,,,True,ma,upper,Second Hampden and Hampshire,Republican,6bb39f0e2198456ba1740acf36a24816,http://www.malegislature.gov/Images/MemberProfile/Web/mknapik.jpg,2011-07-08 21:34:37.129000,2013-03-01 00:24:17.116000
MAL000029,Marc R. Pacheco,Marc,R.,Pacheco,,,True,ma,upper,First Plymouth and Bristol,Democratic,b7269d0de25f4db6ad236b1d02a4542a,http://www.malegislature.gov/Images/MemberProfile/Web/mpacheco.jpg,2011-07-08 21:34:37.165000,2013-03-01 00:24:17.107000
MAL000033,Richard J. Ross,Richard,J.,Ross,,,True,ma,upper,"Norfolk, Bristol and Middlesex",Republican,ab8ce569f72b45e2a68774175dd2a5e5,http://www.malegislature.gov/Images/MemberProfile/Web/rross.jpg,2011-07-08 21:34:37.172000,2013-03-01 00:24:17.119000
