MEL000056,Michael Celli,Michael,,Celli,,,False,me,,,,74778c186f7341bf8be602091c72ff2b,http://www.maine.gov/legis/house_gop/_images/cellm_.jpg,2011-06-13 17:13:39.372000,2013-01-04 00:07:12.276000
MEL000188,Cynthia A. Dill,Cynthia,A.,Dill,,,False,me,,,,783e6984d25e4857a6cb50128f6a0247,,2011-12-06 02:36:31.770000,2013-01-04 00:07:12.182000
MEL000007,Lawrence S. Bliss,Lawrence,S.,Bliss,,,False,me,,,,8f68b6bead5c4eb39fe1552b0ca1b085,http://maine.gov/legis/house/history/123rd/photo123/blisl_.jpg,2011-06-13 17:13:38.706000,2012-06-05 14:19:29.184000
MEL000059,Frederick L. Wintle,Frederick,L.,Wintle,,,False,me,,,,9de0cdb1e8064b2e98f9a722eeba6136,http://www.maine.gov/legis/house_gop/_images/wintfl.jpg,2011-06-13 17:13:39.378000,2012-06-05 14:22:16.543000
MEL000165,Robert B. Hunt,Robert,B.,Hunt,,,False,me,,,,f7542133b76d498cac79e8c9c8bee279,http://www.maine.gov/legis/housedems/representatives/images/huntmugcolor.JPG,2011-06-13 17:13:39.869000,2013-01-04 00:07:12.183000
MEL000172,David R. Burns,David,R.,Burns,,,False,me,,,,8933fdbdc2b34d4abf3d9f00c8087336,http://www.maine.gov/legis/house/photo125/burndc.jpg,2011-06-13 17:13:39.932000,2012-06-07 15:23:19.240000
MEL000020,A. David Trahan, A.,David,Trahan,,,False,me,,,,1b7150269eaa44a6bbdb55f4b3038334,http://www.maine.gov/legis/senate_gop/_images/trahan.jpg,2011-06-13 17:13:39.108000,2013-01-04 00:07:12.277000
MEL000029,Kevin L. Raye,Kevin,L.,Raye,,,False,me,,,,83aed04562c743dc8d4ac484641ddfd7,http://www.maine.gov/legis/senate_gop/_images/raye.jpg,2011-06-13 17:13:39.162000,2013-01-04 00:07:12.278000
MEL000097,Michael H. Clarke,Michael,H.,Clarke,,,False,me,,,,7f2e61cc627f4f55889a3731ff8705de,http://www.maine.gov/legis/house/photo125/clarmh.jpg,2011-06-13 17:13:39.640000,2013-01-04 00:07:12.190000
MEL000105,Bruce A. Bickford,Bruce,A.,Bickford,,,False,me,,,,722145bb2b5140539c6c533e18d70921,http://www.maine.gov/legis/house_gop/_images/bickba.jpg,2011-06-13 17:13:39.688000,2013-01-04 00:07:12.191000
MEL000108,Richard V Wagner,Richard,V,Wagner,,,False,me,,,,63e5fdfac87f4b27bfe9ccf78d40f6e2,http://www.maine.gov/legis/housedems/representatives/images/WagnerMugcolor.JPG,2011-06-13 17:13:39.716000,2013-01-04 00:07:12.192000
MEL000121,Philip A. Curtis,Philip,A.,Curtis,,,False,me,,,,f335e93e36584ab8936058e14e29a249,http://www.maine.gov/legis/house_gop/_images/curtis.jpg,2011-06-13 17:13:39.757000,2013-01-04 00:07:12.273000
MEL000141,David C. Webster,David,C.,Webster,,,False,me,,,,1190af937e754ac9b255c9f1cb56185d,http://www.maine.gov/legis/housedems/representatives/images/WebsterMug2color.JPG,2011-06-13 17:13:39.803000,2013-01-04 00:07:12.195000
MEL000143,Meredith N. Strang Burgess,Meredith,N.,Strang Burgess,,,False,me,,,,1d0c13ae6ed84be0859d67cfcabfd1d5,http://www.maine.gov/legis/house/photo125/stramn.jpg,2011-06-13 17:13:39.807000,2013-01-04 00:07:12.197000
MEL000150,Stephen D. Lovejoy,Stephen,D.,Lovejoy,,,False,me,,,,6fb57da614ea4489a0b0b6767cbd59f8,http://www.maine.gov/legis/house/photo125/lovesd.jpg,2011-06-13 17:13:39.830000,2013-01-04 00:07:12.200000
MEL000153,Jon Hinck,Jon,,Hinck,,,False,me,,,,905464ad66f543a2bf48c30d8c05ecfd,http://www.maine.gov/legis/house/photo125/hincj_.jpg,2011-06-13 17:13:39.839000,2013-01-04 00:07:12.202000
MEL000157,Jane E. Eberle,Jane,E.,Eberle,,,False,me,,,,00fe112dbd0b44f3b8a5fdfeb768b67b,http://www.maine.gov/legis/house/photo125/eberje.jpg,2011-06-13 17:13:39.846000,2013-01-04 00:07:12.203000
MEL000160,Timothy E. Driscoll,Timothy,E.,Driscoll,,,False,me,,,,29fee518c4fd4481af37c08ce263ad72,http://www.maine.gov/legis/house/photo125/driste.jpg,2011-06-13 17:13:39.859000,2013-01-04 00:07:12.204000
MEL000163,Jane S. Knapp,Jane,S.,Knapp,,,False,me,,,,95cd678a7a894840a430d960c4b21786,http://www.maine.gov/legis/house/photo125/knapjs.jpg,2011-06-13 17:13:39.866000,2013-01-04 00:07:12.205000
MEL000166,George Hogan,George,,Hogan,,,False,me,,,,c33c17bb3455459a9624a9eb45e80f99,http://www.maine.gov/legis/house/photo125/hogagw.jpg,2011-06-13 17:13:39.871000,2013-01-04 00:07:12.207000
MEL000167,Donald E. Pilon,Donald,E.,Pilon,,,False,me,,,,9abd9f7182d44620904662b8c8b65727,http://www.maine.gov/legis/housedems/representatives/images/PilonMug2color.JPG,2011-06-13 17:13:39.873000,2013-01-04 00:07:12.208000
MEL000179,Beth A. O'Connor,Beth,A.,O'Connor,,,False,me,,,,f43cc6cc27aa45caa9f17d3c949b94d7,http://www.maine.gov/legis/house_gop/_images/oconba.jpg,2011-06-13 17:13:39.945000,2013-01-04 00:07:12.211000
MEL000183,Bradley S. Moulton,Bradley,S.,Moulton,,,False,me,,,,7f26fde1dcc04427a06888f1787187ba,http://www.maine.gov/legis/house/photo125/moulbs.jpg,2011-06-13 17:13:39.972000,2013-01-04 00:07:12.212000
MEL000185,Devin M. Beliveau,Devin,M.,Beliveau,,,False,me,,,,6a4e18cb724c4f7484b4f300f7d3c3fe,http://www.maine.gov/legis/house/photo125/belidm.jpg,2011-06-13 17:13:39.976000,2013-01-04 00:07:12.213000
MEL000039,Peter E. Edgecomb,Peter,E.,Edgecomb,,,False,me,,,,b1bbb72479484cfb895f0f3e8c6944b0,http://www.maine.gov/legis/house_gop/_images/edgep_.jpg,2011-06-13 17:13:39.199000,2013-01-04 00:07:12.214000
MEL000079,Andrew R. O'Brien,Andrew,R.,O'Brien,,,False,me,,,,a9a612f10d3947e3b48940478d915d1c,http://www.maine.gov/legis/housedems/representatives/images/125highresphotos/obrienmug.jpg,2011-06-13 17:13:39.570000,2013-01-04 00:07:12.215000
MEL000031,Richard W. Rosen,Richard,W.,Rosen,,,False,me,,,,6c83ec7a98d04867a0d787d66768d1a6,http://www.maine.gov/legis/senate_gop/_images/rosen.jpg,2011-06-13 17:13:39.175000,2013-03-01 01:56:54.709000
MEL000036,John L. Martin,John,L.,Martin,,,False,me,,,,86179c004aef4cc49c4fd7b42c356bd3,http://www.maine.gov/legis/housedems/representatives/images/MartinMugbw.jpg,2011-06-13 17:13:39.194000,2013-01-04 00:07:12.218000
MEL000052,Sara R. Stevens,Sara,R.,Stevens,,,False,me,,,,6cfdd08954ed4726900ede6e39e92c8f,http://www.maine.gov/legis/housedems/representatives/images/stevensmugccolor.JPG,2011-06-13 17:13:39.253000,2013-01-04 00:07:12.219000
MEL000089,Susan E. Morissette,Susan,E.,Morissette,,,False,me,,,,6ecf84918be24d75a02593ac083efc31,http://www.maine.gov/legis/house/photo125/morise.jpg,2011-06-13 17:13:39.615000,2013-01-04 00:07:12.221000
MEL000091,Anna D. Blodgett,Anna,D.,Blodgett,,,False,me,,,,4731f98a78cc48129e4be56b6bcf4f04,http://www.maine.gov/legis/house/photo125/blodad.jpg,2011-06-13 17:13:39.628000,2013-01-04 00:07:12.222000
MEL000094,Stephen P. Hanley,Stephen,P.,Hanley,,,False,me,,,,78a3af4a4c414e75a7d7c1edbee79613,http://www.maine.gov/legis/housedems/representatives/images/HanleyMugcolor.JPG,2011-06-13 17:13:39.633000,2013-01-04 00:07:12.223000
MEL000058,David E. Richardson,David,E.,Richardson,,,False,me,,,,0a2cb35a3fb9408cb053a0cebb7a9e9f,http://www.maine.gov/legis/house_gop/_images/richde.jpg,2011-06-13 17:13:39.376000,2013-01-04 00:07:12.224000
MEL000065,Howard E. McFadden,Howard,E.,McFadden,,,False,me,,,,a904675fa0d24d7bb5934983b958e846,http://www.maine.gov/legis/house_gop/_images/mcfahe.jpg,2011-06-13 17:13:39.454000,2013-01-04 00:07:12.225000
MEL000006,Philip L. Bartlett,Philip,L.,Bartlett,,,False,me,,,,ac0678d7bbd848d087449bc07d3106b4,,2011-06-13 17:13:38.704000,2013-03-01 01:56:54.711000
MEL000064,Stacey Allen Fitts,Stacey,Allen,Fitts,,,False,me,,,,12d558bb39334af385f195e845939851,http://www.maine.gov/legis/house/photo125/fittsa.jpg,2011-06-13 17:13:39.453000,2013-01-04 00:07:12.227000
MEL000053,James W. Parker,James,W.,Parker,,,False,me,,,,3c023e443026411fa5e2e6ac0c83e2be,http://www.maine.gov/legis/house/photo125/parkjw.jpg,2011-06-13 17:13:39.255000,2013-01-04 00:07:12.230000
MEL000048,Robert S. Duchesne,Robert,S.,Duchesne,,,False,me,,,,66b43593c5094840a30de9e01259c5c5,http://www.maine.gov/legis/house/photo125/duchrs.jpg,2011-06-13 17:13:39.227000,2013-01-04 00:07:12.231000
MEL000021,Earle L. McCormick,Earle,L.,McCormick,,,False,me,,,,58fb4fd5930144f79f6ff81eb7cab26a,http://www.maine.gov/legis/senate_gop/_images/mccormick.jpg,2011-06-13 17:13:39.117000,2013-03-01 01:56:54.713000
MEL000088,Leslie T Fossel,Leslie,T,Fossel,,,False,me,,,,687934c6ec22494c8d5219edd30b22b7,http://www.maine.gov/legis/house/photo125/fosslt.jpg,2011-06-13 17:13:39.613000,2013-01-04 00:07:12.233000
MEL000045,Herbert E. Clark,Herbert,E.,Clark,,,False,me,,,,8928f4995e7b40faaddccc5d236d1e34,http://www.maine.gov/legis/house/photo125/clarhe.jpg,2011-06-13 17:13:39.222000,2013-01-04 00:07:12.234000
MEL000015,Lois A. Snowe-Mello,Lois,A.,Snowe-Mello,,,False,me,,,,3f99c59727334ce2beebb7863c7783aa,http://www.maine.gov/legis/senate_gop/_images/snowe-mello.jpg,2011-06-13 17:13:39.038000,2013-03-01 01:56:54.715000
MEL000009,Joseph C. Brannigan,Joseph,C.,Brannigan,,,False,me,,,,caf3ef86c6f346cc8b0e4e020d8e0827,http://senatedems.maine.gov/brannigan/images/Senator%20Joe%20Brannigan-med.jpg,2011-06-13 17:13:38.872000,2013-03-01 01:56:54.716000
MEL000025,Thomas H. Martin,Thomas,H.,Martin,,,False,me,,,,a9429a69a6bd4b4d96a13b08a6bbcac9,http://www.maine.gov/legis/senate_gop/_images/martin.jpg,2011-06-13 17:13:39.144000,2013-01-04 00:07:12.237000
MEL000085,Dana L. Dow,Dana,L.,Dow,,,False,me,,,,1c8d2800ac864dd98f07e9a31d6900a8,http://www.maine.gov/legis/house_gop/_images/dow_dl.jpg,2011-06-13 17:13:39.607000,2013-01-04 00:07:12.239000
MEL000068,Dianne C. Tilton,Dianne,C.,Tilton,,,False,me,,,,9a3787586fbd403d8a655e0a39be4979,http://www.maine.gov/legis/house_gop/_images/tiltd_.jpg,2011-06-13 17:13:39.483000,2013-01-04 00:07:12.240000
MEL000136,Richard M. Cebra,Richard,M.,Cebra,,,False,me,,,,061870e6f70546618b9cb1130e59ce02,http://www.maine.gov/legis/house/photo125/cebrrm.jpg,2011-06-13 17:13:39.792000,2013-01-04 00:07:12.242000
MEL000013,David R. Hastings,David,R.,Hastings,,,False,me,,,,ddee18b1b5f745e2b23f0a4e0a3f92bd,http://www.maine.gov/legis/senate_gop/_images/hastings.jpg,2011-06-13 17:13:38.883000,2013-03-01 01:56:54.712000
MEL000070,Elspeth M. Flemings,Elspeth,M.,Flemings,,,False,me,,,,e58740761781417295cf97efe3ecf7f9,http://www.maine.gov/legis/house/photo125/fleme_.jpg,2011-06-13 17:13:39.541000,2013-01-04 00:07:12.244000
MEL000075,Kimberley C. Rosen,Kimberley,C.,Rosen,,,False,me,,,,69dcf7d11c4145bab50a75e06f6400ac,http://www.maine.gov/legis/house_gop/_images/rosekc.jpg,2011-06-13 17:13:39.553000,2013-01-04 00:07:12.246000
MEL000077,Peter B. Rioux,Peter,B.,Rioux,,,False,me,,,,99356e9a19454248bd5e8e2d821a56a3,http://www.maine.gov/legis/house_gop/_images/rioupb.jpg,2011-06-13 17:13:39.566000,2013-01-04 00:07:12.247000
MEL000032,Nichi S. Farnham,Nichi,S.,Farnham,,,False,me,,,,348e9e3e0e454da89f515c2bf824f129,http://www.maine.gov/legis/senate_gop/_images/farnham.jpg,2011-06-13 17:13:39.177000,2013-03-01 01:56:54.720000
MEL000033,Debra D. Plowman,Debra,D.,Plowman,,,False,me,,,,f57152857de94871a349236d48eac170,http://www.maine.gov/legis/senate/images/plowman1.jpg,2011-06-13 17:13:39.178000,2013-03-01 01:56:54.714000
MEL000040,Michael J. Willette,Michael,J.,Willette,,,False,me,,,,ec65d655e4b34ab6812517e9a6f3123a,http://www.maine.gov/legis/house/photo125/willmj.jpg,2011-06-13 17:13:39.201000,2013-01-04 00:07:12.251000
MEL000051,Douglas K. Damon,Douglas,K.,Damon,,,False,me,,,,043deb1bb4f143b6906b20ca4a4caf2e,http://www.maine.gov/legis/house_gop/_images/damodk.jpg,2011-06-13 17:13:39.251000,2013-01-04 00:07:12.252000
MEL000003,Jonathan T.E. Courtney,Jonathan,T.E.,Courtney,,,False,me,,,,c3dd73e1fb4e4ee1b2523c8752a6166e,http://www.maine.gov/legis/senate_gop/_images/courtney.jpg,2011-06-13 17:13:38.698000,2013-03-01 01:56:54.718000
MEL000022,Christopher W. Rector,Christopher,W.,Rector,,,False,me,,,,ccea16739f86466c87ab1735d001f9ef,http://www.maine.gov/legis/senate_gop/_images/rector.jpg,2011-06-13 17:13:39.118000,2013-01-04 00:07:12.255000
MEL000086,Jonathan B. McKane,Jonathan,B.,McKane,,,False,me,,,,cde1a0102f74485987280a83b5ec7160,http://www.maine.gov/legis/house_gop/_images/mckajb.jpg,2011-06-13 17:13:39.609000,2013-01-04 00:07:12.256000
MEL000030,Elizabeth M. Schneider,Elizabeth,M.,Schneider,,,False,me,,,,23cb982117184777be9324c869295297,http://www.maine.gov/legis/senate/images/EMS%20Headshot.jpg,2011-06-13 17:13:39.164000,2013-03-01 01:56:54.717000
MEL000004,Nancy B. Sullivan,Nancy,B.,Sullivan,,,False,me,,,,6b9e6a5e0acb47b591996484f439be6b,http://www.mainesenate.org/wp-content/uploads/2011/02/sullivan.png,2011-06-13 17:13:38.700000,2013-03-01 01:56:54.721000
MEL000012,Bill Diamond,Bill,,Diamond,,,False,me,,,,404d7943e4dd4df095877dd32e222495,http://senatedems.maine.gov/diamond/images/billdiamondhead-med.jpg,2011-06-13 17:13:38.881000,2013-03-01 01:56:54.710000
MEL000080,R. Ryan Harmon,R. Ryan,,Harmon,,,False,me,,,,bf61d81be7c844ec8c7dd5ccad17d78c,http://www.maine.gov/legis/house_gop/_images/harmrr.jpg,2011-06-13 17:13:39.572000,2013-01-04 00:07:12.262000
MEL000084,Wesley E. Richardson,Wesley,E.,Richardson,,,False,me,,,,0f9dc8645fcd443985c8087b0a85670d,http://www.maine.gov/legis/house_gop/_images/richwe.jpg,2011-06-13 17:13:39.605000,2013-01-04 00:07:12.263000
MEL000099,Kimberly N. Olsen,Kimberly,N.,Olsen,,,False,me,,,,,http://www.maine.gov/legis/house_gop/_images/olsekn.jpg,2011-06-13 17:13:39.663000,2013-01-04 00:07:12.264000
MEL000178,Joan M. Nass,Joan,M.,Nass,,,False,me,,,,0a46a2ac147f4d99ad3cf82af3550760,http://www.maine.gov/legis/house_gop/_images/nassjm.jpg,2011-06-13 17:13:39.943000,2013-01-04 00:07:12.265000
MEL000133,G. Paul Waterhouse,G. Paul,,Waterhouse,,,False,me,,,,dc0acc7e88a14f69b1cb7674d2895677,http://www.maine.gov/legis/house_gop/_images/wategp.jpg,2011-06-13 17:13:39.784000,2013-01-04 00:07:12.266000
MEL000092,Maeghan Maloney,Maeghan,,Maloney,,,False,me,,,,5b78329a0efb4c5b827fff2e753c8848,http://www.maine.gov/legis/house/photo125/malom_.jpg,2011-06-13 17:13:39.630000,2013-01-04 00:07:12.268000
MEL000119,John J. Picchiotti,John,J.,Picchiotti,,,False,me,,,,6cb619955be24e04865374e696f07d32,http://www.maine.gov/legis/house_gop/_images/piccjj.jpg,2011-06-13 17:13:39.753000,2013-01-04 00:07:12.269000
MEL000101,Alexander Cornell du Houx,Alexander Cornell,,du Houx,,,False,me,,,,85f1204573de44138b0c89686595ae18,http://www.maine.gov/legis/house/photo125/corna_.jpg,2011-06-13 17:13:39.671000,2013-01-04 00:07:12.270000
MEL000093,Karen D. Foster,Karen,D.,Foster,,,False,me,,,,8d195bac2b5847bfb039e6cb188657a0,http://www.maine.gov/legis/house/photo125/fostkd.jpg,2011-06-13 17:13:39.632000,2013-01-04 00:07:12.188000
MEL000095,Kerri L. Prescott,Kerri,L.,Prescott,,,False,me,,,,1f14fefc1e4641d18688b050dfae5c25,http://www.maine.gov/legis/house_gop/_images/preskl.jpg,2011-06-13 17:13:39.637000,2013-01-04 00:07:12.189000
MEL000134,Ralph W. Sarty Jr.,Ralph,W.,Sarty,Jr.,,False,me,,,,8b62e7437c52413b8c418888e7cc346e,http://www.maine.gov/legis/house_gop/_images/sartrw.jpg,2011-06-13 17:13:39.788000,2013-01-04 00:07:12.194000
MEL000142,Melissa Walsh Innes,Melissa,Walsh,Innes,,,False,me,,,,ec94ab2b18c143fa9592a8f9cc32a864,http://www.maine.gov/legis/house/photo125/innemw.jpg,2011-06-13 17:13:39.805000,2013-01-04 00:07:12.196000
MEL000145,Mark E. Bryant,Mark,E.,Bryant,,,False,me,,,,cacd837835904ace891cac1eae0b602a,http://www.maine.gov/legis/house/photo125/bryame.jpg,2011-06-13 17:13:39.811000,2013-01-04 00:07:12.198000
MEL000226,Brian L. Hubbell ,Brian L.,,Hubbell,,,True,me,lower,35,Democratic,,http://www.maine.gov/legis/house/photo126/hubbbl.jpg,2013-01-04 00:07:10.896000,2013-03-01 01:58:03.306000
MEL000232,Elizabeth E. Dickerson ,Elizabeth E.,,Dickerson,,,True,me,lower,47,Democratic,,http://www.maine.gov/legis/house/photo126/dickee.jpg,2013-01-04 00:07:10.980000,2013-03-01 01:58:03.176000
MEL000270,Justin Mark Chenette ,Justin Mark,,Chenette,,,True,me,lower,134,Democratic,,http://www.maine.gov/legis/house/photo126/chenjm.jpg,2013-01-04 00:07:11.807000,2013-03-01 01:58:03.082000
MEL000174,Wayne R. Parry,Wayne,R.,Parry,,,True,me,lower,140,Republican,41ea48ad126543c18b14958866d82cc5,http://www.maine.gov/legis/house_gop/_images/parrwr.jpg,2011-06-13 17:13:39.936000,2013-03-01 01:58:03.184000
MEL000260,Jane P. Pringle ,Jane P.,,Pringle,,,True,me,lower,111,Democratic,,http://www.maine.gov/legis/house/photo126/prinjp.jpg,2013-01-04 00:07:11.633000,2013-03-01 01:58:03.236000
MEL000071,Walter A. Kumiega III,Walter,A.,Kumiega,III,,True,me,lower,36,Democratic,e069124d41874eb0bb3df39d61611207,http://www.maine.gov/legis/house/photo125/kumiwa.jpg,2011-06-13 17:13:39.545000,2013-03-01 01:58:03.691000
MEL000115,Melvin Newendyke,Melvin,,Newendyke,,,True,me,lower,80,Republican,9a71ba229e2049d5a1696bb4b2b6d888,http://www.maine.gov/legis/house/photo125/neweml.jpg,2011-06-13 17:13:39.743000,2013-03-01 01:58:03.697000
MEL000127,Matthew J. Peterson,Matthew,J.,Peterson,,,True,me,lower,92,Democratic,23c2c26c04274b85ae69757129fdb2dd,http://www.maine.gov/legis/housedems/representatives/images/PetersonMugcolor.JPG,2011-06-13 17:13:39.773000,2013-03-01 01:58:03.152000
MEL000186,Kimberly J. Monaghan-Derrig ,Kimberly J.,,Monaghan-Derrig,,,True,me,lower,121,Democratic,,http://www.maine.gov/legis/house/photo126/monakj.jpg,2011-08-19 02:33:29.106000,2013-03-01 01:58:03.708000
MEL000104,Brian D. Bolduc,Brian,D.,Bolduc,,,True,me,lower,69,Democratic,67fcd4aa3c844f81a4b798265e88fd24,http://www.maine.gov/legis/house/photo125/boldbd.jpg,2011-06-13 17:13:39.686000,2013-03-01 01:58:03.734000
MEL000233,Jeffrey Evangelos ,Jeffrey,,Evangelos,,,True,me,lower,49,Independent,56a3abbce16f48999a3d3b9ea6ef133c,http://www.maine.gov/legis/house/photo126/evanjp.jpg,2013-01-04 00:07:10.994000,2013-03-01 01:58:03.723000
MEL000217,Victoria P. Kornfield ,Victoria P.,,Kornfield,,,True,me,lower,17,Democratic,,http://www.maine.gov/legis/house/photo126/kornvp.jpg,2013-01-04 00:07:10.760000,2013-03-01 01:58:03.308000
MEL000229,Joseph E. Brooks ,Joseph E.,,Brooks,,,True,me,lower,42,Independent,38e5875bdee0429ca3dfbf62675299bb,http://www.maine.gov/legis/house/photo126/brooje.jpg,2013-01-04 00:07:10.944000,2013-03-01 01:58:03.612000
MEL000238,Corey S. Wilson ,Corey S.,,Wilson,,,True,me,lower,56,Republican,fa4fbf39c59c4f0d9916bd7b5bde40f4,http://www.maine.gov/legis/house/photo126/wilscs.jpg,2013-01-04 00:07:11.043000,2013-03-01 01:58:03.032000
MEL000129,Teresea Hayes,Teresea M.,,Hayes,,,True,me,lower,94,Democratic,,http://www.maine.gov/legis/house/photo125/hayetm.jpg,2011-06-13 17:13:39.777000,2013-03-01 01:58:03.078000
MEL000239,Matthew G. Pouliot ,Matthew G.,,Pouliot,,,True,me,lower,57,Republican,,http://www.maine.gov/legis/house/photo126/poulmg.jpg,2013-01-04 00:07:11.050000,2013-03-01 01:58:03.315000
MEL000227,Brian M. Duprey ,Brian M.,,Duprey,,,True,me,lower,39,Republican,,http://www.maine.gov/legis/house/photo126/duprbm.jpg,2013-01-04 00:07:10.923000,2013-03-01 01:58:03.576000
MEL000247,Nathan L. Libby ,Nathan L.,,Libby,,,True,me,lower,73,Democratic,,http://www.maine.gov/legis/house/photo126/libbnl.jpg,2013-01-04 00:07:11.162000,2013-03-01 01:58:03.598000
MEL000225,Peter Doak ,Peter,,Doak,,,True,me,lower,33,Republican,f7cf8483f7e44d44976dbb4effd7aea1,http://www.maine.gov/legis/house/photo126/doakp_.jpg,2013-01-04 00:07:10.883000,2013-03-01 01:58:03.680000
MEL000180,Mark W. Eves,Mark,W.,Eves,,,True,me,lower,146,Democratic,243ae80295784091b1967e075b644ceb,http://www.maine.gov/legis/house/photo125/evesm_.jpg,2011-06-13 17:13:39.947000,2013-03-01 01:56:54.806000
MEL000181,Kathleen D. Chase,Kathleen,D.,Chase,,,True,me,lower,147,Republican,85e903bd0646433c9c0150539f2178a4,http://www.maine.gov/legis/house_gop/_images/chaskd.jpg,2011-06-13 17:13:39.948000,2013-03-01 01:58:02.995000
MEL000063,Dean A. Cray,Dean,A.,Cray,,,True,me,lower,28,Republican,612d52d40e61463c9920aaa654a424e5,http://www.maine.gov/legis/house_gop/_images/crayda.jpg,2011-06-13 17:13:39.451000,2013-03-01 01:58:03.635000
MEL000047,Jeffery Allen Gifford,Jeffery,Allen,Gifford,,,True,me,lower,12,Republican,cbb20fce3bef47079d43710210b9b2e0,http://www.maine.gov/legis/house/photo125/giffja.jpg,2011-06-13 17:13:39.225000,2013-03-01 01:58:03.678000
MEL000041,Tyler Clark,Tyler,,Clark,,,True,me,lower,6,Republican,c35b463deb0c4528bbc90e24030399f4,http://www.maine.gov/legis/house/photo125/clarta.jpg,2011-06-13 17:13:39.213000,2013-03-01 01:58:02.999000
MEL000060,Kenneth Wade Fredette,Kenneth,Wade,Fredette,,,True,me,lower,25,Republican,5ac6f0057e44453e868e65beab2aa387,http://www.maine.gov/legis/house/photo125/fredkw.jpg,2011-06-13 17:13:39.379000,2013-03-01 01:58:03.749000
MEL000062,Peter B. Johnson,Peter,B.,Johnson,,,True,me,lower,27,Republican,68d043ac46c74676b25a6163a7a886ea,http://www.maine.gov/legis/house_gop/_images/johnpb.jpg,2011-06-13 17:13:39.449000,2013-03-01 01:58:03.385000
MEL000066,Joyce A. Maker,Joyce,A.,Maker,,,True,me,lower,31,Republican,82b9b741baed4f388fc495e3b2a24a9c,http://www.maine.gov/legis/house_gop/_images/makeja.jpg,2011-06-13 17:13:39.466000,2013-03-01 01:58:03.383000
MEL000073,Louis J. Luchini,Louis,J.,Luchini,,,True,me,lower,38,Democratic,d3d56464c1234017b6be851789d2f34c,http://www.maine.gov/legis/housedems/representatives/images/125highresphotos/Luchini2010.jpg,2011-06-13 17:13:39.549000,2013-03-01 01:58:03.706000
MEL000038,Bernard L. A. Ayotte,Bernard,L. A.,Ayotte,,,True,me,lower,3,Republican,520d0d44abf04a8a99186dd301f569cc,http://www.maine.gov/legis/house_gop/_images/ayotte.jpg,2011-06-13 17:13:39.197000,2013-03-01 01:58:02.908000
MEL000081,Joan W. Welsh,Joan,W.,Welsh,,,True,me,lower,46,Democratic,ea8ed7dddb874feb9e54f8387126b886,http://www.maine.gov/legis/house/photo125/welsjw.jpg,2011-06-13 17:13:39.599000,2013-03-01 01:58:02.899000
MEL000069,Richard S. Malaby,Richard,S.,Malaby,,,True,me,lower,34,Republican,ba48a28d369f4c1aa44dd49e96f621c2,http://www.maine.gov/legis/house_gop/_images/malars.jpg,2011-06-13 17:13:39.484000,2013-03-01 01:58:03.695000
MEL000061,Paul T Davis Sr.,Paul,T,Davis,Sr.,,True,me,lower,26,Republican,412bd27bfda34beabf926932a54846f6,http://www.maine.gov/legis/house_gop/_images/davipt.jpg,2011-06-13 17:13:39.447000,2013-03-01 01:58:03.264000
MEL000057,Stacey K. Guerin,Stacey,K.,Guerin,,,True,me,lower,22,Republican,e3511ef616d34d6b91888ab2b0f23608,http://www.maine.gov/legis/house_gop/_images/guersk.jpg,2011-06-13 17:13:39.374000,2013-03-01 01:58:03.130000
MEL000043,Joyce A. Fitzpatrick,Joyce,A.,Fitzpatrick,,,True,me,lower,8,Republican,,http://www.maine.gov/legis/house_gop/_images/fitzja.jpg,2011-06-13 17:13:39.218000,2013-03-01 01:58:03.238000
MEL000050,Adam A. Goode,Adam,A.,Goode,,,True,me,lower,15,Democratic,8581b2f6be9a46849773b36335a5ed0b,http://www.maine.gov/legis/house/photo125/gooda_.jpg,2011-06-13 17:13:39.248000,2013-03-01 01:58:03.594000
MEL000078,Erin D. Herbig,Erin,D.,Herbig,,,True,me,lower,43,Democratic,a9581cd92aad417f9476d525d8c41dd4,http://www.maine.gov/legis/housedems/representatives/images/125highresphotos/Herbig2010.jpg,2011-06-13 17:13:39.568000,2013-03-01 01:58:03.412000
MEL000072,Ralph Chapman,Ralph,,Chapman,,,True,me,lower,37,Democratic,be1be42641c34ec5b3d7ca5cb89edd7b,http://www.maine.gov/legis/house/photo125/chaprl.jpg,2011-06-13 17:13:39.547000,2013-03-01 01:58:03.173000
MEL000076,James S. Gillway,James,S.,Gillway,,,True,me,lower,41,Republican,8b4bf6d9e5f8482cb32a3a0cd67dd54e,http://www.maine.gov/legis/house_gop/_images/gilljs.jpg,2011-06-13 17:13:39.565000,2013-03-01 01:58:03.719000
MEL000042,Alexander Reginald Willette,Alexander,Reginald,Willette,,,True,me,lower,7,Republican,55315ba883714a1ea9f826b4bbdc5757,http://www.maine.gov/legis/house/photo125/willar.jpg,2011-06-13 17:13:39.215000,2013-03-01 01:58:03.751000
MEL000037,Charles Kenneth Theriault,Charles,Kenneth,Theriault,,,True,me,lower,2,Democratic,74a004dc5e1f4e44b3615857154c94a1,http://www.maine.gov/legis/house/photo125/therck.jpg,2011-06-13 17:13:39.196000,2013-03-01 01:58:02.926000
MEL000103,Michael G. Beaulieu,Michael,G.,Beaulieu,,,True,me,lower,68,Republican,7bcc7fa79ba14b62a76e2694e41f4ae0,http://www.maine.gov/legis/house/photo125/beaumg.jpg,2011-06-13 17:13:39.674000,2013-03-01 01:58:03.126000
MEL000055,David D. Johnson,David,D.,Johnson,,,True,me,lower,20,Republican,7afa57be991743ecb74e0cb3f15485e8,http://www.maine.gov/legis/house_gop/_images/johndd.jpg,2011-06-13 17:13:39.260000,2013-03-01 01:58:02.884000
MEL000154,Benjamin M. Chipman,Benjamin,M.,Chipman,,,True,me,lower,119,Independent,a9f6a246dd444412a1c37143ec12d8a5,http://www.maine.gov/legis/house/photo125/chipbm.jpg,2011-06-13 17:13:39.841000,2013-03-01 01:58:02.916000
MEL000107,Michael E. Carey,Michael,E.,Carey,,,True,me,lower,72,Democratic,e82aa7983c884703b121253b8d8d8fe3,http://www.maine.gov/legis/house/photo125/careme.jpg,2011-06-13 17:13:39.691000,2013-03-01 01:58:03.668000
MEL000102,Seth A. Berry,Seth,A.,Berry,,,True,me,lower,67,Democratic,456da27565804d998a5df3c5ea7c1717,http://www.maine.gov/legis/housedems/representatives/images/125highresphotos/webberrymug.jpg,2011-06-13 17:13:39.672000,2013-03-01 01:58:03.747000
MEL000111,Henry E. M. Beck,Henry,E. M.,Beck,,,True,me,lower,76,Democratic,8c2e9e290b2442bb937e5a8fbd626095,http://www.maine.gov/legis/housedems/representatives/images/beckmugcolor.JPG,2011-06-13 17:13:39.727000,2013-03-01 01:58:03.672000
MEL000112,Thomas R. W. Longstaff,Thomas,R. W.,Longstaff,,,True,me,lower,77,Democratic,3fcc83849f7c4196b126a39097738828,http://www.maine.gov/legis/house/photo125/longtr.jpg,2011-06-13 17:13:39.738000,2013-03-01 01:58:03.693000
MEL000132,Helen Rankin,Helen,,Rankin,,,True,me,lower,97,Democratic,7203f8cca9f54e64a97e65d8d3fa50e8,http://www.maine.gov/legis/housedems/representatives/images/rankinmugcolor.JPG,2011-06-13 17:13:39.782000,2013-03-01 01:58:03.728000
MEL000128,Sheryl J. Briggs,Sheryl,J.,Briggs,,,True,me,lower,93,Democratic,821a947968e847c896e261ae95fd470c,http://www.maine.gov/legis/house/photo125/brigsj.jpg,2011-06-13 17:13:39.775000,2013-03-01 01:58:03.730000
MEL000266,Andrew J. McLean ,Andrew J.,,McLean,,,True,me,lower,129,Democratic,,http://www.maine.gov/legis/house/photo126/mcleaj.jpg,2013-01-04 00:07:11.770000,2013-03-01 01:58:03.649000
MEL000120,Jeff M. McCabe,Jeff,M.,McCabe,,,True,me,lower,85,Democratic,4a61ac931b5e42068a392e8ebc34e746,http://www.maine.gov/legis/house/photo125/mccajm.jpg,2011-06-13 17:13:39.755000,2013-03-01 01:58:03.674000
MEL000222,"Stanley Byron Short, Jr. ",Stanley Byron,,Short,Jr.,,True,me,lower,29,Democratic,,http://www.maine.gov/legis/house/photo126/shorsb.jpg,2013-01-04 00:07:10.855000,2013-03-01 01:58:03.262000
MEL000271,"James J. Campbell, Sr. ",James J.,,Campbell,Sr.,,True,me,lower,138,Independent,,http://www.maine.gov/legis/house/photo126/campjj.jpg,2013-01-04 00:07:11.836000,2013-03-01 01:58:03.582000
MEL000263,Matthew W. Moonen ,Matthew W.,,Moonen,,,True,me,lower,118,Democratic,,http://www.maine.gov/legis/house/photo126/moonmw.jpg,2013-01-04 00:07:11.684000,2013-03-01 01:58:03.600000
MEL000100,Peter S. Kent,Peter,S.,Kent,,,True,me,lower,65,Democratic,cc12e95ef6bf4afd8f9b43ef07360bdf,http://www.maine.gov/legis/house/photo125/kentps.jpg,2011-06-13 17:13:39.665000,2013-03-01 01:58:03.687000
MEL000248,Craig V. Hickman ,Craig V.,,Hickman,,,True,me,lower,82,Democratic,530e058dc9a645c195cce772abb51a64,http://www.maine.gov/legis/house/photo126/hickcv.jpg,2013-01-04 00:07:11.224000,2013-03-01 01:58:03.627000
MEL000231,Brian L. Jones ,Brian L.,,Jones,,,True,me,lower,45,Democratic,,http://www.maine.gov/legis/house/photo126/jonebl.jpg,2013-01-04 00:07:10.965000,2013-03-01 01:58:03.629000
MEL000273,William F. Noon ,William F.,,Noon,,,True,me,lower,144,Democratic,,http://www.maine.gov/legis/house/photo126/noonwf.jpg,2013-01-04 00:07:11.881000,2013-03-01 01:58:03.630000
MEL000213,Robert J. Saucier ,Robert J.,,Saucier,,,True,me,lower,5,Democratic,,http://www.maine.gov/legis/house/photo126/saucrj.jpg,2013-01-04 00:07:10.679000,2013-03-01 01:58:03.632000
MEL000228,Richard H. Campbell ,Richard H.,,Campbell,,,True,me,lower,40,Republican,,http://www.maine.gov/legis/house/photo126/camprh.jpg,2013-01-04 00:07:10.930000,2013-03-01 01:58:03.711000
MEL000230,Jethro D. Pease ,Jethro D.,,Pease,,,True,me,lower,44,Republican,,http://www.maine.gov/legis/house/photo126/peasjd.jpg,2013-01-04 00:07:10.959000,2013-03-01 01:58:03.742000
MEL000216,John C. Schneck ,John C.,,Schneck,,,True,me,lower,16,Democratic,,http://www.maine.gov/legis/house/photo126/schnjc.jpg,2013-01-04 00:07:10.753000,2013-03-01 01:58:02.875000
MEL000253,Jonathan L. Kinney ,Jonathan L.,,Kinney,,,True,me,lower,99,Republican,,http://www.maine.gov/legis/house/photo126/kinnjl.jpg,2013-01-04 00:07:11.546000,2013-03-01 01:58:02.888000
MEL000275,Paul D. McGowan ,Paul D.,,McGowan,,,True,me,lower,149,Democratic,,http://www.maine.gov/legis/house/photo126/mcgopd.jpg,2013-01-04 00:07:11.917000,2013-03-01 01:58:02.907000
MEL000255,Christine B. Powers ,Christine B.,,Powers,,,True,me,lower,101,Democratic,,http://www.maine.gov/legis/house/photo126/powecb.jpg,2013-01-04 00:07:11.561000,2013-03-01 01:58:02.932000
MEL000220,Arthur C. Verow ,Arthur C.,,Verow,,,True,me,lower,21,Democratic,,http://www.maine.gov/legis/house/photo126/veroac.jpg,2013-01-04 00:07:10.788000,2013-03-01 01:58:02.934000
MEL000155,Diane Russell,Diane,,Russell,,,True,me,lower,120,Democratic,a3ec453cb4814dab8862916d9f3b85f2,http://www.maine.gov/legis/housedems/representatives/images/russellmugcolor.JPG,2011-06-13 17:13:39.842000,2013-03-01 01:58:02.958000
MEL000276,Deane Rykerson ,Deane,,Rykerson,,,True,me,lower,151,Democratic,,http://www.maine.gov/legis/house/photo126/ryked_.jpg,2013-01-04 00:07:11.932000,2013-03-01 01:58:02.962000
MEL000123,Larry C. Dunphy,Larry,C.,Dunphy,,,True,me,lower,88,Republican,c034076695354acd8bb2153b64003b88,http://www.maine.gov/legis/house/photo125/dunplc.jpg,2011-06-13 17:13:39.766000,2013-03-01 01:58:02.968000
MEL000164,Linda F Sanborn,Linda,F,Sanborn,,,True,me,lower,130,Democratic,97c32d309d614bdca728836498477320,http://www.maine.gov/legis/housedems/representatives/images/sanbornmugcolor.JPG,2011-06-13 17:13:39.867000,2013-03-01 01:58:02.988000
MEL000218,Aaron M. Frey ,Aaron M.,,Frey,,,True,me,lower,18,Democratic,,http://www.maine.gov/legis/house/photo126/freyam.jpg,2013-01-04 00:07:10.767000,2013-03-01 01:58:02.992000
MEL000261,Erik C. Jorgensen ,Erik C.,,Jorgensen,,,True,me,lower,115,Democratic,,http://www.maine.gov/legis/house/photo126/jorgec.jpg,2013-01-04 00:07:11.662000,2013-03-01 01:58:02.994000
MEL000118,Dennis L. Keschl,Dennis,L.,Keschl,,,True,me,lower,83,Republican,13ee90573a294aa3992bee53a5be08a5,http://www.maine.gov/legis/house_gop/_images/kescdl.jpg,2011-06-13 17:13:39.751000,2013-03-01 01:58:03.001000
MEL000148,Mark N. Dion,Mark,N.,Dion,,,True,me,lower,113,Democratic,929dda6089d24cce85d6d061b4f1070f,http://www.maine.gov/legis/house/photo125/dionmn.jpg,2011-06-13 17:13:39.824000,2013-03-01 01:58:03.013000
MEL000106,Michel A. Lajoie,Michel,A.,Lajoie,,,True,me,lower,71,Democratic,d7f81f77de534d3caeb9a95a30867b64,http://www.maine.gov/legis/house/photo125/lajoma.jpg,2011-06-13 17:13:39.690000,2013-03-01 01:58:03.016000
MEL000158,Bryan T Kaenrath,Bryan,T,Kaenrath,,,True,me,lower,124,Democratic,636467ad679b47e7b3b2456b5e5dd574,http://www.maine.gov/legis/housedems/representatives/images/kaenrathmug2color.JPG,2011-06-13 17:13:39.855000,2013-03-01 01:58:03.019000
MEL000262,Richard R. Farnsworth ,Richard R.,,Farnsworth,,,True,me,lower,117,Democratic,8c8c6af6f14d4d48859bf218abc8a1e1,http://www.maine.gov/legis/house/photo126/farnrr.jpg,2013-01-04 00:07:11.677000,2013-03-01 01:58:03.043000
MEL000149,Peter C. Stuckey,Peter,C.,Stuckey,,,True,me,lower,114,Democratic,037db3f534094f348806cf24cc0447b4,http://www.maine.gov/legis/house/photo125/stucpc.jpg,2011-06-13 17:13:39.826000,2013-03-01 01:58:03.047000
MEL000250,Ann E. Dorney ,Ann E.,,Dorney,,,True,me,lower,86,Democratic,,http://www.maine.gov/legis/house/photo126/dornae.jpg,2013-01-04 00:07:11.453000,2013-03-01 01:58:03.050000
MEL000265,Drew M. Gattine ,Drew M.,,Gattine,,,True,me,lower,126,Democratic,,http://www.maine.gov/legis/house/photo126/gattam.jpg,2013-01-04 00:07:11.748000,2013-03-01 01:58:03.052000
MEL000212,Carol A. McElwee ,Carol A.,,McElwee,,,True,me,lower,4,Republican,32fa1b13f0ca45e2ad5cf88879988eb1,http://www.maine.gov/legis/house/photo126/mcelca.jpg,2013-01-04 00:07:10.672000,2013-03-01 01:58:03.060000
MEL000237,Catherine M. Nadeau ,Catherine M.,,Nadeau,,,True,me,lower,54,Democratic,72c42712b5484ae28b2f842d6b8be9b5,http://www.maine.gov/legis/house/photo126/nadecm.jpg,2013-01-04 00:07:11.029000,2013-03-01 01:58:03.087000
MEL000098,Charles R. Priest,Charles,R.,Priest,,,True,me,lower,63,Democratic,1f3f163a24974968b3d1a04402eea697,http://www.maine.gov/legis/house/photo125/priecr.jpg,2011-06-13 17:13:39.649000,2013-03-01 01:58:03.108000
MEL000243,Jennifer DeChant ,Jennifer,,DeChant,,,True,me,lower,62,Democratic,e0d2032dd95f430aa9158651bea32250,http://www.maine.gov/legis/house/photo126/dechj_.jpg,2013-01-04 00:07:11.085000,2013-03-01 01:58:03.112000
MEL000258,Stephen W. Moriarty ,Stephen W.,,Moriarty,,,True,me,lower,108,Democratic,,http://www.maine.gov/legis/house/photo126/morisw.jpg,2013-01-04 00:07:11.611000,2013-03-01 01:58:03.121000
MEL000126,Jarrod S. Crockett,Jarrod,S.,Crockett,,,True,me,lower,91,Republican,2d4d93f0f9354c23a656f255b4aa7d9c,http://www.maine.gov/legis/house/photo125/crocjs.jpg,2011-06-13 17:13:39.771000,2013-03-01 01:58:03.124000
MEL000215,Anita Peavey Haskell ,Anita Peavey,,Haskell,,,True,me,lower,13,Republican,,http://www.maine.gov/legis/house/photo126/haskap.jpg,2013-01-04 00:07:10.733000,2013-03-01 01:58:03.128000
MEL000235,Michael Gilbert Devin ,Michael Gilbert,,Devin,,,True,me,lower,51,Democratic,,http://www.maine.gov/legis/house/photo126/devimg.jpg,2013-01-04 00:07:11.008000,2013-03-01 01:58:03.175000
MEL000244,Jeremy G. Saxton ,Jeremy G.,,Saxton,,,True,me,lower,64,Democratic,,http://www.maine.gov/legis/house/photo126/saxtjg.jpg,2013-01-04 00:07:11.099000,2013-03-01 01:58:03.179000
MEL000184,Windol C. Weaver,Windol,C.,Weaver,,,True,me,lower,150,Republican,c85201cc0e0b4d24b196540c35687477,http://www.maine.gov/legis/house_gop/_images/weavwc.jpg,2011-06-13 17:13:39.974000,2013-03-01 01:58:03.181000
MEL000170,Megan M. Rochelo,Megan,M.,Rochelo,,,True,me,lower,136,Democratic,000b9e50aa104e498b12b63c72ccd346,http://www.maine.gov/legis/house/photo125/rochmm.jpg,2011-06-13 17:13:39.878000,2013-03-01 01:58:03.206000
MEL000114,Sharon Anglin Treat,Sharon,Anglin,Treat,,,True,me,lower,79,Democratic,71a0c9b0aa79463bb564b7a67da4f112,http://www.maine.gov/legis/house/photo125/treasa.jpg,2011-06-13 17:13:39.742000,2013-03-01 01:58:03.670000
MEL000156,Terry K. Morrison,Terry,K.,Morrison,,,True,me,lower,122,Democratic,016f3b713ee44ef78981727a79440bfc,http://www.maine.gov/legis/housedems/representatives/images/morrisonmugcolor.jpg,2011-06-13 17:13:39.844000,2013-03-01 01:58:03.375000
MEL000257,Janice E. Cooper ,Janice E.,,Cooper,,,True,me,lower,107,Democratic,,http://www.maine.gov/legis/house/photo126/coopje.jpg,2013-01-04 00:07:11.604000,2013-03-01 01:58:03.234000
MEL000187,Raymond A. Wallace ,Raymond A.,,Wallace,,,True,me,lower,24,Republican,f17160dde17b4c52ac4d645d7341e11c,http://www.maine.gov/legis/house/photo126/wallra.jpg,2011-11-22 02:36:14.819000,2013-03-01 01:58:03.242000
MEL000137,Michael A. Shaw,Michael,A.,Shaw,,,True,me,lower,102,Democratic,30c0ee9b5e30408dadb7e99678d78dcb,http://www.maine.gov/legis/housedems/representatives/images/shawmugcolor.JPG,2011-06-13 17:13:39.793000,2013-03-01 01:58:03.255000
MEL000249,Karen Kusiak ,Karen,,Kusiak,,,True,me,lower,84,Democratic,829394e8b1bc4212be8a72879884c21b,http://www.maine.gov/legis/house/photo126/kusik_.jpg,2013-01-04 00:07:11.238000,2013-03-01 01:58:03.258000
MEL000236,Timothy I. Marks ,Timothy I.,,Marks,,,True,me,lower,53,Democratic,c28dadfd24684b34aa3853fe6d5e0e82,http://www.maine.gov/legis/house/photo126/markti.jpg,2013-01-04 00:07:11.022000,2013-03-01 01:58:03.260000
MEL000140,Eleanor M. Espling,Eleanor,M.,Espling,,,True,me,lower,105,Republican,72df029d611c4fd0b051e31c0af1db36,http://www.maine.gov/legis/house_gop/_images/esplem.jpg,2011-06-13 17:13:39.801000,2013-03-01 01:58:03.269000
MEL000110,Stephen J. Wood,Stephen,J.,Wood,,,True,me,lower,75,Republican,bc5b38a2febe429caf425ff1917bea6a,http://www.maine.gov/legis/house_gop/_images/woodsj.jpg,2011-06-13 17:13:39.725000,2013-03-01 01:58:03.271000
MEL000096,W. Bruce MacDonald,W. Bruce,,MacDonald,,,True,me,lower,61,Democratic,3a3183227f4242ff86dd31084e23d5ce,http://www.maine.gov/legis/housedems/representatives/images/MacDonaldMugcolor.JPG,2011-06-13 17:13:39.639000,2013-03-01 01:58:03.296000
MEL000147,Mary Pennell Nelson,Mary,Pennell,Nelson,,,True,me,lower,112,Democratic,9135477bfc03475c909e443160505446,http://www.maine.gov/legis/house/photo125/nelsmp.jpg,2011-06-13 17:13:39.822000,2013-03-01 01:58:03.300000
MEL000245,Matthea Elisabeth Larsen Daughtry ,Matthea Elisabeth Larsen,,Daughtry,,,True,me,lower,66,Democratic,,http://www.maine.gov/legis/house/photo126/daugme.jpg,2013-01-04 00:07:11.113000,2013-03-01 01:58:03.304000
MEL000122,Paul E. Gilbert,Paul,E.,Gilbert,,,True,me,lower,87,Democratic,8b8d886e9e424534a387c91d45d980e7,http://www.maine.gov/legis/house/photo125/gilbpe.jpg,2011-06-13 17:13:39.764000,2013-03-01 01:58:03.418000
MEL000234,Ellen A. Winchenbach ,Ellen A.,,Winchenbach,,,True,me,lower,50,Republican,1f7aae5ad00e4edcb058a3bc7e338a3b,http://www.maine.gov/legis/house/photo126/wincea.jpg,2013-01-04 00:07:11.001000,2013-03-01 01:58:03.580000
MEL000219,Ryan D. Tipping-Spitz ,Ryan D.,,Tipping-Spitz,,,True,me,lower,19,Democratic,,http://www.maine.gov/legis/house/photo126/tipprd.jpg,2013-01-04 00:07:10.774000,2013-03-01 01:58:03.601000
MEL000116,L. Gary Knight,L. Gary,,Knight,,,True,me,lower,81,Republican,5a6c8a00a13f4ebeb16288d88a98728a,http://www.maine.gov/legis/house/photo125/kniglg.jpg,2011-06-13 17:13:39.745000,2013-03-01 01:58:03.603000
MEL000267,Donald G. Marean ,Donald G.,,Marean,,,True,me,lower,131,Republican,d1e10a5381964186b1f006e80f222764,http://www.maine.gov/legis/house/photo126/maredg.jpg,2013-01-04 00:07:11.784000,2013-03-01 01:58:03.637000
MEL000125,Russell J. Black,Russell,J.,Black,,,True,me,lower,90,Republican,38244ac88ac842b2996085e3f0918c6f,http://www.maine.gov/legis/house/photo125/blacrj.jpg,2011-06-13 17:13:39.769000,2013-03-01 01:58:03.639000
MEL000182,Roberta B. Beavers,Roberta,B.,Beavers,,,True,me,lower,148,Democratic,d96e9b236a4b400fbf5862c44e945ac4,http://www.maine.gov/legis/house/photo125/beavrb.jpg,2011-06-13 17:13:39.970000,2013-03-01 01:58:03.653000
MEL000173,Aaron F Libby,Aaron,F,Libby,,,True,me,lower,139,Republican,49da643c3433483cbeb15e3b41aa51a1,http://www.maine.gov/legis/house_gop/_images/libbaf.jpg,2011-06-13 17:13:39.934000,2013-03-01 01:58:03.657000
MEL000254,Roger A. Jackson ,Roger A.,,Jackson,,,True,me,lower,100,Republican,c4f76e678cc04adaba3c7f871489c783,http://www.maine.gov/legis/house/photo126/jackra.jpg,2013-01-04 00:07:11.553000,2013-03-01 01:58:03.661000
MEL000211,Allen Michael Nadeau ,Allen Michael,,Nadeau,,,True,me,lower,1,Republican,,http://www.maine.gov/legis/house/photo126/nadeam.jpg,2013-01-04 00:07:10.652000,2013-03-01 01:58:03.663000
MEL000221,Roger E. Reed ,Roger E.,,Reed,,,True,me,lower,23,Republican,,http://www.maine.gov/legis/house/photo126/reedre.jpg,2013-01-04 00:07:10.802000,2013-03-01 01:58:03.682000
MEL000087,Deborah J. Sanderson,Deborah,J.,Sanderson,,,True,me,lower,52,Republican,607ee38a2d7149eaa9f6f0f508bad811,http://www.maine.gov/legis/house/photo125/sanddj.jpg,2011-06-13 17:13:39.611000,2013-03-01 01:58:03.699000
MEL000268,Sharri K. MacDonald ,Sharri K.,,MacDonald,,,True,me,lower,132,Republican,,http://www.maine.gov/legis/house/photo126/macdsk.jpg,2013-01-04 00:07:11.791000,2013-03-01 01:58:03.701000
MEL000242,Andrew T. Mason ,Andrew T.,,Mason,,,True,me,lower,60,Democratic,1c4b7d349c214a2f8dcf7077cae2375d,http://www.maine.gov/legis/house/photo126/masoat.jpg,2013-01-04 00:07:11.071000,2013-03-01 01:58:03.710000
MEL000223,Lawrence E. Lockman ,Lawrence E.,,Lockman,,,True,me,lower,30,Republican,,http://www.maine.gov/legis/house/photo126/lockle.jpg,2013-01-04 00:07:10.862000,2013-03-01 01:58:03.721000
MEL000259,Thomas M. Tyler ,Thomas M.,,Tyler,,,True,me,lower,110,Republican,f2ad32b2ba8143c3916efaba46bd4e75,http://www.maine.gov/legis/house/photo126/tyletm.jpg,2013-01-04 00:07:11.625000,2013-03-01 01:58:03.740000
MEL000240,Lori Fowle ,Lori,,Fowle,,,True,me,lower,58,Democratic,0d6847a9950f467389b5ef94be8813d6,http://www.maine.gov/legis/house/photo126/fowlla.jpg,2013-01-04 00:07:11.057000,2013-03-01 01:58:02.871000
MEL000151,Denise Patricia Harlow,Denise,Patricia,Harlow,,,True,me,lower,116,Democratic,5f6146b15539407e82f27e01c6b5bf86,http://www.maine.gov/legis/housedems/representatives/images/125highresphotos/webharlow.jpg,2011-06-13 17:13:39.832000,2013-03-01 01:58:02.901000
MEL000256,Sara Gideon ,Sara,,Gideon,,,True,me,lower,106,Democratic,575de3d823a242c58c1a68bc32822e8e,http://www.maine.gov/legis/house/photo126/gides_.jpg,2013-01-04 00:07:11.597000,2013-03-01 01:58:02.960000
MEL000131,Jeffrey L. Timberlake,Jeffrey,L.,Timberlake,,,True,me,lower,96,Republican,30d15a842c9443899101f36eea4281b9,http://www.maine.gov/legis/house/photo125/timbjl.jpg,2011-06-13 17:13:39.780000,2013-03-01 01:58:03.738000
MEL000274,Joshua R. Plante ,Joshua R.,,Plante,,,True,me,lower,145,Democratic,,http://www.maine.gov/legis/house/photo126/planjr.jpg,2013-01-04 00:07:11.888000,2013-03-01 01:58:03.024000
MEL000138,Michael D. McClellan,Michael,D.,McClellan,,,True,me,lower,103,Republican,69b0e5c6543b4e95b67a004f17e33477,http://www.maine.gov/legis/house_gop/_images/mcclmd.jpg,2011-06-13 17:13:39.796000,2013-03-01 01:58:03.313000
MEL000124,Lance Evans Harvell,Lance,Evans,Harvell,,,True,me,lower,89,Republican,2b3ccff56e384420ba2a8b1e4080e242,http://www.maine.gov/legis/house/photo125/harvle.jpg,2011-06-13 17:13:39.768000,2013-03-01 01:58:03.717000
MEL000272,Anne-Marie Mastraccio ,Anne-Marie,,Mastraccio,,,True,me,lower,143,Democratic,d377c9f0c800478284ce05211d94d196,http://www.maine.gov/legis/house/photo126/masta_.jpg,2013-01-04 00:07:11.873000,2013-03-01 01:58:03.570000
MEL000246,R. Wayne Werts ,R. Wayne,,Werts,,,True,me,lower,70,Democratic,,http://www.maine.gov/legis/house/photo126/wertrw.jpg,2013-01-04 00:07:11.141000,2013-03-01 01:58:02.935000
MEL000005,Barry J. Hobbins,Barry J.,,Hobbins,,,True,me,lower,133,Democratic,bd10095c19154918bfea71bb053fee05,http://www.maine.gov/legis/house/photo126/hobbbj.jpg,2011-06-13 17:13:38.702000,2013-03-01 01:58:02.954000
MEL000044,Ricky D. Long,Ricky,D.,Long,,,True,me,lower,9,Republican,e1d1891439184741b3d3e926a0514977,http://www.maine.gov/legis/house_gop/_images/longrd.jpg,2011-06-13 17:13:39.220000,2013-03-01 01:58:03.026000
MEL000169,Paulette G. Beaudoin,Paulette,G.,Beaudoin,,,True,me,lower,135,Democratic,fa3c0c1747764588acdbb99579d2bfc3,http://www.maine.gov/legis/house/photo125/beaupg.jpg,2011-06-13 17:13:39.877000,2013-03-01 01:58:03.227000
MEL000264,Scott M. Hamann ,Scott M.,,Hamann,,,True,me,lower,123,Democratic,,http://www.maine.gov/legis/house/photo126/hamasm.jpg,2013-01-04 00:07:11.720000,2013-03-01 01:58:03.655000
MEL000214,Stephen S. Stanley ,Stephen S.,,Stanley,,,True,me,lower,10,Democratic,ef613a3ed65a4512872410f0574f67fc,http://www.maine.gov/legis/house/photo126/stanss.jpg,2013-01-04 00:07:10.713000,2013-03-01 01:58:03.596000
MEL000046,Beth P. Turner,Beth,P.,Turner,,,True,me,lower,11,Republican,c05ae0b9b2f74a31a4ca0f37dcb41b5c,http://www.maine.gov/legis/house/photo125/turnbp.jpg,2011-06-13 17:13:39.223000,2013-03-01 01:58:03.659000
MEL000090,H. David Cotta,H. David,,Cotta,,,True,me,lower,55,Republican,7d6b6706f4f64e4c95d69ea1a4a56968,http://www.maine.gov/legis/house/photo125/cotthd.jpg,2011-06-13 17:13:39.626000,2013-03-01 01:58:03.676000
MEL000083,Chuck Kruger,Chuck,,Kruger,,,True,me,lower,48,Democratic,ee032ca3929b4a6b9eca70bc9d3e7748,http://www.maine.gov/legis/housedems/representatives/images/125highresphotos/krugermug.jpg,2011-06-13 17:13:39.603000,2013-03-01 01:58:03.732000
MEL000159,Ann E. Peoples,Ann,E.,Peoples,,,True,me,lower,125,Democratic,c3ab121485fe489f9ed05a76fb6031a6,http://www.maine.gov/legis/housedems/representatives/images/125highresphotos/peoplemug.jpg,2011-06-13 17:13:39.857000,2013-03-01 01:58:02.928000
MEL000176,Andrea M. Boland,Andrea,M.,Boland,,,True,me,lower,142,Democratic,ada57058e6344681a33aee5072bb4d60,http://www.maine.gov/legis/house/photo125/bolaam.jpg,2011-06-13 17:13:39.939000,2013-03-01 01:58:03.689000
MEL000241,Gay M. Grant ,Gay M.,,Grant,,,True,me,lower,59,Democratic,,http://www.maine.gov/legis/house/photo126/grangm.jpg,2013-01-04 00:07:11.064000,2013-03-01 01:58:03.379000
MEL000175,Paul Edward Bennett,Paul,Edward,Bennett,,,True,me,lower,141,Republican,f93fcfaae66e4595ac7259f4a7fb8ebe,http://www.maine.gov/legis/house/photo125/bennpe.jpg,2011-06-13 17:13:39.938000,2013-03-01 01:58:03.605000
MEL000144,Anne P. Graham,Anne,P.,Graham,,,True,me,lower,109,Democratic,17e75e7e8bd849f9ba7fb75d99ea6ae7,http://www.maine.gov/legis/house/photo125/grahap.jpg,2011-06-13 17:13:39.809000,2013-03-01 01:58:03.651000
MEL000130,Tom J. Winsor,Tom,J.,Winsor,,,True,me,lower,95,Republican,aa85ba354adc4bf1a89822182e964363,http://www.maine.gov/legis/house/photo125/winstj.jpg,2011-06-13 17:13:39.779000,2013-03-01 01:58:02.997000
MEL000113,Robert W. Nutting,Robert,W.,Nutting,,,True,me,lower,78,Republican,2980a8436a6e4fa6ac04ef6ad47e41df,http://www.maine.gov/legis/house_gop/_images/nuttrw.jpg,2011-06-13 17:13:39.740000,2013-03-01 01:58:02.941000
MEL000139,Dale J. Crafts,Dale,J.,Crafts,,,True,me,lower,104,Republican,6d736ef344ac4828a53099ab8b3b613a,http://www.maine.gov/legis/house/photo125/crafdj.jpg,2011-06-13 17:13:39.798000,2013-03-01 01:58:03.267000
MEL000161,Amy Fern Volk,Amy,Fern,Volk,,,True,me,lower,127,Republican,b83e5ee5dde44a4fb0309a04d312d8d1,http://www.maine.gov/legis/house_gop/_images/volkaf.jpg,2011-06-13 17:13:39.860000,2013-03-01 01:58:03.573000
MEL000171,Alan M. Casavant,Alan,M.,Casavant,,,True,me,lower,137,Democratic,6cd2f8f6e11945789a72d97f844f661c,http://www.maine.gov/legis/house/photo125/casaam.jpg,2011-06-13 17:13:39.930000,2013-03-01 01:58:03.021000
MEL000049,James F. Dill,James,F.,Dill,,,True,me,lower,14,Democratic,1700ffce20bc40afacc293c500288511,http://www.maine.gov/legis/housedems/representatives/images/125highresphotos/Dill-James2010.jpg,2011-06-13 17:13:39.229000,2013-03-01 01:58:03.623000
MEL000252,Lisa Renee Villa ,Lisa Renee,,Villa,,,True,me,lower,98,Democratic,dd0b66e106d54565898856de020f0cfa,http://www.maine.gov/legis/house/photo126/villlr.jpg,2013-01-04 00:07:11.538000,2013-03-01 01:58:03.123000
MEL000109,Margaret R. Rotundo,Margaret,R.,Rotundo,,,True,me,lower,74,Democratic,5ac42b02cf754774a83c9e16d5fe20b8,http://www.maine.gov/legis/housedems/representatives/images/RotundoMugcolor.jpg,2011-06-13 17:13:39.719000,2013-03-01 01:58:02.984000
MEL000224,Katherine W. Cassidy ,Katherine W.,,Cassidy,,,True,me,lower,32,Democratic,d7d193168d9c4e55a28c77db82296d0d,http://www.maine.gov/legis/house/photo126/casskw.jpg,2013-01-04 00:07:10.876000,2013-03-01 01:58:03.048000
MEL000162,Heather W. Sirocki,Heather,W.,Sirocki,,,True,me,lower,128,Republican,d99ba660d36243bba2520259c651dbdf,http://www.maine.gov/legis/house/photo125/sirohw.jpg,2011-06-13 17:13:39.864000,2013-03-01 01:58:03.736000
MEL000010,Stanley J. Gerzofsky,Stanley,J.,Gerzofsky,,,True,me,upper,10,Democratic,089dab677fe54d499d96819fe4d5bdbb,http://senatedems.maine.gov/gerzofsky/images/Stangerzofsky.jpg,2011-06-13 17:13:38.875000,2013-03-01 01:58:03.196000
MEL000199,John J. Cleveland,John,J.,Cleveland,,,True,me,upper,15,Democratic,,http://www.maine.gov/legis/senate/images/ClevelandLowRes.jpg,2013-01-04 00:07:10.499000,2013-03-01 01:58:03.409000
MEL000192,David E. Dutremble,David,E.,Dutremble,,,True,me,upper,4,Democratic,,http://www.maine.gov/legis/senate/images/dutremble.png,2013-01-04 00:07:10.420000,2013-03-01 01:58:03.249000
MEL000204,Colleen M. Lachowicz,Colleen,M.,Lachowicz,,,True,me,upper,25,Democratic,,,2013-01-04 00:07:10.570000,2013-03-01 01:58:03.065000
MEL000168,Linda M. Valentino,Linda,M.,Valentino,,,True,me,upper,5,Democratic,4995791796694f2799679f351ba502b5,http://maine.gov/legis/housedems/representatives/images/ValentinoMug.jpg,2011-06-13 17:13:39.875000,2013-03-01 01:58:03.334000
MEL000146,Gary E. Plummer,Gary,E.,Plummer,,,True,me,upper,12,Republican,fcefb32f0cd74114a8d26d5765022f4f,http://www.maine.gov/legis/house_gop/_images/plumge.jpg,2011-06-13 17:13:39.818000,2013-03-01 01:58:03.011000
MEL000023,Michael D. Thibodeau,Michael,D.,Thibodeau,,,True,me,upper,23,Republican,a114b580274c4ce596d80c86e9872a75,http://www.maine.gov/legis/senate_gop/_images/thibodeau.jpg,2011-06-13 17:13:39.120000,2013-03-01 01:56:54.904000
MEL000135,James M. Hamper,James,M.,Hamper,,,True,me,upper,13,Republican,a7c78ac071d7410bb33a9b29a2d00274,http://www.maine.gov/legis/house/photo125/hampjm.jpg,2011-06-13 17:13:39.790000,2013-03-01 01:58:03.041000
MEL000034,Roger L. Sherman,Roger,L.,Sherman,,,True,me,upper,34,Republican,e64906436a254899ba3f0f0b04758eda,http://www.maine.gov/legis/senate_gop/_images/sherman.jpg,2011-06-13 17:13:39.180000,2013-03-01 01:58:03.620000
MEL000026,Rodney L. Whittemore,Rodney,L.,Whittemore,,,True,me,upper,26,Republican,91298cfc23344b07b639d2f2148f2172,http://www.maine.gov/legis/senate_gop/_images/whittemore.jpg,2011-06-13 17:13:39.146000,2013-03-01 01:58:03.223000
MEL000082,Edward J. Mazurek,Edward,J.,Mazurek,,,True,me,upper,22,Democratic,ea6d17889a4b4e5ea55dd14355db7231,http://www.maine.gov/legis/housedems/representatives/images/MazurekMugcolor.JPG,2011-06-13 17:13:39.601000,2013-03-01 01:58:03.165000
MEL000074,Andre E. Cushing III,Andre,E.,Cushing,,,True,me,upper,33,Republican,066af02529634c53add57e9e4676d0f8,http://maine.gov/legis/house/photo125/cushae.jpg,2011-06-13 17:13:39.551000,2013-03-01 01:58:03.411000
MEL000018,Thomas B. Saviello,Thomas,B.,Saviello,,,True,me,upper,18,Republican,31da3c49d069480e85c94472c263da00,http://www.maine.gov/legis/senate_gop/_images/saviello.jpg,2011-06-13 17:13:39.064000,2013-03-01 01:58:02.897000
MEL000008,Justin L. Alfond,Justin,L.,Alfond,,,True,me,upper,8,Democratic,511ce2b836ce47248bc41c370e0f60bd,http://senatedems.maine.gov/alfond/images/JustinAlfondHeadshot-md.jpg,2011-06-13 17:13:38.723000,2013-03-01 01:58:02.853000
MEL000019,Seth A. Goodall,Seth,A.,Goodall,,,True,me,upper,19,Democratic,b84b199f0f004f48af19d26de23e6bbe,http://www.maine.gov/legis/senate/images/goodall.jpg,2011-06-13 17:13:39.066000,2013-03-01 01:58:03.320000
MEL000017,Garrett Paul Mason,Garrett,P.,Mason,,,True,me,upper,17,Republican,1a4130f680094773b0832dae2811acf3,http://www.maine.gov/legis/senate_gop/_images/mason.jpg,2011-06-13 17:13:39.062000,2013-03-01 01:58:02.863000
MEL000054,Emily Ann Cain,Emily,A.,Cain,,,True,me,upper,30,Democratic,907ef21e4cf84195bc99684af83025f3,http://www.maine.gov/legis/housedems/representatives/images/125highresphotos/webcainmug.jpg,2011-06-13 17:13:39.258000,2013-03-01 01:58:03.135000
MEL000208,Geoffrey M. Gratwick,Geoffrey,M.,Gratwick,,,True,me,upper,32,Democratic,,http://www.maine.gov/legis/senate/images/gratwick.png,2013-01-04 00:07:10.625000,2013-03-01 01:58:03.216000
MEL000207,Edward M. Youngblood,Edward,M.,Youngblood,,,True,me,upper,31,Republican,ea365c8a4da845938e20a911568a9f5c,http://www.maine.gov/legis/senate/images/YoungbloodLowRes.jpg,2013-01-04 00:07:10.618000,2013-03-01 01:58:03.145000
MEL000201,Christopher K. Johnson,Christopher,K.,Johnson,,,True,me,upper,20,Democratic,7045915f59824616bf20b75d3e219150,http://www.maine.gov/legis/senate/images/CKJ_Head_LowRes.jpg,2013-01-04 00:07:10.533000,2013-03-01 01:58:03.292000
MEL000195,Rebecca J. Millett,Rebecca,J.,Millett,,,True,me,upper,7,Democratic,,http://www.maine.gov/legis/senate/images/MillettLowRes.jpg,2013-01-04 00:07:10.441000,2013-03-01 01:58:03.590000
MEL000001,Dawn Hill,Dawn,,Hill,,,True,me,upper,1,Democratic,45b219d999a748d9967cbc7c6b54fd96,http://senatedems.maine.gov/hill/images/SenatorDawnHill-md.jpg,2011-06-13 17:13:38.694000,2013-03-01 01:58:02.978000
MEL000002,Ronald F Collins,Ronald,F.,Collins,,,True,me,upper,2,Republican,f639f66da86b489dbf763c487730b063,http://www.maine.gov/legis/senate_gop/_images/collins.jpg,2011-06-13 17:13:38.696000,2013-03-01 01:58:03.069000
MEL000016,Margaret M. Craven,Margaret,M.,Craven,,,True,me,upper,16,Democratic,12a85a64e2d64811b3acbe480d05c30f,http://www.maine.gov/legis/house/history/122nd/photo122/cravmm.jpg,2011-06-13 17:13:39.039000,2013-03-01 01:58:03.139000
MEL000067,David C. Burns,David,C.,Burns,,,True,me,upper,29,Republican,b3aec876d5ab49409413fd3148b3bfdd,http://www.maine.gov/legis/house/photo125/burndc.jpg,2011-06-13 17:13:39.469000,2013-03-01 01:58:03.253000
MEL000011,Richard G. Woodbury,Richard,G.,Woodbury,,,True,me,upper,11,Independent,c80df05e137440ce85102a36d25a438b,http://maine.gov/legis/house/history/123rd/photo123/woodrg.jpg,2011-06-13 17:13:38.879000,2013-03-01 01:58:03.369000
MEL000028,Brian D. Langley,Brian,D.,Langley,,,True,me,upper,28,Republican,d5cfdfda5c364144b5fa59c354d7de64,http://www.maine.gov/legis/senate_gop/_images/langley.jpg,2011-06-13 17:13:39.160000,2013-03-01 01:58:03.346000
MEL000152,Anne M. Haskell,Anne,M.,Haskell,,,True,me,upper,9,Democratic,012d739431fb4535a3161e5f86122dea,http://www.maine.gov/legis/housedems/representatives/images/HaskellMugcolor.JPG,2011-06-13 17:13:39.834000,2013-03-01 01:58:03.588000
MEL000027,Douglas A. Thomas,Douglas,A.,Thomas,,,True,me,upper,27,Republican,f49c1789060d4fa6b4d285e040f5fd25,http://www.maine.gov/legis/senate_gop/_images/thomas.jpg,2011-06-13 17:13:39.157000,2013-03-01 01:58:03.592000
MEL000177,John L. Tuttle Jr.,John,L.,Tuttle,,,True,me,upper,3,Democratic,8085b4bebce54b0f80e8d5fb3f86f1de,http://www.maine.gov/legis/housedems/representatives/images/TuttleMugcolor.JPG,2011-06-13 17:13:39.941000,2013-03-01 01:58:03.198000
MEL000024,Roger J. Katz,Roger,J.,Katz,,,True,me,upper,24,Republican,7f9e53c0c9224be68d22b9abfc4185eb,http://www.maine.gov/legis/senate_gop/_images/katz.jpg,2011-06-13 17:13:39.142000,2013-03-01 01:58:03.343000
MEL000194,James A. Boyle,James,A.,Boyle,,,True,me,upper,6,Democratic,7268dd725e5a444fa1773042836cb89b,http://www.maine.gov/legis/senate/images/BoyleLowRes.jpg,2013-01-04 00:07:10.434000,2013-03-01 01:58:03.619000
MEL000117,Patrick S. A. Flood,Patrick,S. A.,Flood,,,True,me,upper,21,Republican,f594a898800c415dba3b865daa096bb4,http://www.maine.gov/legis/house_gop/_images/floops.jpg,2011-06-13 17:13:39.749000,2013-03-01 01:58:02.982000
MEL000035,Troy Dale Jackson,Troy,D.,Jackson,,,True,me,upper,35,Democratic,c05ae0b9b2f74a31a4ca0f37dcb41b5c,http://www.maine.gov/legis/house/history/122nd/photo122/jacktd.jpg,2011-06-13 17:13:39.183000,2013-03-01 01:58:03.617000
MEL000014,John L. Patrick,John,L.,Patrick,,,True,me,upper,14,Democratic,bc51418217d041cbbe7d8693307e41ec,http://www.maine.gov/legis/house/history/123rd/photo123/patrjl.jpg,2011-06-13 17:13:39.036000,2013-03-01 01:58:03.407000
