MOL000019,Robert Mayer,Robert,,Mayer,,,False,mo,,,,6e09e6652d934f509f2585e65ee94aeb,http://www.senate.mo.gov/12info/graphics/d25-photo.gif,2012-03-07 01:44:45.490000,2013-01-07 16:28:43.873000
MOL000164,Shane Schoeller,Shane,,Schoeller,,,False,mo,,,,fe90869982904e11a4689f4f950e4e7d,http://www.house.mo.gov/billtracking/bills121/member/mem139.jpg,2012-03-07 01:44:48.344000,2013-01-07 16:28:43.767000
MOL000034,Robin Wright-Jones,Robin,,Wright-Jones,,,False,mo,,,,5056630109a441d0af16a1088e4338d1,http://www.senate.mo.gov/12info/graphics/d05-photo.gif,2012-03-07 01:44:45.677000,2013-01-07 16:28:43.551000
MOL000067,Scott Dieckhaus,Scott,,Dieckhaus,,,False,mo,,,,6a234b39b449426d93107101180ac8b2,http://www.house.mo.gov/billtracking/bills121/member/mem109.jpg,2012-03-07 01:44:46.213000,2013-01-07 16:28:43.548000
MOL000005,Jane Cunningham,Jane,,Cunningham,,,False,mo,,,,7e08189c29624b2eb129ce1fb9e593da,http://www.senate.mo.gov/12info/graphics/d07-photo051211.gif,2012-03-07 01:44:45.325000,2013-01-07 16:28:43.553000
MOL000032,Bill Stouffer,Bill,,Stouffer,,,False,mo,,,,5dea4c6f38ec489a9a10d208de1518e5,http://www.senate.mo.gov/12info/graphics/d21-photo.gif,2012-03-07 01:44:45.650000,2013-01-07 16:28:43.554000
MOL000037,Randy Asbury,Randy,,Asbury,,,False,mo,,,,cb0d0bd3c8e045dda523fb6082e51403,http://www.house.mo.gov/billtracking/bills121/member/mem022.jpg,2012-03-07 01:44:45.710000,2013-01-07 16:28:43.677000
MOL000149,Paul Quinn,Paul,,Quinn,,,False,mo,,,,f0ef7f48fb524912a85c5c42c676af1b,http://www.house.mo.gov/billtracking/bills121/member/mem009.jpg,2012-03-07 01:44:48.133000,2013-01-07 16:28:43.562000
MOL000045,Ellen Brandom,Ellen,,Brandom,,,False,mo,,,,9c1b8f13e9954ccaba305a4172f0cfeb,http://www.house.mo.gov/billtracking/bills121/member/mem160.jpg,2012-03-07 01:44:45.783000,2013-01-07 16:28:43.681000
MOL000187,Don Wells,Don,,Wells,,,False,mo,,,,,http://www.house.mo.gov/billtracking/bills121/member/mem147.jpg,2012-03-07 01:44:48.833000,2013-01-07 16:28:43.694000
MOL000137,Bob Nance,Bob,,Nance,,,False,mo,,,,61322c24741f4aa7976a48afabd69de5,http://www.house.mo.gov/billtracking/bills121/member/mem036.jpg,2012-03-07 01:44:47.893000,2013-01-07 16:28:43.753000
MOL000039,Joe Aull,Joe,,Aull,,,False,mo,,,,2b35549a09a54d87a7af9eeee716e9ed,http://www.house.mo.gov/billtracking/bills121/member/mem026.jpg,2012-03-07 01:44:45.727000,2013-01-07 16:28:43.776000
MOL000103,Tishaura Jones,Tishaura,,Jones,,,False,mo,,,,511ff92592704e06874db2da4c13fa53,http://www.house.mo.gov/billtracking/bills121/member/mem063.jpg,2012-03-07 01:44:47.062000,2013-01-07 16:28:43.588000
MOL000104,Jason Kander,Jason,,Kander,,,False,mo,,,,78365bb33ce144679973f4a719fd8dca,http://www.house.mo.gov/billtracking/bills121/member/mem044.jpg,2012-03-07 01:44:47.087000,2013-01-07 16:28:43.761000
MOL000163,Vicki Schneider,Vicki,,Schneider,,,False,mo,,,,ffa6fe0bdbf24c029f516e3d2dd78c70,http://www.house.mo.gov/billtracking/bills121/member/mem017.jpg,2012-03-07 01:44:48.312000,2013-01-07 16:28:43.760000
MOL000122,Tom Loehner,Tom,,Loehner,,,False,mo,,,,97f785f09ea1447a9c43948103c0d595,http://www.house.mo.gov/billtracking/bills121/member/mem112.jpg,2012-03-07 01:44:47.535000,2013-01-07 16:28:43.568000
MOL000098,Leonard Hughes IV,Leonard,,Hughes IV,,,False,mo,,,,4499d3de77c8485ab7406f2380e050d1,http://www.house.mo.gov/billtracking/bills121/member/mem042.jpg,2012-03-07 01:44:46.994000,2013-01-07 16:28:43.693000
MOL000142,Jerry Nolte,Jerry,,Nolte,,,False,mo,,,,5a0ca0fbd72142b9b522fe5906892955,http://www.house.mo.gov/billtracking/bills121/member/mem033.jpg,2012-03-07 01:44:47.993000,2013-01-07 16:28:43.749000
MOL000073,Joe Fallert,Joe,,Fallert,,,False,mo,,,,,http://www.house.mo.gov/billtracking/bills121/member/mem104.jpg,2012-03-07 01:44:46.346000,2013-01-07 16:28:43.594000
MOL000117,Brent Lasater,Brent,,Lasater,,,False,mo,,,,,http://www.house.mo.gov/billtracking/bills121/member/mem053.jpg,2012-03-07 01:44:47.445000,2013-01-07 16:28:43.768000
MOL000051,Susan Carlson,Susan,,Carlson,,,False,mo,,,,0a25f1f9d97b409ca6b2944fef7ea1fa,http://www.house.mo.gov/billtracking/bills121/member/mem064.jpg,2012-03-07 01:44:45.972000,2013-01-07 16:28:43.771000
MOL000148,Darrell Pollock,Darrell,,Pollock,,,False,mo,,,,8bb65eaa0037480c84fb9b926cd37b04,http://www.house.mo.gov/billtracking/bills121/member/mem146.jpg,2012-03-07 01:44:48.124000,2013-01-07 16:28:43.572000
MOL000156,Don Ruzicka,Don,,Ruzicka,,,False,mo,,,,e06086feb13a4d1f9bb820758f247202,http://www.house.mo.gov/billtracking/bills121/member/mem132.jpg,2012-03-07 01:44:48.209000,2013-01-07 16:28:43.690000
MOL000173,Churie Spreng,Churie,,Spreng,,,False,mo,,,,,http://www.house.mo.gov/billtracking/bills121/member/mem076.jpg,2012-03-07 01:44:48.586000,2013-01-07 16:28:43.770000
MOL000177,Terry Swinger,Terry,,Swinger,,,False,mo,,,,2fa83745d00e484baab5b892a203102e,http://www.house.mo.gov/billtracking/bills121/member/mem162.jpg,2012-03-07 01:44:48.680000,2013-01-07 16:28:43.745000
MOL000132,Cole McNary,Cole,,McNary,,,False,mo,,,,0542aab9148345c8943822164c2970b7,http://www.house.mo.gov/billtracking/bills121/member/mem086.jpg,2012-03-07 01:44:47.731000,2013-01-07 16:28:43.571000
MOL000174,Mary Still,Mary,,Still,,,False,mo,,,,9dcaef27f0d240de9eaff2c6d5dec502,http://www.house.mo.gov/billtracking/bills121/member/mem025.jpg,2012-03-07 01:44:48.602000,2013-01-07 16:28:43.757000
MOL000074,Barney Fisher,Barney,,Fisher,,,False,mo,,,,576a48ff93194bf7974791973de344a3,http://www.house.mo.gov/billtracking/bills121/member/mem125.jpg,2012-03-07 01:44:46.356000,2013-01-07 16:28:43.741000
MOL000178,Mike Talboy,Mike,,Talboy,,,False,mo,,,,1eb12af7281f4c7ca811ff8080cc5f06,http://www.house.mo.gov/billtracking/bills121/member/mem037.jpg,2012-03-07 01:44:48.699000,2013-01-07 16:28:43.555000
MOL000195,Tracy McCreery,Tracy,,McCreery,,,False,mo,,,,32f24dac5e86405d9d7b7901e11fb3e5,http://www.house.mo.gov/billtracking/bills121/member/mem083.jpg,2012-03-08 01:49:19.833000,2013-01-07 16:28:43.778000
MOL000081,Gary Fuhr,Gary,,Fuhr,,,False,mo,,,,c323dd2a641c4a9fa6dc45d3e69e5f84,http://www.house.mo.gov/billtracking/bills111/member/mem097.jpg,2012-03-07 01:44:46.443000,2013-01-07 16:28:43.913000
MOL000181,Steven Tilley,Steven,,Tilley,,,False,mo,,,,dd7e3d4cbdcc4f3581d007c737ab3067,http://www.house.mo.gov/billtracking/bills111/member/mem106.jpg,2012-03-07 01:44:48.747000,2013-01-07 16:28:43.875000
MOL000188,Ray Weter,Ray,,Weter,,,False,mo,,,,1b35448f2e934d5fb7ab52123c02bb71,http://www.house.mo.gov/billtracking/bills111/member/mem142.jpg,2012-03-07 01:44:48.844000,2013-01-07 16:28:43.877000
MOL000011,Timothy P. Green,Timothy P.,,Green,,,False,mo,,,,,http://www.senate.mo.gov/12info/graphics/d13-photo.gif,2012-03-07 01:44:45.412000,2013-01-07 16:28:43.874000
MOL000010,Jack Goodman,Jack,,Goodman,,,False,mo,,,,8dbb080da77248e08c0e46f4c37f8a4b,http://www.senate.mo.gov/12info/graphics/d29-photo.gif,2012-03-07 01:44:45.397000,2013-01-07 16:28:43.604000
MOL000052,Chris Carter,Chris,,Carter,,,False,mo,,,,3ba16273316c4f41981d3f1227528b76,http://www.house.mo.gov/billtracking/bills111/member/mem061.jpg,2012-03-07 01:44:45.987000,2013-01-07 16:28:43.893000
MOL000129,Eileen McGeoghegan,Eileen,,McGeoghegan,,,False,mo,,,,f58d633302ce4c789d225c7da03f5054,http://www.house.mo.gov/billtracking/bills121/member/mem077.jpg,2012-03-07 01:44:47.649000,2013-01-07 16:28:43.784000
MOL000130,Mike McGhee,Mike,,McGhee,,,False,mo,,,,1e3d01c5eb2744baad33530df2f81e02,http://www.house.mo.gov/billtracking/bills121/member/mem122.jpg,2012-03-07 01:44:47.666000,2013-01-07 16:28:43.614000
MOL000143,Jeanette Mott Oxford,Jeanette Mott,,Oxford,,,False,mo,,,,,http://www.house.mo.gov/billtracking/bills121/member/mem059.jpg,2012-03-07 01:44:48.010000,2013-01-07 16:28:43.789000
MOL000123,Thomas Long,Thomas,,Long,,,False,mo,,,,88d366fed9d84743b70c56c192290a77,http://www.house.mo.gov/billtracking/bills121/member/mem134.jpg,2012-03-07 01:44:47.546000,2013-01-07 16:28:43.636000
MOL000048,Michael Brown,Michael,,Brown,,,False,mo,,,,40db89b21cdc426db81f9acb5461eb67,http://www.house.mo.gov/billtracking/bills121/member/mem050.jpg,2012-03-07 01:44:45.844000,2013-01-07 16:28:43.637000
MOL000066,Charlie Denison,Charlie,,Denison,,,False,mo,,,,b67ae403f0134ef5a10d4d4de78a38f2,http://www.house.mo.gov/billtracking/bills121/member/mem135.jpg,2012-03-07 01:44:46.205000,2013-01-07 16:28:43.646000
MOL000079,Ward Franz,Ward,,Franz,,,False,mo,,,,61af7b1a3fee4c92bce26c5ae7ed2d3a,http://www.house.mo.gov/billtracking/bills121/member/mem151.jpg,2012-03-07 01:44:46.419000,2013-01-07 16:28:43.648000
MOL000114,Sara Lampe,Sara,,Lampe,,,False,mo,,,,68ec3c30207d4c8194cfca202707ee95,http://www.house.mo.gov/billtracking/bills121/member/mem138.jpg,2012-03-07 01:44:47.328000,2013-01-07 16:28:43.843000
MOL000119,Melissa Leach,Melissa,,Leach,,,False,mo,,,,36bfc99ed7264d71a21cae828eb70810,http://www.house.mo.gov/billtracking/bills121/member/mem137.jpg,2012-03-07 01:44:47.486000,2013-01-07 16:28:43.844000
MOL000158,Rodney Schad,Rodney,,Schad,,,False,mo,,,,a20c2c494243451cb8135ec5fbd7cea2,http://www.house.mo.gov/billtracking/bills121/member/mem115.jpg,2012-03-07 01:44:48.235000,2013-01-07 16:28:43.652000
MOL000065,David Day,David,,Day,,,False,mo,,,,8039cad9322441698f171e366fb1bd81,http://www.house.mo.gov/billtracking/bills121/member/mem148.jpg,2012-03-07 01:44:46.196000,2013-01-07 16:28:43.655000
MOL000038,Bert Atkins,Bert,,Atkins,,,False,mo,,,,9ae857d62f08495cbb31958ca74e9d90,http://www.house.mo.gov/billtracking/bills121/member/mem075.jpg,2012-03-07 01:44:45.719000,2013-01-07 16:28:43.658000
MOL000047,Cloria Brown,Cloria,,Brown,,,False,mo,,,,a8dda66da006481d845c498e240ecad6,http://www.house.mo.gov/billtracking/bills121/member/mem085.jpg,2012-03-07 01:44:45.816000,2013-01-07 16:28:43.659000
MOL000053,Ron Casey,Ron,,Casey,,,False,mo,,,,2f019b07d42c446cb6980576a1f487dd,http://www.house.mo.gov/billtracking/bills121/member/mem103.jpg,2012-03-07 01:44:45.995000,2013-01-07 16:28:43.661000
MOL000116,Scott Largent,Scott,,Largent,,,False,mo,,,,7c6ad7f5842c477abae7d71d90896fd7,http://www.house.mo.gov/billtracking/bills121/member/mem120.jpg,2012-03-07 01:44:47.426000,2013-01-07 16:28:43.664000
MOL000191,Billy Pat Wright,Billy Pat,,Wright,,,False,mo,,,,8cdd8aea513c4017969e7cbaea046aa3,http://www.house.mo.gov/billtracking/bills121/member/mem159.jpg,2012-03-07 01:44:48.877000,2013-01-07 16:28:43.850000
MOL000192,Zachary Wyatt,Zachary,,Wyatt,,,False,mo,,,,3cb6b12004df47e2b29b8deae7ecea89,http://www.house.mo.gov/billtracking/bills121/member/mem002.jpg,2012-03-07 01:44:48.890000,2013-01-07 16:28:43.665000
MOL000109,Glen Klippenstein,Glen,,Klippenstein,,,False,mo,,,,eec0d05d6876410a837026991802d692,http://www.house.mo.gov/billtracking/bills121/member/mem005.jpg,2012-03-07 01:44:47.214000,2013-01-07 16:28:43.865000
MOL000134,Tim Meadows,Tim,,Meadows,,,False,mo,,,,3219e285cb924d0091c739693c83404d,http://www.house.mo.gov/billtracking/bills121/member/mem101.jpg,2012-03-07 01:44:47.791000,2013-01-07 16:28:43.672000
MOL000179,Sylvester Taylor,Sylvester,,Taylor,,,False,mo,,,,6e36c39895fc48b3a152f016f404149c,http://www.house.mo.gov/billtracking/bills121/member/mem080.jpg,2012-03-07 01:44:48.715000,2013-01-07 16:28:43.868000
MOL000054,John Cauthorn,John,,Cauthorn,,,False,mo,,,,a6ac5a038b304da1a551ae16c1246564,http://www.house.mo.gov/billtracking/bills121/member/mem021.jpg,2012-03-07 01:44:46.022000,2013-01-07 16:28:43.780000
MOL000025,Chuck Purgason,Chuck,,Purgason,,,False,mo,,,,0b9c012dde00453583f41eab961d5c8f,http://www.senate.mo.gov/12info/graphics/d33-photo.gif,2012-03-07 01:44:45.553000,2013-01-07 16:28:43.596000
MOL000002,Victor Callahan,Victor,,Callahan,,,False,mo,,,,bf2fd97aaa3242059feb20f09c96384d,http://www.senate.mo.gov/12info/graphics/d11-photo.gif,2012-03-07 01:44:45.281000,2013-01-07 16:28:43.598000
MOL000027,Luann Ridgeway,Luann,,Ridgeway,,,False,mo,,,,0e9901c91cf44677a4815313c2fcf5e8,http://www.senate.mo.gov/12info/graphics/d17-photo.gif,2012-03-07 01:44:45.569000,2013-01-07 16:28:43.599000
MOL000004,Jason Crowell,Jason,,Crowell,,,False,mo,,,,ad3966d403ea4a67aa3d89a711505033,http://www.senate.mo.gov/12info/graphics/D27-photo.gif,2012-03-07 01:44:45.295000,2013-01-07 16:28:43.601000
MOL000018,Jim Lembke,Jim,,Lembke,,,False,mo,,,,9d203d09416f4692abf826e9c51ed315,http://www.senate.mo.gov/12info/graphics/d01-photo.gif,2012-03-07 01:44:45.472000,2013-01-07 16:28:43.602000
MOL000166,Tom Shively,Tom,,Shively,,,False,mo,,,,0840b8992be747a2a97ef7d351b155fa,http://www.house.mo.gov/billtracking/bills121/member/mem008.jpg,2012-03-07 01:44:48.440000,2013-01-07 16:28:43.870000
MOL000289,Jeremy LaFaver,Jeremy,,LaFaver,,,True,mo,lower,25,Democratic,54840ea921ae496fbbdaa4cec73ef6ac,http://www.house.mo.gov/MemberPhoto.aspx?id=652,2013-01-07 16:28:42.529000,2013-03-01 02:12:30.078000
MOL000151,Bill Reiboldt,Bill,,Reiboldt,,,True,mo,lower,160,Republican,91c946fb3ff34849ad5a261f3f082058,http://www.house.mo.gov/MemberPhoto.aspx?id=446,2012-03-07 01:44:48.154000,2013-03-01 02:12:30.469000
MOL000355,Kathryn Swan,Kathryn,,Swan,,,True,mo,lower,147,Republican,,http://www.house.mo.gov/MemberPhoto.aspx?id=660,2013-01-07 16:28:43.093000,2013-03-01 02:12:30.518000
MOL000306,Sue Meredith,Sue,,Meredith,,,True,mo,lower,71,Democratic,859c2ac566c042a89dcc898be553a711,http://www.house.mo.gov/MemberPhoto.aspx?id=677,2013-01-07 16:28:42.676000,2013-03-01 02:12:28.470000
MOL000234,Courtney Allen Curtis,Courtney Allen,,Curtis,,,True,mo,lower,73,Democratic,a46adf16f8b94b0eb542651f7461c309,http://www.house.mo.gov/MemberPhoto.aspx?id=679,2013-01-07 16:28:42.083000,2013-03-01 02:12:30.420000
MOL000223,Bob Burns,Bob,,Burns,,,True,mo,lower,93,Democratic,7b17c4a712cc4f3ea74e933a0a40fd3a,http://www.house.mo.gov/MemberPhoto.aspx?id=686,2013-01-07 16:28:41.992000,2013-03-01 02:12:30.381000
MOL000302,Joe Don McGaugh,Joe Don,,McGaugh,,,True,mo,lower,39,Republican,69f8814e97a84f0dbb5d18057404c737,http://www.house.mo.gov/MemberPhoto.aspx?id=658,2013-01-07 16:28:42.642000,2013-03-01 02:12:29.552000
MOL000246,Vicki Englund,Vicki,,Englund,,,True,mo,lower,94,Democratic,8e229505fc93497f93c95625f671a677,http://www.house.mo.gov/MemberPhoto.aspx?id=367,2013-01-07 16:28:42.176000,2013-03-01 02:12:30.068000
MOL000266,Jim Hansen,Jim,,Hansen,,,True,mo,lower,40,Republican,4ddb1f15ea4f4955be5a42aa18eb3150,http://www.house.mo.gov/MemberPhoto.aspx?id=659,2013-01-07 16:28:42.334000,2013-03-01 02:12:30.391000
MOL000099,Jacob Hummel,Jacob,,Hummel,,,True,mo,lower,81,Democratic,80fbb898048947a48ebfbd3289e9026d,http://www.house.mo.gov/MemberPhoto.aspx?id=372,2012-03-07 01:44:47.003000,2013-03-01 02:05:32.093000
MOL000083,Chuck Gatschenberger,Chuck,,Gatschenberger,,,True,mo,lower,108,Republican,62393012173f460cb29dd1fb7163f8bd,http://www.house.mo.gov/MemberPhoto.aspx?id=57,2012-03-07 01:44:46.462000,2013-03-01 02:12:30.318000
MOL000127,Gail McCann Beatty,Gail,,McCann Beatty,,,True,mo,lower,26,Democratic,67f963df74154af0bbed886195ec8d75,http://www.house.mo.gov/MemberPhoto.aspx?id=459,2012-03-07 01:44:47.629000,2013-03-01 02:12:29.822000
MOL000115,Bill Lant,Bill,,Lant,,,True,mo,lower,159,Republican,5335f48fa6b44ea293d4922e32c52316,http://www.house.mo.gov/MemberPhoto.aspx?id=445,2012-03-07 01:44:47.344000,2013-03-01 02:12:30.501000
MOL000121,Donna Lichtenegger,Donna,,Lichtenegger,,,True,mo,lower,146,Republican,12079dd959074889bb479d0bb72c29a6,http://www.house.mo.gov/MemberPhoto.aspx?id=515,2012-03-07 01:44:47.519000,2013-03-01 02:12:29.817000
MOL000153,Jeanie Riddle,Jeanie,,Riddle,,,True,mo,lower,49,Republican,031076b2da624082a639f1489da42a07,http://www.house.mo.gov/MemberPhoto.aspx?id=384,2012-03-07 01:44:48.176000,2013-03-01 02:12:30.345000
MOL000310,Gina Mitten,Gina,,Mitten,,,True,mo,lower,83,Democratic,abe7a075f28a421e82515ddeabd89778,http://www.house.mo.gov/MemberPhoto.aspx?id=683,2013-01-07 16:28:42.708000,2013-03-01 02:12:29.512000
MOL000161,Ronald Schieber,Ronald,,Schieber,,,True,mo,lower,14,Republican,,http://www.house.mo.gov/MemberPhoto.aspx?id=489,2012-03-07 01:44:48.287000,2013-03-01 02:12:30.192000
MOL000096,Jay Houghton,Jay,,Houghton,,,True,mo,lower,43,Republican,6346afb6abc04cf795d0f2bf463669c9,http://www.house.mo.gov/MemberPhoto.aspx?id=461,2012-03-07 01:44:46.910000,2013-03-01 02:12:30.129000
MOL000144,Sharon Pace,Sharon,,Pace,,,True,mo,lower,74,Democratic,965d966d833742339a59918bef927c46,http://www.house.mo.gov/MemberPhoto.aspx?id=383,2012-03-07 01:44:48.020000,2013-03-01 02:12:30.334000
MOL000040,Kurt Bahr,Kurt,,Bahr,,,True,mo,lower,102,Republican,c60c9695b4e143028d10122805e21846,http://www.house.mo.gov/MemberPhoto.aspx?id=471,2012-03-07 01:44:45.736000,2013-03-01 02:12:30.379000
MOL000100,Delus Johnson,Delus,,Johnson,,,True,mo,lower,9,Republican,d355ca758f234308b29edfd03c5c3d86,http://www.house.mo.gov/MemberPhoto.aspx?id=453,2012-03-07 01:44:47.012000,2013-03-01 02:12:30.074000
MOL000339,Caleb Rowden,Caleb,,Rowden,,,True,mo,lower,44,Republican,6f386bbccdec47159d440b98a0889beb,http://www.house.mo.gov/MemberPhoto.aspx?id=661,2013-01-07 16:28:42.955000,2013-03-01 02:12:29.272000
MOL000084,Don Gosen,Don,,Gosen,,,True,mo,lower,101,Republican,d8b74081a3364ed2a8683900e1f4cca7,http://www.house.mo.gov/MemberPhoto.aspx?id=456,2012-03-07 01:44:46.477000,2013-03-01 02:12:30.320000
MOL000324,Donna Pfautsch,Donna,,Pfautsch,,,True,mo,lower,33,Republican,59d11342d7eb46edbc376d380f73c92d,http://www.house.mo.gov/MemberPhoto.aspx?id=655,2013-01-07 16:28:42.825000,2013-03-01 02:12:29.855000
MOL000146,Don Phillips,Don,,Phillips,,,True,mo,lower,138,Republican,,http://www.house.mo.gov/MemberPhoto.aspx?id=457,2012-03-07 01:44:48.106000,2013-03-01 02:12:30.246000
MOL000309,Bonnaye Mims,Bonnaye,,Mims,,,True,mo,lower,27,Democratic,a13ba47ddb6147528412452eb5f704c2,http://www.house.mo.gov/MemberPhoto.aspx?id=653,2013-01-07 16:28:42.700000,2013-03-01 02:12:29.992000
MOL000224,Michael Butler,Michael,,Butler,,,True,mo,lower,79,Democratic,2f6845a5b78d4159bb486e8d3fc1fc9b,http://www.house.mo.gov/MemberPhoto.aspx?id=60,2013-01-07 16:28:42.002000,2013-03-01 02:12:29.533000
MOL000314,Lynn Morris,Lynn,,Morris,,,True,mo,lower,140,Republican,b432f0af77ba440e998bf8877060b8e2,http://www.house.mo.gov/MemberPhoto.aspx?id=667,2013-01-07 16:28:42.741000,2013-03-01 02:12:29.556000
MOL000253,Michael Frame,Michael,,Frame,,,True,mo,lower,111,Democratic,997c0251b6814aedae6dd1ab012a0ed5,http://www.house.mo.gov/MemberPhoto.aspx?id=270,2013-01-07 16:28:42.232000,2013-03-01 02:12:30.506000
MOL000332,Tim Remole,Tim,,Remole,,,True,mo,lower,6,Republican,34d8138097864f86b01e41e5e01cb1ef,http://www.house.mo.gov/MemberPhoto.aspx?id=643,2013-01-07 16:28:42.895000,2013-03-01 02:12:30.340000
MOL000286,Glen Kolkmeyer,Glen,,Kolkmeyer,,,True,mo,lower,53,Republican,72b805af3bbe4dc39973a42c89834c77,http://www.house.mo.gov/MemberPhoto.aspx?id=666,2013-01-07 16:28:42.505000,2013-03-01 02:12:30.219000
MOL000328,Jeff Pogue,Jeff,,Pogue,,,True,mo,lower,143,Republican,,http://www.house.mo.gov/MemberPhoto.aspx?id=663,2013-01-07 16:28:42.861000,2013-03-01 02:12:30.278000
MOL000308,Rocky Miller,Rocky,,Miller,,,True,mo,lower,124,Republican,a5297b8d880d4e089704ed83a556a9e3,http://www.house.mo.gov/MemberPhoto.aspx?id=684,2013-01-07 16:28:42.691000,2013-03-01 02:12:30.330000
MOL000225,Jon Carpenter,Jon,,Carpenter,,,True,mo,lower,15,Democratic,640d2772bf7f45e799054b400616e637,http://www.house.mo.gov/MemberPhoto.aspx?id=647,2013-01-07 16:28:42.009000,2013-03-01 02:12:30.383000
MOL000316,Jim Neely,Jim,,Neely,,,True,mo,lower,8,Republican,e0c20689847b4a4d9f3c8e364591ee65,http://www.house.mo.gov/MemberPhoto.aspx?id=645,2013-01-07 16:28:42.758000,2013-03-01 02:12:30.399000
MOL000327,Randy Pike,Randy,,Pike,,,True,mo,lower,126,Republican,f52d58bcfebf4221b76c6acbe10b0e24,http://www.house.mo.gov/MemberPhoto.aspx?id=681,2013-01-07 16:28:42.853000,2013-03-01 02:12:30.405000
MOL000347,Noel Shull,Noel,,Shull,,,True,mo,lower,16,Republican,618b117672574a51a338872b835f30d3,http://www.house.mo.gov/MemberPhoto.aspx?id=649,2013-01-07 16:28:43.023000,2013-03-01 02:12:28.943000
MOL000135,Chris Molendorp,Chris,,Molendorp,,,True,mo,lower,56,Republican,cd261c73c46743daadda2dc5aceac92f,http://www.house.mo.gov/MemberPhoto.aspx?id=381,2012-03-07 01:44:47.821000,2013-03-01 02:12:29.721000
MOL000330,Holly Rehder,Holly,,Rehder,,,True,mo,lower,148,Republican,ca858b0878d34ecdbcb031297e8efaa9,http://www.house.mo.gov/MemberPhoto.aspx?id=657,2013-01-07 16:28:42.878000,2013-03-01 02:12:30.336000
MOL000341,Joe Runions,Joe,,Runions,,,True,mo,lower,37,Democratic,fc9750ff398644e3a6680e3e9822caaa,http://www.house.mo.gov/MemberPhoto.aspx?id=693,2013-01-07 16:28:42.971000,2013-03-01 02:12:29.861000
MOL000240,Randy Dunn,Randy,,Dunn,,,True,mo,lower,23,Democratic,c4e2ac6f052944f58350463b29a7b7a6,http://www.house.mo.gov/MemberPhoto.aspx?id=692,2013-01-07 16:28:42.132000,2013-03-01 02:12:30.272000
MOL000353,Bryan Spencer,Bryan,,Spencer,,,True,mo,lower,63,Republican,3c2bf6184c2342be862f967d58008772,http://www.house.mo.gov/MemberPhoto.aspx?id=671,2013-01-07 16:28:43.075000,2013-03-01 02:12:30.282000
MOL000337,Jeff Roorda,Jeff,,Roorda,,,True,mo,lower,113,Democratic,738980ae262c4ed7b29e972fd536c37b,http://www.house.mo.gov/MemberPhoto.aspx?id=219,2013-01-07 16:28:42.938000,2013-03-01 02:12:30.347000
MOL000295,Steve Lynch,Steve,,Lynch,,,True,mo,lower,122,Republican,8a0f3d5b669b4b2c8a9f985efa47fd11,http://www.house.mo.gov/MemberPhoto.aspx?id=685,2013-01-07 16:28:42.586000,2013-03-01 02:12:30.393000
MOL000165,Jill Schupp,Jill,,Schupp,,,True,mo,lower,88,Democratic,0f7159c00f334b3ab5a0d4a762ddc9fc,http://www.house.mo.gov/MemberPhoto.aspx?id=385,2012-03-07 01:44:48.424000,2013-03-01 02:12:29.734000
MOL000061,Sandy Crawford,Sandy,,Crawford,,,True,mo,lower,129,Republican,6401558eb33e49cf8a5aec67ebeeb16a,http://www.house.mo.gov/MemberPhoto.aspx?id=478,2012-03-07 01:44:46.100000,2013-03-01 02:12:29.586000
MOL000102,Timothy Jones,Timothy,,Jones,,,True,mo,lower,110,Republican,7ef8d285b013493bbe30cd14379b2fea,http://www.house.mo.gov/MemberPhoto.aspx?id=174,2012-03-07 01:44:47.036000,2013-03-01 02:12:29.591000
MOL000190,Paul Wieland,Paul,,Wieland,,,True,mo,lower,112,Republican,b299c37995864ef8979d8ac3f625c817,http://www.house.mo.gov/MemberPhoto.aspx?id=502,2012-03-07 01:44:48.866000,2013-03-01 02:12:29.772000
MOL000072,Sue Entlicher,Sue,,Entlicher,,,True,mo,lower,128,Republican,2f583bd5e9094d538dcecf4cd8d1d947,http://www.house.mo.gov/MemberPhoto.aspx?id=481,2012-03-07 01:44:46.328000,2013-03-01 02:12:29.682000
MOL000082,Doug Funderburk,Doug,,Funderburk,,,True,mo,lower,103,Republican,01eaf5aebff448b4bec40507e5ba94b3,http://www.house.mo.gov/MemberPhoto.aspx?id=56,2012-03-07 01:44:46.452000,2013-03-01 02:12:30.290000
MOL000078,Diane Franklin,Diane,,Franklin,,,True,mo,lower,123,Republican,2a393332e9b24d5da4df4c0c1f675f93,http://www.house.mo.gov/MemberPhoto.aspx?id=455,2012-03-07 01:44:46.410000,2013-03-01 02:12:29.801000
MOL000359,Nate Walker,Nate,,Walker,,,True,mo,lower,3,Republican,bf8de1d7f07b4f6bab1a50cbb931bcd5,http://www.house.mo.gov/MemberPhoto.aspx?id=644,2013-01-07 16:28:43.154000,2013-03-01 02:12:30.520000
MOL000238,Dean Dohrman,Dean,,Dohrman,,,True,mo,lower,51,Republican,c0dc507414cb48fa87dc3cf65d2458d3,http://www.house.mo.gov/MemberPhoto.aspx?id=665,2013-01-07 16:28:42.115000,2013-03-01 02:12:30.387000
MOL000041,Jay Barnes,Jay,,Barnes,,,True,mo,lower,60,Republican,8d46ddbc7ca44b7099d67a37c29d26c2,http://www.house.mo.gov/MemberPhoto.aspx?id=504,2012-03-07 01:44:45.744000,2013-03-01 02:12:30.266000
MOL000058,Pat Conway,Pat,,Conway,,,True,mo,lower,10,Democratic,dc87a70db4284dbbb67f19627a6ebf83,http://www.house.mo.gov/MemberPhoto.aspx?id=427,2012-03-07 01:44:46.069000,2013-03-01 02:12:30.385000
MOL000196,Judy Morgan,Judy,,Morgan,,,True,mo,lower,24,Democratic,d8e52854357a46b99b3921b388de08b8,http://www.house.mo.gov/MemberPhoto.aspx?id=620,2012-03-08 01:49:19.849000,2013-03-01 02:12:28.962000
MOL000060,Stanley Cox,Stanley,,Cox,,,True,mo,lower,52,Republican,84a15706427e402593904a5417a6ff40,http://www.house.mo.gov/MemberPhoto.aspx?id=151,2012-03-07 01:44:46.087000,2013-03-01 02:12:30.019000
MOL000248,Scott Fitzpatrick,Scott,,Fitzpatrick,,,True,mo,lower,158,Republican,eb440b541d8c4b98b310d5603d198e83,http://www.house.mo.gov/MemberPhoto.aspx?id=648,2013-01-07 16:28:42.191000,2013-03-01 02:12:30.163000
MOL000170,Clem Smith,Clem,,Smith,,,True,mo,lower,85,Democratic,3e035449a9c74f64a2f460b6fdf1fb5b,http://www.house.mo.gov/MemberPhoto.aspx?id=442,2012-03-07 01:44:48.534000,2013-03-01 02:12:30.496000
MOL000101,Caleb Jones,Caleb,,Jones,,,True,mo,lower,50,Republican,75f4b8ba49154efcb0b7aaa1ff6b8c0a,http://www.house.mo.gov/MemberPhoto.aspx?id=506,2012-03-07 01:44:47.024000,2013-03-01 02:12:29.868000
MOL000139,Myron Neth,Myron,,Neth,,,True,mo,lower,17,Republican,fe54ef26391d43fb9c4ccf9a8a924603,http://www.house.mo.gov/MemberPhoto.aspx?id=486,2012-03-07 01:44:47.924000,2013-03-01 02:12:30.401000
MOL000126,John McCaherty,John,,McCaherty,,,True,mo,lower,97,Republican,8cb5ba13688942fa8d0c6443a7f64887,http://www.house.mo.gov/MemberPhoto.aspx?id=463,2012-03-07 01:44:47.608000,2013-03-01 02:12:30.395000
MOL000180,Mike Thomson,Mike,,Thomson,,,True,mo,lower,1,Republican,d2c18fbdb3464b91b254bc19465debd9,http://www.house.mo.gov/MemberPhoto.aspx?id=48,2012-03-07 01:44:48.726000,2013-03-01 02:12:29.123000
MOL000184,Rochelle Walton Gray,Rochelle,,Walton Gray,,,True,mo,lower,75,Democratic,d861c05dae5742b5b522c52413ac23cf,http://www.house.mo.gov/MemberPhoto.aspx?id=370,2012-03-07 01:44:48.798000,2013-03-01 02:12:30.410000
MOL000193,Anne Zerr,Anne,,Zerr,,,True,mo,lower,65,Republican,ad1106afa7ba4972bca27170ab172eb2,http://www.house.mo.gov/MemberPhoto.aspx?id=390,2012-03-07 01:44:48.902000,2013-03-01 02:12:30.198000
MOL000035,Sue Allen,Sue,,Allen,,,True,mo,lower,100,Republican,709f9731b2544e1b99047eb469a3a125,http://www.house.mo.gov/MemberPhoto.aspx?id=357,2012-03-07 01:44:45.685000,2013-03-01 02:12:30.017000
MOL000086,Casey Guernsey,Casey,,Guernsey,,,True,mo,lower,2,Republican,c99800931faf4c98a2c6daa36be46b33,http://www.house.mo.gov/MemberPhoto.aspx?id=47,2012-03-07 01:44:46.724000,2013-03-01 02:12:29.887000
MOL000050,Eric Burlison,Eric,,Burlison,,,True,mo,lower,133,Republican,76cc5bd3b3f54bd8af678fb00fac418e,http://www.house.mo.gov/MemberPhoto.aspx?id=360,2012-03-07 01:44:45.941000,2013-03-01 02:12:30.007000
MOL000150,Craig Redmon,Craig,,Redmon,,,True,mo,lower,4,Republican,43650a41c22942ce91dd9a63ddcca9c8,http://www.house.mo.gov/MemberPhoto.aspx?id=452,2012-03-07 01:44:48.143000,2013-03-01 02:12:28.476000
MOL000085,Jeff Grisamore,Jeff,,Grisamore,,,True,mo,lower,34,Republican,a418314aad234224bb6b4f6c581ff6dc,http://www.house.mo.gov/MemberPhoto.aspx?id=341,2012-03-07 01:44:46.699000,2013-03-01 02:12:28.956000
MOL000140,Stacey Newman,Stacey,,Newman,,,True,mo,lower,87,Democratic,062aed8f87f54e498e94a355cd4b9766,http://www.house.mo.gov/MemberPhoto.aspx?id=417,2012-03-07 01:44:47.934000,2013-03-01 02:12:30.276000
MOL000046,Rick Brattin,Rick,,Brattin,,,True,mo,lower,55,Republican,1f81c635ca4e401b8abc72245790b176,http://www.house.mo.gov/MemberPhoto.aspx?id=474,2012-03-07 01:44:45.798000,2013-03-01 02:12:30.062000
MOL000070,Rory Ellinger,Rory,,Ellinger,,,True,mo,lower,86,Democratic,4aff373c35d24ce3901b4a0f80d0fc85,http://www.house.mo.gov/MemberPhoto.aspx?id=567,2012-03-07 01:44:46.279000,2013-03-01 02:12:30.440000
MOL000044,Linda Black,Linda,,Black,,,True,mo,lower,117,Democratic,,http://www.house.mo.gov/MemberPhoto.aspx?id=368,2012-03-07 01:44:45.768000,2013-03-01 02:12:30.143000
MOL000118,Jeanie Lauer,Jeanie,,Lauer,,,True,mo,lower,32,Republican,652494033044475db4191e3a64dd7c60,http://www.house.mo.gov/MemberPhoto.aspx?id=462,2012-03-07 01:44:47.463000,2013-03-01 02:12:30.080000
MOL000124,Nick Marshall,Nick,,Marshall,,,True,mo,lower,13,Republican,f3479ebec5a14007a8fed1ac3eb1343c,http://www.house.mo.gov/MemberPhoto.aspx?id=493,2012-03-07 01:44:47.557000,2013-03-01 02:12:30.264000
MOL000089,Ben Harris,Ben,,Harris,,,True,mo,lower,118,Democratic,655f0b92df6b4a52b0dd2230d9f27585,http://www.house.mo.gov/MemberPhoto.aspx?id=444,2012-03-07 01:44:46.790000,2013-03-01 02:12:30.070000
MOL000112,Michele Kratky,Michele,,Kratky,,,True,mo,lower,82,Democratic,36ef4d4a2bc54d6398c171f1a85c790f,http://www.house.mo.gov/MemberPhoto.aspx?id=350,2012-03-07 01:44:47.261000,2013-03-01 02:12:30.170000
MOL000167,Lindell Shumake,Lindell,,Shumake,,,True,mo,lower,5,Republican,688e204e38304ee89e3c172f8645fc54,http://www.house.mo.gov/MemberPhoto.aspx?id=490,2012-03-07 01:44:48.461000,2013-03-01 02:12:30.407000
MOL000110,Andrew Koenig,Andrew,,Koenig,,,True,mo,lower,99,Republican,71fa22d40baf4c3398e4a871a6cce48e,http://www.house.mo.gov/MemberPhoto.aspx?id=375,2012-03-07 01:44:47.224000,2013-03-01 02:12:30.415000
MOL000042,Mike Bernskoetter,Mike,,Bernskoetter,,,True,mo,lower,59,Republican,502f52ad27914575b60e90f98af1bccb,http://www.house.mo.gov/MemberPhoto.aspx?id=472,2012-03-07 01:44:45.752000,2013-03-01 02:12:30.300000
MOL000321,Bill Otto,Bill,,Otto,,,True,mo,lower,70,Democratic,3e91ba18782a4fb0953ce60387b12130,http://www.house.mo.gov/MemberPhoto.aspx?id=675,2013-01-07 16:28:42.799000,2013-03-01 02:12:30.403000
MOL000105,Shelley Keeney,Shelley,,Keeney,,,True,mo,lower,145,Republican,ca928d8e7eb04ac5a11975f003e7a688,http://www.house.mo.gov/MemberPhoto.aspx?id=158,2012-03-07 01:44:47.096000,2013-03-01 02:12:29.808000
MOL000069,Tony Dugger,Tony,,Dugger,,,True,mo,lower,141,Republican,5514c03753674eefa86fcb2770902ac5,http://www.house.mo.gov/MemberPhoto.aspx?id=366,2012-03-07 01:44:46.241000,2013-03-01 02:12:30.312000
MOL000068,John Diehl,John,,Diehl,,,True,mo,lower,89,Republican,163ff9209f52467894e9e098137a6550,http://www.house.mo.gov/MemberPhoto.aspx?id=365,2012-03-07 01:44:46.222000,2013-03-01 02:12:29.589000
MOL000071,Kevin Elmer,Kevin,,Elmer,,,True,mo,lower,139,Republican,e090ba33d48b4647bb33517a2778ff1c,http://www.house.mo.gov/MemberPhoto.aspx?id=480,2012-03-07 01:44:46.290000,2013-03-01 02:12:30.478000
MOL000076,Tom Flanigan,Tom,,Flanigan,,,True,mo,lower,163,Republican,472df08333f349ee839493cdf6a2f6b6,http://www.house.mo.gov/MemberPhoto.aspx?id=369,2012-03-07 01:44:46.391000,2013-03-01 02:12:29.201000
MOL000159,Dwight Scharnhorst,Dwight,,Scharnhorst,,,True,mo,lower,98,Republican,0add409fc5114c1f8e3da0f714175455,http://www.house.mo.gov/MemberPhoto.aspx?id=137,2012-03-07 01:44:48.252000,2013-03-01 02:12:29.911000
MOL000182,Noel Torpey,Noel,,Torpey,,,True,mo,lower,29,Republican,976d2e3258a64678ac859148f25fdb3a,http://www.house.mo.gov/MemberPhoto.aspx?id=494,2012-03-07 01:44:48.766000,2013-03-01 02:12:30.042000
MOL000213,Sonya Anderson,Sonya,,Anderson,,,True,mo,lower,131,Republican,16353627018c40029d426901d14ec3ef,http://www.house.mo.gov/MemberPhoto.aspx?id=691,2013-01-07 16:28:41.919000,2013-03-01 02:12:29.789000
MOL000131,Kevin McManus,Kevin,,McManus,,,True,mo,lower,36,Democratic,d5e7426ac9f94d7e8d95be99295541d5,http://www.house.mo.gov/MemberPhoto.aspx?id=485,2012-03-07 01:44:47.683000,2013-03-01 02:12:30.516000
MOL000152,Todd Richardson,Todd,,Richardson,,,True,mo,lower,152,Republican,334de6b682714543b7aeff7725fc65b2,http://www.house.mo.gov/MemberPhoto.aspx?id=514,2012-03-07 01:44:48.166000,2013-03-01 02:12:30.342000
MOL000080,Keith Frederick,Keith,,Frederick,,,True,mo,lower,121,Republican,f851b58ebba04a4a84df31b8b7526975,http://www.house.mo.gov/MemberPhoto.aspx?id=511,2012-03-07 01:44:46.431000,2013-03-01 02:12:29.804000
MOL000092,Steve Hodges,Steve,,Hodges,,,True,mo,lower,149,Democratic,95d2aa8fb4024a87bf0031548b5ebc73,http://www.house.mo.gov/MemberPhoto.aspx?id=275,2012-03-07 01:44:46.825000,2013-03-01 02:12:29.948000
MOL000043,T.J. Berry,T.J.,,Berry,,,True,mo,lower,38,Republican,,http://www.house.mo.gov/MemberPhoto.aspx?id=473,2012-03-07 01:44:45.760000,2013-03-01 02:12:30.134000
MOL000366,David Wood,David,,Wood,,,True,mo,lower,58,Republican,c8d5e8736fd4422296a666b1e51f2ee7,http://www.house.mo.gov/MemberPhoto.aspx?id=668,2013-01-07 16:28:43.221000,2013-03-01 02:12:30.196000
MOL000263,Elijah Haahr,Elijah,,Haahr,,,True,mo,lower,134,Republican,14e2d68813da435e9cfb38af513d3814,http://www.house.mo.gov/MemberPhoto.aspx?id=673,2013-01-07 16:28:42.310000,2013-03-01 02:12:30.508000
MOL000075,Paul Fitzwater,Paul,,Fitzwater,,,True,mo,lower,144,Republican,1a978bc5a74d44a5b9726dbbf6d47cfe,http://www.house.mo.gov/MemberPhoto.aspx?id=512,2012-03-07 01:44:46.373000,2013-03-01 02:12:29.969000
MOL000097,Penny Hubbard,Penny,,Hubbard,,,True,mo,lower,78,Democratic,2999b0fcf7764bb2a7ef5e613eff3c78,http://www.house.mo.gov/MemberPhoto.aspx?id=496,2012-03-07 01:44:46.983000,2013-03-01 02:12:30.260000
MOL000307,Jeffrey Messenger,Jeffrey,,Messenger,,,True,mo,lower,130,Republican,,http://www.house.mo.gov/MemberPhoto.aspx?id=678,2013-01-07 16:28:42.684000,2013-03-01 02:12:30.455000
MOL000214,Kevin Austin,Kevin,,Austin,,,True,mo,lower,136,Republican,e84a318468e54f56855fd474ae907192,http://www.house.mo.gov/MemberPhoto.aspx?id=669,2013-01-07 16:28:41.926000,2013-03-01 02:12:30.483000
MOL000090,Galen Higdon,Galen,,Higdon,,,True,mo,lower,11,Republican,5bc0c5dec59d49f689f4aede2558f1b2,http://www.house.mo.gov/MemberPhoto.aspx?id=458,2012-03-07 01:44:46.807000,2013-03-01 02:12:30.417000
MOL000154,John Rizzo,John,,Rizzo,,,True,mo,lower,19,Democratic,,http://www.house.mo.gov/MemberPhoto.aspx?id=464,2012-03-07 01:44:48.188000,2013-03-01 02:12:29.906000
MOL000172,Sheila Solon,Sheila,,Solon,,,True,mo,lower,31,Republican,ab3462470bb64c678d805144c0cf3d52,http://www.house.mo.gov/MemberPhoto.aspx?id=495,2012-03-07 01:44:48.567000,2013-03-01 02:12:30.377000
MOL000176,Jay Swearingen,Jay,,Swearingen,,,True,mo,lower,18,Democratic,6bfd05601a7b4624a0b23c89454e7558,http://www.house.mo.gov/MemberPhoto.aspx?id=492,2012-03-07 01:44:48.668000,2013-03-01 02:12:29.830000
MOL000185,Steve Webb,Steve,,Webb,,,True,mo,lower,67,Democratic,c566fe0dd30d4a8e9b0a8bfdf123c312,http://www.house.mo.gov/MemberPhoto.aspx?id=388,2012-03-07 01:44:48.807000,2013-03-01 02:12:30.369000
MOL000120,Mike Leara,Mike,,Leara,,,True,mo,lower,96,Republican,d34793581142481aa882e48fc69507dd,http://www.house.mo.gov/MemberPhoto.aspx?id=377,2012-03-07 01:44:47.506000,2013-03-01 02:12:29.904000
MOL000189,Bill White,Bill,,White,,,True,mo,lower,161,Republican,09765a49382e475f9b466f782fb8c35d,http://www.house.mo.gov/MemberPhoto.aspx?id=447,2012-03-07 01:44:48.855000,2013-03-01 02:12:30.525000
MOL000111,Bart Korman,Bart,,Korman,,,True,mo,lower,42,Republican,3d20ee4d4463463587c6d9860c30a3ff,http://www.house.mo.gov/MemberPhoto.aspx?id=468,2012-03-07 01:44:47.236000,2013-03-01 02:12:30.494000
MOL000155,Lyle Rowland,Lyle,,Rowland,,,True,mo,lower,155,Republican,8bc0594ec0164c809973265f333ff0e5,http://www.house.mo.gov/MemberPhoto.aspx?id=488,2012-03-07 01:44:48.199000,2013-03-01 02:12:30.190000
MOL000251,Dennis Fowler,Dennis,,Fowler,,,True,mo,lower,151,Republican,a01802411b704c9b9899b8ab9af45409,http://www.house.mo.gov/MemberPhoto.aspx?id=656,2013-01-07 16:28:42.217000,2013-03-01 02:12:30.165000
MOL000281,Jeffery Justus,Jeffery,,Justus,,,True,mo,lower,156,Republican,268391fc8e374d6d856fba78a1824c1c,http://www.house.mo.gov/MemberPhoto.aspx?id=651,2013-01-07 16:28:42.458000,2013-03-01 02:12:30.168000
MOL000059,Steve Cookson,Steve,,Cookson,,,True,mo,lower,153,Republican,125c43fb18ef4ec28416405c652a37f6,http://www.house.mo.gov/MemberPhoto.aspx?id=513,2012-03-07 01:44:46.078000,2013-03-01 02:12:30.161000
MOL000141,Mary Nichols,Mary,,Nichols,,,True,mo,lower,72,Democratic,4372853334a2432abf15a8b69d74afbd,http://www.house.mo.gov/MemberPhoto.aspx?id=467,2012-03-07 01:44:47.961000,2013-03-01 02:12:30.180000
MOL000303,TJ McKenna,TJ,,McKenna,,,True,mo,lower,114,Democratic,,http://www.house.mo.gov/MemberPhoto.aspx?id=689,2013-01-07 16:28:42.650000,2013-03-01 02:12:30.397000
MOL000160,Dave Schatz,Dave,,Schatz,,,True,mo,lower,61,Republican,ef89cac5bc1448bf8268400b2e40348b,http://www.house.mo.gov/MemberPhoto.aspx?id=454,2012-03-07 01:44:48.270000,2013-03-01 02:12:30.292000
MOL000062,Gary L. Cross,Gary L.,,Cross,,,True,mo,lower,35,Republican,,http://www.house.mo.gov/MemberPhoto.aspx?id=479,2012-03-07 01:44:46.108000,2013-03-01 02:12:30.044000
MOL000268,Ron Hicks,Ron,,Hicks,,,True,mo,lower,107,Republican,3b0e3dc8d1fa4ecaa60ae7c5153ee94b,http://www.house.mo.gov/MemberPhoto.aspx?id=690,2013-01-07 16:28:42.349000,2013-03-01 02:12:30.322000
MOL000133,Margo McNeil,Margo,,McNeil,,,True,mo,lower,69,Democratic,c0e79e0bbf964a5fb207d9cd98f38b7c,http://www.house.mo.gov/MemberPhoto.aspx?id=380,2012-03-07 01:44:47.773000,2013-03-01 02:12:30.453000
MOL000064,Charlie Davis,Charlie,,Davis,,,True,mo,lower,162,Republican,6077252a223c4e3fb7d1122ff089fe8d,http://www.house.mo.gov/MemberPhoto.aspx?id=449,2012-03-07 01:44:46.172000,2013-03-01 02:12:30.374000
MOL000257,Elaine Gannon,Elaine,,Gannon,,,True,mo,lower,115,Republican,fe62b4d3453348f29a45de19e442928d,http://www.house.mo.gov/MemberPhoto.aspx?id=688,2013-01-07 16:28:42.263000,2013-03-01 02:12:30.449000
MOL000088,Kent Hampton,Kent,,Hampton,,,True,mo,lower,150,Republican,cbc54c59fcfb436a979b2f3fd5f35382,http://www.house.mo.gov/MemberPhoto.aspx?id=517,2012-03-07 01:44:46.761000,2013-03-01 02:12:30.510000
MOL000106,Mike Kelley,Mike,,Kelley,,,True,mo,lower,127,Republican,018f254df6fc453890d60f3871ef1495,http://www.house.mo.gov/MemberPhoto.aspx?id=507,2012-03-07 01:44:47.137000,2013-03-01 02:12:30.512000
MOL000125,Karla May,Karla,,May,,,True,mo,lower,84,Democratic,76253b31398d414c933bc01a52b1eaa6,http://www.house.mo.gov/MemberPhoto.aspx?id=484,2012-03-07 01:44:47.584000,2013-03-01 02:12:30.514000
MOL000186,Stephen Webber,Stephen,,Webber,,,True,mo,lower,46,Democratic,da775515fee44ea3b5ce1afe5be1f091,http://www.house.mo.gov/MemberPhoto.aspx?id=389,2012-03-07 01:44:48.817000,2013-03-01 02:12:30.522000
MOL000367,John Wright,John,,Wright,,,True,mo,lower,47,Democratic,a727c174b77f46fba36a08752548b8a6,http://www.house.mo.gov/MemberPhoto.aspx?id=662,2013-01-07 16:28:43.230000,2013-03-01 02:12:29.298000
MOL000298,John Mayfield,John,,Mayfield,,,True,mo,lower,20,Democratic,64dab24ba8a74290ba4cedcca7877470,http://www.house.mo.gov/MemberPhoto.aspx?id=650,2013-01-07 16:28:42.610000,2013-03-01 02:12:30.084000
MOL000147,Tommie Pierson,Tommie,,Pierson,,,True,mo,lower,66,Democratic,e81a5a4e46074233965690691a8b1f9c,http://www.house.mo.gov/MemberPhoto.aspx?id=497,2012-03-07 01:44:48.115000,2013-03-01 02:12:30.459000
MOL000063,Paul Curtman,Paul,,Curtman,,,True,mo,lower,109,Republican,c25b4a84402141ed808dc416ff6f68c3,http://www.house.mo.gov/MemberPhoto.aspx?id=503,2012-03-07 01:44:46.148000,2013-03-01 02:12:30.429000
MOL000049,Wanda Brown,Wanda,,Brown,,,True,mo,lower,57,Republican,c6b805d3f2614b04b55def564a7ee555,http://www.house.mo.gov/MemberPhoto.aspx?id=505,2012-03-07 01:44:45.912000,2013-03-01 02:12:29.791000
MOL000230,Robert Cornejo,Robert,,Cornejo,,,True,mo,lower,64,Republican,8c65b095cf7141ab94c2e30fb1081e71,http://www.house.mo.gov/MemberPhoto.aspx?id=672,2013-01-07 16:28:42.053000,2013-03-01 02:12:29.795000
MOL000333,Shawn Rhoads,Shawn,,Rhoads,,,True,mo,lower,154,Republican,3cce18ad29504a9690490bbb52524807,http://www.house.mo.gov/MemberPhoto.aspx?id=654,2013-01-07 16:28:42.903000,2013-03-01 02:12:29.998000
MOL000294,Warren Love,Warren,,Love,,,True,mo,lower,125,Republican,2056b6339b574f8aa760acd04c072f8f,http://www.house.mo.gov/MemberPhoto.aspx?id=682,2013-01-07 16:28:42.578000,2013-03-01 02:12:30.172000
MOL000315,Dave Muntzel,Dave,,Muntzel,,,True,mo,lower,48,Republican,38685240bb16451a8d983ef2eb244788,http://www.house.mo.gov/MemberPhoto.aspx?id=664,2013-01-07 16:28:42.749000,2013-03-01 02:12:29.994000
MOL000128,Tom McDonald,Tom,,McDonald,,,True,mo,lower,28,Democratic,5865c4c9f5ab4517bf46bc5f36784bcf,http://www.house.mo.gov/MemberPhoto.aspx?id=379,2012-03-07 01:44:47.639000,2013-03-01 02:12:30.229000
MOL000338,Robert Ross,Robert,,Ross,,,True,mo,lower,142,Republican,833a8c754c284e5594bf9c4c8a3a9093,http://www.house.mo.gov/MemberPhoto.aspx?id=694,2013-01-07 16:28:42.946000,2013-03-01 02:12:30.188000
MOL000277,Tom Hurst,Tom,,Hurst,,,True,mo,lower,62,Republican,de82d6accbcd46959cc9d829785e6b27,http://www.house.mo.gov/MemberPhoto.aspx?id=670,2013-01-07 16:28:42.419000,2013-03-01 02:12:29.703000
MOL000258,Kimberly Gardner,Kimberly,,Gardner,,,True,mo,lower,77,Democratic,270aaa62038a47c38ed7ae0a3dfbe3f0,http://www.house.mo.gov/MemberPhoto.aspx?id=680,2013-01-07 16:28:42.271000,2013-03-01 02:12:30.024000
MOL000194,Brandon Ellington,Brandon,,Ellington,,,True,mo,lower,22,Democratic,0a9c03dbaf31499d89a8efe5c677003b,http://www.house.mo.gov/MemberPhoto.aspx?id=609,2012-03-08 01:49:19.814000,2013-03-01 02:12:30.274000
MOL000365,Kenneth Wilson,Kenneth,,Wilson,,,True,mo,lower,12,Republican,,http://www.house.mo.gov/MemberPhoto.aspx?id=646,2013-01-07 16:28:43.212000,2013-03-01 02:12:29.774000
MOL000320,Charlie Norr,Charlie,,Norr,,,True,mo,lower,132,Democratic,33c7d5286d444f79815104a4e56f2ac9,http://www.house.mo.gov/MemberPhoto.aspx?id=77,2013-01-07 16:28:42.791000,2013-03-01 02:12:30.332000
MOL000145,Mark Parkinson,Mark,,Parkinson,,,True,mo,lower,105,Republican,de1e1d989c964f0c8f4105efc6acb90b,http://www.house.mo.gov/MemberPhoto.aspx?id=351,2012-03-07 01:44:48.096000,2013-03-01 02:12:29.220000
MOL000136,Genise Montecillo,Genise,,Montecillo,,,True,mo,lower,92,Democratic,85fbcd9db2194d259c9940cd5be8750f,http://www.house.mo.gov/MemberPhoto.aspx?id=568,2012-03-07 01:44:47.854000,2013-03-01 02:12:29.851000
MOL000113,Mike Lair,Mike,,Lair,,,True,mo,lower,7,Republican,0df7e5cb3aa242649b2804d74d2ba65c,http://www.house.mo.gov/MemberPhoto.aspx?id=51,2012-03-07 01:44:47.281000,2013-03-01 02:12:29.889000
MOL000197,Chrissy Sommer,Chrissy,,Sommer,,,True,mo,lower,106,Republican,b5eb760e2d0f4928b14828dc2e065efc,http://www.house.mo.gov/MemberPhoto.aspx?id=628,2012-03-08 01:49:19.872000,2013-03-01 02:12:30.096000
MOL000036,Ira Anders,Ira,,Anders,,,True,mo,lower,21,Democratic,8ac010f066f342f1b799e14014a9a46c,http://www.house.mo.gov/MemberPhoto.aspx?id=470,2012-03-07 01:44:45.701000,2013-03-01 02:12:30.294000
MOL000162,Ed Schieffer,Ed,,Schieffer,,,True,mo,lower,41,Democratic,48e424d728b045fab0649535ca3caa01,http://www.house.mo.gov/MemberPhoto.aspx?id=55,2012-03-07 01:44:48.299000,2013-03-01 02:12:30.251000
MOL000245,Keith English,Keith,,English,,,True,mo,lower,68,Democratic,9ba6a3ef73ff4037991230287197e87c,http://www.house.mo.gov/MemberPhoto.aspx?id=674,2013-01-07 16:28:42.169000,2013-03-01 02:12:30.314000
MOL000056,Mike Colona,Mike,,Colona,,,True,mo,lower,80,Democratic,,http://www.house.mo.gov/MemberPhoto.aspx?id=363,2012-03-07 01:44:46.049000,2013-03-01 02:12:29.494000
MOL000095,Lincoln Hough,Lincoln,,Hough,,,True,mo,lower,135,Republican,f21095dd0a3e42fabb6e47d45a3da175,http://www.house.mo.gov/MemberPhoto.aspx?id=510,2012-03-07 01:44:46.860000,2013-03-01 02:12:30.480000
MOL000057,Kathie Conway,Kathie,,Conway,,,True,mo,lower,104,Republican,77e262a2c3de495cb761baa48b9211dd,http://www.house.mo.gov/MemberPhoto.aspx?id=477,2012-03-07 01:44:46.058000,2013-03-01 02:12:29.976000
MOL000171,Jason Smith,Jason,,Smith,,,True,mo,lower,120,Republican,5106c6e075de47c69d6ccd2a2eb9737c,http://www.house.mo.gov/MemberPhoto.aspx?id=235,2012-03-07 01:44:48.555000,2013-03-01 02:12:29.605000
MOL000175,Rick Stream,Rick,,Stream,,,True,mo,lower,90,Republican,c7d7cb9ef1f743d8b6a972e259d1d68b,http://www.house.mo.gov/MemberPhoto.aspx?id=197,2012-03-07 01:44:48.641000,2013-03-01 02:12:29.608000
MOL000087,Marsha Haefner,Marsha,,Haefner,,,True,mo,lower,95,Republican,f38070d29dee4759837e5549843faea3,http://www.house.mo.gov/MemberPhoto.aspx?id=501,2012-03-07 01:44:46.738000,2013-03-01 02:12:29.692000
MOL000009,Kevin Engler,Kevin,,Engler,,,True,mo,lower,116,Republican,37f49c058cb546de8e135caa148c390c,http://www.house.mo.gov/MemberPhoto.aspx?id=687,2012-03-07 01:44:45.389000,2013-03-01 02:12:30.485000
MOL000107,Chris Kelly,Chris,,Kelly,,,True,mo,lower,45,Democratic,40c82093160c43c0ba1e62d94270fff4,http://www.house.mo.gov/MemberPhoto.aspx?id=75,2012-03-07 01:44:47.147000,2013-03-01 02:12:29.710000
MOL000108,Jeanne Kirkton,Jeanne,,Kirkton,,,True,mo,lower,91,Democratic,8d3f2cae234b4a22bcf139d2d9f82fbb,http://www.house.mo.gov/MemberPhoto.aspx?id=356,2012-03-07 01:44:47.201000,2013-03-01 02:12:30.028000
MOL000094,Denny Hoskins,Denny,,Hoskins,,,True,mo,lower,54,Republican,459b4756a1c346cbadd6c76a2fba03ff,http://www.house.mo.gov/MemberPhoto.aspx?id=371,2012-03-07 01:44:46.851000,2013-03-01 02:12:30.491000
MOL000055,Mike Cierpiot,Mike,,Cierpiot,,,True,mo,lower,30,Republican,9a64fece7e5e4ed1b3761c19fd22905f,http://www.house.mo.gov/MemberPhoto.aspx?id=476,2012-03-07 01:44:46.040000,2013-03-01 02:12:30.302000
MOL000091,Dave Hinson,Dave,,Hinson,,,True,mo,lower,119,Republican,3cf7c17009aa45359e62a395f71ebb13,http://www.house.mo.gov/MemberPhoto.aspx?id=500,2012-03-07 01:44:46.816000,2013-03-01 02:12:30.489000
MOL000077,Lyndall Fraker,Lyndall,,Fraker,,,True,mo,lower,137,Republican,6cdef216e8b84c35bededff494cc1119,http://www.house.mo.gov/MemberPhoto.aspx?id=482,2012-03-07 01:44:46.401000,2013-03-01 02:12:30.504000
MOL000013,Joseph Keaveny,Joseph,,Keaveny,,,True,mo,upper,4,Democratic,,http://www.senate.mo.gov/13info/graphics/d04-photo.gif,2012-03-07 01:44:45.429000,2013-03-01 02:12:29.364000
MOL000001,Dan Brown,Dan,,Brown,,,True,mo,upper,16,Republican,f81a10b2ac4b4e4b8c24b46369191132,http://www.senate.mo.gov/13info/graphics/d16-photo.gif,2012-03-07 01:44:45.273000,2013-03-01 02:12:29.320000
MOL000003,Maria Chappelle-Nadal,Maria,,Chappelle-Nadal,,,True,mo,upper,14,Democratic,16ebb7b1879541ef88df16a0eac36748,http://www.senate.mo.gov/13info/graphics/d14b-photo.gif,2012-03-07 01:44:45.288000,2013-03-01 02:12:29.388000
MOL000006,S. Kiki Curls,S. Kiki,,Curls,,,True,mo,upper,9,Democratic,661d879400204ea9809f2de0c325ebb8,http://www.senate.mo.gov/13info/graphics/d09-photo.gif,2012-03-07 01:44:45.362000,2013-03-01 02:12:29.392000
MOL000007,Tom Dempsey,Tom,,Dempsey,,,True,mo,upper,23,Republican,78fbbc66b56249eda9c026703a25cdea,http://www.senate.mo.gov/13info/graphics/d23-photo.gif,2012-03-07 01:44:45.370000,2013-03-01 02:12:29.300000
MOL000008,Bob Dixon,Bob,,Dixon,,,True,mo,upper,30,Republican,b4ce46f293bf44b3ad5e621cb08938c6,http://www.senate.mo.gov/13info/graphics/d30-photo.gif,2012-03-07 01:44:45.377000,2013-03-01 02:12:29.048000
MOL000012,Jolie Justus,Jolie,,Justus,,,True,mo,upper,10,Democratic,dd41a99e87bd420fb5b04924b0727b85,http://www.senate.mo.gov/13info/graphics/d10-photo.gif,2012-03-07 01:44:45.420000,2013-03-01 02:12:29.329000
MOL000014,Mike Kehoe,Mike,,Kehoe,,,True,mo,upper,6,Republican,12694483e01e452f85fe019348b4e30f,http://www.senate.mo.gov/13info/graphics/D06-Photo.gif,2012-03-07 01:44:45.437000,2013-03-01 02:12:29.434000
MOL000015,Will Kraus,Will,,Kraus,,,True,mo,upper,8,Republican,f0a536306709483fa6cad496b382eaba,http://www.senate.mo.gov/13info/graphics/D08-photo.gif,2012-03-07 01:44:45.445000,2013-03-01 02:12:29.395000
MOL000016,Brad Lager,Brad,,Lager,,,True,mo,upper,12,Republican,cab8b80e29114d698e5c7e9ebceaa83a,http://www.senate.mo.gov/13info/graphics/d12-photo.gif,2012-03-07 01:44:45.452000,2013-03-01 02:12:29.397000
MOL000017,John T. Lamping,John T.,,Lamping,,,True,mo,upper,24,Republican,b6200fc5f5594a45b642aa6793745459,http://www.senate.mo.gov/13info/graphics/D24-photo.gif,2012-03-07 01:44:45.464000,2013-03-01 02:12:29.436000
MOL000020,Ryan McKenna,Ryan,,McKenna,,,True,mo,upper,22,Democratic,ecb2f14e5b6b458687e4a0e8dd6fd3cf,http://www.senate.mo.gov/13info/graphics/d22-photo.gif,2012-03-07 01:44:45.500000,2013-03-01 02:12:29.439000
MOL000022,Brian Nieves,Brian,,Nieves,,,True,mo,upper,26,Republican,9d8fd4c2fc0b4dba92409343b4fd05c3,http://www.senate.mo.gov/13info/graphics/d26-photo.gif,2012-03-07 01:44:45.524000,2013-03-01 02:12:29.130000
MOL000023,Mike Parson,Mike,,Parson,,,True,mo,upper,28,Republican,c126085f81cd40b5a8a130a7fd1583fc,http://www.senate.mo.gov/13info/graphics/d28-photo.gif,2012-03-07 01:44:45.537000,2013-03-01 02:12:29.248000
MOL000026,Ron Richard,Ron,,Richard,,,True,mo,upper,32,Republican,29d30fd405d94ad9a55c65331ef7f601,http://www.senate.mo.gov/13info/graphics/d32-photo.gif,2012-03-07 01:44:45.561000,2013-03-01 02:12:29.649000
MOL000028,Scott Rupp,Scott,,Rupp,,,True,mo,upper,2,Republican,fff04432d5d64f67ac9a7aca4f89652e,http://www.senate.mo.gov/13info/graphics/d02-photo.gif,2012-03-07 01:44:45.577000,2013-03-01 02:12:29.370000
MOL000029,Rob Schaaf,Rob,,Schaaf,,,True,mo,upper,34,Republican,dcf167837f4e43f4a8130679547e6abd,http://www.senate.mo.gov/13info/graphics/d34-photo.gif,2012-03-07 01:44:45.585000,2013-03-01 02:12:29.065000
MOL000030,Kurt Schaefer,Kurt,,Schaefer,,,True,mo,upper,19,Republican,cb5326d429f74aeaa6d8edb85324503b,http://www.senate.mo.gov/13info/graphics/d19-photo.gif,2012-03-07 01:44:45.633000,2013-03-01 02:12:29.333000
MOL000033,Jay Wasson,Jay,,Wasson,,,True,mo,upper,20,Republican,4d3d05dfcad3486d9d175e84f6cc024f,http://www.senate.mo.gov/13info/graphics/d20-photo.gif,2012-03-07 01:44:45.668000,2013-03-01 02:12:29.652000
MOL000168,Scott Sifton,Scott,,Sifton,,,True,mo,upper,1,Democratic,2cd2822ed2c44ca186fa2f5d07140afa,http://www.senate.mo.gov/13info/graphics/d01-photo.gif,2012-03-07 01:44:48.484000,2013-03-01 02:12:27.521000
MOL000202,Doug Libla,Doug,,Libla,,,True,mo,upper,25,Republican,35da3268110e4769b9b06b2e7cd6cd95,http://www.senate.mo.gov/13info/graphics/d25-photo.gif,2013-01-07 16:28:41.748000,2013-03-01 02:12:27.340000
MOL000198,Mike Cunningham,Mike,,Cunningham,,,True,mo,upper,33,Republican,d3e9e01f50ff41e0919d478db0ad5dd5,http://www.senate.mo.gov/13info/graphics/d33-photo.gif,2013-01-07 16:28:41.592000,2013-03-01 02:12:27.408000
MOL000169,Ryan Silvey,Ryan,,Silvey,,,True,mo,upper,17,Republican,eb4d34bca96344ce83a09cbdbbe77afe,http://www.senate.mo.gov/13info/graphics/d17-photo.gif,2012-03-07 01:44:48.514000,2013-03-01 02:12:27.418000
MOL000210,Gina Walsh,Gina,,Walsh,,,True,mo,upper,13,Democratic,847d2385925b4f92a1f7cd93bc5201d9,http://www.senate.mo.gov/13info/graphics/d13-photo.gif,2013-01-07 16:28:41.882000,2013-03-01 02:12:29.018000
MOL000157,David Sater,David,,Sater,,,True,mo,upper,29,Republican,7db5cbdb73aa45d3b78ac1c924e05189,http://www.senate.mo.gov/13info/graphics/d29-photo.gif,2012-03-07 01:44:48.224000,2013-03-01 02:12:27.413000
MOL000031,Eric Schmitt,Eric,,Schmitt,,,True,mo,upper,15,Republican,a9fd3a44549a417a808ad63e5349735e,http://www.senate.mo.gov/13info/graphics/d15-photo.gif,2012-03-07 01:44:45.641000,2013-03-01 02:12:29.341000
MOL000205,Gary Romine,Gary,,Romine,,,True,mo,upper,3,Republican,edf90a283ed9470a98f6c170b7aefcc5,http://www.senate.mo.gov/13info/graphics/D03-photo.gif,2013-01-07 16:28:41.812000,2013-03-01 02:12:29.135000
MOL000138,Jamilah Nasheed,Jamilah,,Nasheed,,,True,mo,upper,5,Democratic,13248961af3e426b8887171b24ec64d9,http://www.senate.mo.gov/13info/graphics/D05-photo.gif,2012-03-07 01:44:47.914000,2013-03-01 02:12:29.128000
MOL000199,Ed Emery,Ed,,Emery,,,True,mo,upper,31,Republican,2e55294361fb4045b4274ff88390bd21,http://www.senate.mo.gov/13info/graphics/d31-photo.gif,2013-01-07 16:28:41.625000,2013-03-01 02:12:29.178000
MOL000201,Paul LeVota,Paul,,LeVota,,,True,mo,upper,11,Democratic,43b8ebd7d0244be58b6cfd3c145753aa,http://www.senate.mo.gov/13info/graphics/d11-photo.gif,2013-01-07 16:28:41.741000,2013-03-01 02:12:29.102000
MOL000183,Wayne Wallingford,Wayne,,Wallingford,,,True,mo,upper,27,Republican,778af4ee1b7b48ffb025cf0479a6288e,http://www.senate.mo.gov/13info/graphics/d27-photo.gif,2012-03-07 01:44:48.785000,2013-03-01 02:12:29.258000
MOL000021,Brian Munzlinger,Brian,,Munzlinger,,,True,mo,upper,18,Republican,e331fe5cae58456c9ea1976485c7f888,http://www.senate.mo.gov/13info/graphics/d18-photo.gif,2012-03-07 01:44:45.508000,2013-03-01 02:12:29.442000
MOL000093,Jason Holsman,Jason,,Holsman,,,True,mo,upper,7,Democratic,56d47057e5b54dcf8f18deebd0856710,http://www.senate.mo.gov/13info/graphics/d07-photo.gif,2012-03-07 01:44:46.837000,2013-03-01 02:12:29.431000
MOL000024,David Pearce,David,,Pearce,,,True,mo,upper,21,Republican,c71c485d8eef41949c39d3adfcc0b5de,http://www.senate.mo.gov/13info/graphics/D21-photo.gif,2012-03-07 01:44:45.545000,2013-03-01 02:12:29.308000
