NYL000084,Ron Canestrari,Ron,,Canestrari,,,False,ny,,,,296819e16e524e5eacdaab8555710ab9,http://assembly.state.ny.us/mem/hdgimages/106_hdrhs.png,2011-05-05 01:29:13.810000,2013-01-04 10:24:17.442000
NYL000189,Teresa Sayward,Teresa,,Sayward,,,False,ny,,,,256c961c73b0490282174215bfc7124d,http://assembly.state.ny.us/mem/pic/113.jpg,2011-05-05 01:29:14.165000,2013-01-04 10:24:17.449000
NYL000154,Grace Meng,Grace,,Meng,,,False,ny,,,,953a8e3af4014a669a5e05938171b148,http://assembly.state.ny.us/mem/pic/022.jpg,2011-05-05 01:29:14.035000,2013-02-22 13:19:28.017000
NYL000152,John McEneny,John,,McEneny,,,False,ny,,,,54513bed795f4be38cabcb0f221bf6cd,http://assembly.state.ny.us/mem/pic/104.jpg,2011-05-05 01:29:14.032000,2013-02-22 13:19:28.014000
NYL000156,Joel Miller,Joel,,Miller,,,False,ny,,,,abe0ecd06a034c01b5de1885dbe1938a,http://assembly.state.ny.us/mem/pic/102.jpg,2011-05-05 01:29:14.057000,2013-01-04 10:24:17.438000
NYL000117,Sean Hanna,Sean,,Hanna,,,False,ny,,,,7c9920f9f3be4506ba4a3f60e8ac23a0,http://assembly.state.ny.us/mem/pic/130.jpg,2011-05-05 01:29:13.964000,2013-01-04 10:24:17.467000
NYL000119,Jim Hayes,Jim,,Hayes,,,False,ny,,,,00ca7f0891684341a9bd13c215eed3b1,http://assembly.state.ny.us/mem/pic/148.jpg,2011-05-05 01:29:13.968000,2012-07-11 15:29:13.211000
NYL000133,Tom Kirwan,Tom,,Kirwan,,,False,ny,,,,f13034403f424c60a71463826eb3598f,,2011-05-05 01:29:14,2012-02-22 22:15:34.970000
NYL000224,David Storobin,David,,Storobin,,,False,ny,,,,dd2377a4bd974a809b53fd626653df5b,http://www.nysenate.gov/files/imagecache/senator_teaser/profile-pictures/Storobin_official-HS-2012.jpg,2012-06-06 01:16:45.455000,2013-01-04 10:24:17.515000
NYL000155,Donald Miller,Donald,,Miller,,,False,ny,,,,e2ed120d25ce4425a9c680faa61d55c9,http://assembly.state.ny.us/mem/pic/121.jpg,2011-05-05 01:29:14.056000,2013-01-04 10:24:17.458000
NYL000196,Kevin Smardz,Kevin,,Smardz,,,False,ny,,,,aefb3a1729574730a5378bb02bce2efc,http://assembly.state.ny.us/mem/pic/146.jpg,2011-05-05 01:29:14.188000,2013-01-04 10:24:17.477000
NYL000090,James Conte,James,,Conte,,,False,ny,,,,17f4725c8e814ea192bedba0f09fdf63,http://assembly.state.ny.us/mem/pic/010.jpg,2011-05-05 01:29:13.839000,2013-01-04 10:24:17.435000
NYL000163,Dean Murray,Dean,,Murray,,,False,ny,,,,8b95c4c5c3f04ec99e33ecced36ac644,http://assembly.state.ny.us/mem/pic/003.jpg,2011-05-05 01:29:14.069000,2013-01-04 10:24:17.492000
NYL000179,Bob Reilly,Bob,,Reilly,,,False,ny,,,,6588eb20f1f54e6db0f5d8ae81b1d786,http://assembly.state.ny.us/mem/pic/109.jpg,2011-05-05 01:29:14.144000,2013-01-04 10:24:17.445000
NYL000085,Robert Castelli,Robert,,Castelli,,,False,ny,,,,f3c97c81f54241529defe22d1dd1c78d,http://assembly.state.ny.us/mem/pic/089.jpg,2011-05-05 01:29:13.831000,2013-01-04 10:24:17.504000
NYL000079,Daniel Burling,Daniel,,Burling,,,False,ny,,,,c47b32aaaa364f1fa8012e120ebf24ad,http://assembly.state.ny.us/mem/pic/147.jpg,2011-05-05 01:29:13.801000,2013-01-04 10:24:17.478000
NYL000082,Nancy Calhoun,Nancy,,Calhoun,,,False,ny,,,,a9fe02b88d804d82948c83c2eacc53a6,http://assembly.state.ny.us/mem/pic/096.jpg,2011-05-05 01:29:13.806000,2013-01-04 10:24:17.511000
NYL000065,George Amedore,George,,Amedore,,,False,ny,,,,350121b54e394a1d9670f96998f2cc30,http://assembly.state.ny.us/mem/pic/105.jpg,2011-05-05 01:29:13.778000,2013-01-04 10:24:17.441000
NYL000127,Hakeem Jeffries,Hakeem,,Jeffries,,,False,ny,,,,e63f0de04dba427f988f7d3d930ee1ee,http://assembly.state.ny.us/mem/pic/057.jpg,2011-05-05 01:29:13.990000,2013-02-22 13:19:28.018000
NYL000205,Lou Tobacco,Lou,,Tobacco,,,False,ny,,,,b38bc0256d354512bfe6d35b291161e1,http://assembly.state.ny.us/mem/pic/062.jpg,2011-05-05 01:29:14.204000,2013-01-04 10:24:17.496000
NYL000135,Rory Lancman,Rory,,Lancman,,,False,ny,,,,f7eb636a71584f6782ad19c4b210c12e,http://assembly.state.ny.us/mem/pic/025.jpg,2011-05-05 01:29:14.003000,2013-02-22 13:19:28.015000
NYL000140,Guillermo Linares,Guillermo,,Linares,,,False,ny,,,,,http://assembly.state.ny.us/mem/pic/072.jpg,2011-05-05 01:29:14.012000,2013-02-22 13:19:28.019000
NYL000181,Naomi Rivera,Naomi,,Rivera,,,False,ny,,,,593b6a627afe460687dfb8ed5b43423a,http://assembly.state.ny.us/mem/pic/080.jpg,2011-05-05 01:29:14.147000,2013-02-22 13:19:28.020000
NYL000012,Thomas Duane,Thomas,,Duane,,,False,ny,,,,0bebb1c14650455b9735b8daefc057b7,http://www.nysenate.gov/files/imagecache/senator_teaser/profile-pictures/DuaneHeadshot07ColorBIO.jpg,2011-05-05 01:29:13.629000,2013-02-22 13:19:28.022000
NYL000182,Peter Rivera,Peter,,Rivera,,,False,ny,,,,fe3521ae99564b0f9e5b8837958b37dd,http://assembly.state.ny.us/mem/pic/076.jpg,2011-05-05 01:29:14.149000,2013-02-22 13:19:28.016000
NYL000029,Carl Kruger,Carl,,Kruger,,,False,ny,,,,c8aadda0b8244a96a5134d2a46ac2782,http://www.nysenate.gov/files/imagecache/senator_teaser/profile-pictures/HEADSHOT-CK%202009_0.JPG,2011-05-05 01:29:13.683000,2012-07-11 15:18:05.185000
NYL000071,Jonathan L T Bing,Jonathan,L T,Bing,,,False,ny,,,,3132f999032c4ed7908abef4200c8cc1,http://assembly.state.ny.us/mem/pic/073.jpg,2011-05-05 01:29:13.788000,2012-06-05 19:41:21.647000
NYL000099,RoAnn Destito,RoAnn,,Destito,,,False,ny,,,,88ff98ff97f04e3d8aeea2773d60ced1,,2011-05-05 01:29:13.880000,2012-02-22 22:19:52.679000
NYL000124,Sam Hoyt,Sam,,Hoyt,,,False,ny,,,,0fa9c60d6ef342209c62e801e1fe6353,http://assembly.state.ny.us/mem/pic/144.jpg,2011-05-05 01:29:13.985000,2012-07-11 15:27:13.022000
NYL000159,Marcus Molinaro,Marcus,,Molinaro,,,False,ny,,,,d03f5bf8a4c248a6a756ce7ca39260f3,http://assembly.state.ny.us/mem/pic/103.jpg,2011-05-05 01:29:14.062000,2012-02-22 22:17:09.069000
NYL000172,Audrey Pheffer,Audrey,,Pheffer,,,False,ny,,,,bfb9b44650e54281bf622e2b42389051,,2011-05-05 01:29:14.112000,2012-02-22 22:18:27.467000
NYL000193,Mark J F Schroeder,Mark,J F,Schroeder,,,False,ny,,,,5ccee6c949ad49aabf57de050917385c,http://assembly.state.ny.us/mem/pic/145.jpg,2011-05-05 01:29:14.182000,2012-02-22 22:17:42.046000
NYL000042,Suzi Oppenheimer,Suzi,,Oppenheimer,,,False,ny,,,,9f3c3b7256a5446f982ac82a160f0312,http://www.nysenate.gov/files/imagecache/senator_teaser/profile-pictures/BIOShotOppenheimer2007newheadshotcolor.jpg,2011-05-05 01:29:13.736000,2013-02-22 13:19:28.026000
NYL000024,Shirley L Huntley,Shirley,L,Huntley,,,False,ny,,,,eb4a6b67e20e4f17a61d57ae6bd8a54d,http://www.nysenate.gov/files/imagecache/senator_teaser/profile-pictures/%2803-03-09%29%20Huntley-HS-015_2.jpg,2011-05-05 01:29:13.664000,2013-02-22 13:19:28.027000
NYL000022,Kemp Hannon,Kemp,,Hannon,,,False,ny,,,,1348fb9a82244e4da3e2fbbc0c446884,http://www.nysenate.gov/files/imagecache/senator_teaser/profile-pictures/Kemp%20head%20shot%202.JPG,2011-05-05 01:29:13.660000,2013-02-22 13:19:28.024000
NYL000025,Owen H Johnson,Owen,H,Johnson,,,False,ny,,,,9bd717e0fc824e7ba0a6cf90b3b9d1b9,http://www.nysenate.gov/files/imagecache/senator_teaser/profile-pictures/SD4_Johnson.jpg,2011-05-05 01:29:13.666000,2013-02-22 13:19:28.030000
NYL000038,Roy J McDonald,Roy,J,McDonald,,,False,ny,,,,4ff011cc0e2d4e00a559298a5bf96b8b,http://www.nysenate.gov/files/imagecache/senator_teaser/profile-pictures/SD43_McDonald.jpg,2011-05-05 01:29:13.699000,2013-02-22 13:19:28.032000
NYL000050,Stephen M Saland,Stephen,M,Saland,,,False,ny,,,,38b8e5539930468a9683f012862a0193,http://www.nysenate.gov/files/imagecache/senator_teaser/profile-pictures/SD41_Saland.jpg,2011-05-05 01:29:13.751000,2013-02-22 13:19:28.033000
NYL000003,James S Alesi,James,S,Alesi,,,False,ny,,,,094b4fc80bb14bb29a458a51f44da72b,http://www.nysenate.gov/files/imagecache/senator_teaser/profile-pictures/%2803-25-11%29%20Alesi-HS-032.jpg,2011-05-05 01:29:13.490000,2013-02-22 13:19:28.021000
NYL000197,Mike Spano,Mike,,Spano,,,False,ny,lower,,,,http://assembly.state.ny.us/mem/pic/093.jpg,2011-05-05 01:29:14.189000,2013-01-16 11:01:26.947000
NYL000293,Steven Otis,Steven,,Otis,,,True,ny,lower,91,Democratic,8efba5b381d747d2acb06c130bd762e4,http://sphotos-a.xx.fbcdn.net/hphotos-ash3/179245_466650326682518_2061831315_n.jpg,2013-01-04 10:24:16.738000,2013-02-22 13:46:42.373000
NYL000206,Helene Weinstein,Helene,,Weinstein,,,True,ny,lower,41,Democratic,63e1e3dc622b4357b90fef94acfeb69b,http://ballotpedia.org/wiki/images/HeleneWeinstein.jpg,2011-05-05 01:29:14.206000,2013-02-22 13:46:42.037000
NYL000223,Didi Barrett,Didi,,Barrett,,,True,ny,lower,106,Democratic,8bd3750b5cb54315b63dc077050f9eb7,http://ballotpedia.org/wiki/images/Didi_Barrett.jpg,2012-04-19 01:02:16.004000,2013-02-22 13:46:41.922000
NYL000222,Michael Kearns,Michael,,Kearns,,,True,ny,lower,142,Democratic,c8ce5bf7fa374b82bfdae5386db47fe8,http://ballotpedia.org/wiki/images/Michael_Kearns.jpg,2012-03-30 01:00:37.409000,2013-02-22 13:46:41.624000
NYL000267,Mark Gjonaj,Mark,,Gjonaj,,,True,ny,lower,80,Democratic,5ecceafc04d54fdd817d7786a59c36e9,http://sphotos-a.xx.fbcdn.net/hphotos-ash4/333009_397036510351445_1112314167_o.jpg,2013-01-04 10:24:16.338000,2013-02-22 13:46:42.343000
NYL000313,Al Stirpe,Al,,Stirpe,,,True,ny,lower,127,Democratic,,http://votesmart.org/canphoto/66872.jpg,2013-01-04 10:24:17.028000,2013-02-22 13:46:41.858000
NYL000221,Frank Skartados,Frank,,Skartados,,,True,ny,lower,104,Democratic,fe615ceb52544f1da9e7762e09ce0990,http://votesmart.org/canphoto/110350.jpg,2012-03-29 00:59:30.546000,2013-02-22 13:46:41.907000
NYL000312,Phil Steck,Phil,,Steck,,,True,ny,lower,110,Democratic,,http://wldimages.findlaw.com/images/2531133/1947859_1.jpg,2013-01-04 10:24:17.012000,2013-02-22 13:46:41.911000
NYL000113,Andy Goodell,Andy,,Goodell,,,True,ny,lower,150,Republican,dd85f0be8da949aa92b9b14e07fc465c,http://ballotpedia.org/wiki/images/Andrew_Goodell.jpg,2011-05-05 01:29:13.939000,2013-02-22 13:46:41.796000
NYL000100,Jeffrey Dinowitz,Jeffrey,,Dinowitz,,,True,ny,lower,81,Democratic,c4469ec67eab4c64b4bb081137b73335,http://ballotpedia.org/wiki/images/Jeffrey_Dinowitz.jpg,2011-05-05 01:29:13.882000,2013-02-22 13:46:42.337000
NYL000125,Rhoda Jacobs,Rhoda,,Jacobs,,,True,ny,lower,42,Democratic,a855fea3625c4e9b971849eee743715e,http://ballotpedia.org/wiki/images/RhodaJacobs.jpg,2011-05-05 01:29:13.987000,2013-02-22 13:46:42.417000
NYL000169,Amy Paulin,Amy,,Paulin,,,True,ny,lower,88,Democratic,4af09bacae8745a69deab9539a630429,http://ballotpedia.org/wiki/images/Amy_Paulin.jpg,2011-05-05 01:29:14.107000,2013-02-22 13:46:42.375000
NYL000161,Joseph Morelle,Joseph,,Morelle,,,True,ny,lower,136,Democratic,909939274c42404b9aa45bd36ed3c73f,http://ballotpedia.org/wiki/images/Joseph_Morelle.jpg,2011-05-05 01:29:14.066000,2013-02-22 13:46:41.723000
NYL000215,Michael Simanowitz,Michael,,Simanowitz,,,True,ny,lower,27,Democratic,e6950be81a9d45eaa5dec4f8302707a7,http://ballotpedia.org/wiki/images/MichaelSimanowitz.jpg,2011-10-04 06:57:16.075000,2013-02-22 13:46:42.379000
NYL000122,Dov Hikind,Dov,,Hikind,,,True,ny,lower,48,Democratic,11efd47743a94b6b9045314a6851aeca,http://ballotpedia.org/wiki/images/DonHikind.jpg,2011-05-05 01:29:13.973000,2013-02-22 13:19:28.105000
NYL000305,Angelo Santabarbara,Angelo,,Santabarbara,,,True,ny,lower,111,Democratic,2b947d268b174a3aa8d9e572517eefbc,http://ballotpedia.org/wiki/images/thumb/Angelo_Santabarbara.jpg/200px-Angelo_Santabarbara.jpg,2013-01-04 10:24:16.918000,2013-02-22 13:46:41.952000
NYL000281,Chad Lupinacci,Chad,,Lupinacci,,,True,ny,lower,10,Republican,47cde788f41f4f69afe7283842f66b91,http://votesmart.org/canphoto/143106.jpg,2013-01-04 10:24:16.569000,2013-02-22 13:46:41.887000
NYL000265,Andrew Garbarino,Andrew,,Garbarino,,,True,ny,lower,7,Republican,dd819d70f93248ab98d7be3019ffdd04,http://cdn.newsday.com/polopoly_fs/1.3955253.1351015397!/httpImage/image.JPG_gen/derivatives/display_600/image.JPG,2013-01-04 10:24:16.021000,2013-02-22 13:46:41.643000
NYL000310,Michaelle Solages,Michaelle,,Solages,,,True,ny,lower,22,Democratic,bf09686a89724ad88b06991323a99f93,http://farm9.staticflickr.com/8287/7729454296_f24732163c_b.jpg,2013-01-04 10:24:16.996000,2013-02-22 13:46:41.807000
NYL000257,David DiPietro,David,,DiPietro,,,True,ny,lower,147,Republican,1799b95a86654fbc8e3726d00fd3e9d9,http://www.dipietroforassembly.com/assets/pages/1/RLR_2927_-_Version_2_1_.jpg,2013-01-04 10:24:15.934000,2013-02-22 13:46:41.879000
NYL000218,Sean Ryan,Sean,,Ryan,,,True,ny,lower,149,Democratic,4a9356d7aebe4d14ac54074f1f051d70,http://ballotpedia.org/wiki/images/Sean_Ryan.jpg,2011-11-29 07:03:28.775000,2013-02-22 13:46:41.950000
NYL000269,Edward Hennessey,Edward,,Hennessey,,,True,ny,lower,3,Democratic,,http://suffolkcountydems.com/sites/default/files/styles/scale_240/public/images/photos_candidates/Photo.jpg,2013-01-04 10:24:16.403000,2013-02-22 13:46:41.883000
NYL000078,Alec Brook-Krasny,Alec,,Brook-Krasny,,,True,ny,lower,46,Democratic,face0b35603b433b9f7c54a60e1a95a5,http://ballotpedia.org/wiki/images/AlecBrookKrasny.jpg,2011-05-05 01:29:13.800000,2013-02-22 13:46:42.123000
NYL000087,John Ceretto,John,,Ceretto,,,True,ny,lower,145,Republican,276361b3002a42f0a7467a472b59282f,http://ballotpedia.org/wiki/images/JohnCeretto.jpg,2011-05-05 01:29:13.834000,2013-02-22 13:46:41.822000
NYL000216,Dan Quart,Dan,,Quart,,,True,ny,lower,73,Democratic,1bcf86124e804db085f65a174f8db9ea,http://danquart.com/websites/danquart/templates/mag-gridz%2012/images/dan_headshot.jpg,2011-10-29 07:01:53.896000,2013-02-22 13:46:41.848000
NYL000077,Harry Bronson,Harry,,Bronson,,,True,ny,lower,138,Democratic,99deba2b9fd94572b5088dfdc2076461,http://ballotpedia.org/wiki/images/Harry_Bronson.jpg,2011-05-05 01:29:13.798000,2013-02-22 13:46:41.871000
NYL000212,Anthony Brindisi,Anthony,,Brindisi,,,True,ny,lower,119,Democratic,f4c4c15ceecc437d8117997c34697f6c,http://ballotpedia.org/wiki/images/Anthony_Brindisi.jpg,2011-09-29 06:42:21.047000,2013-02-22 13:46:41.924000
NYL000095,Brian Curran,Brian,,Curran,,,True,ny,lower,21,Republican,d5a110aaf00b4b8ebeea34fb71611335,http://ballotpedia.org/wiki/images/BrianCurran.jpg,2011-05-05 01:29:13.874000,2013-02-22 13:46:41.926000
NYL000098,Michael DenDekker,Michael,,DenDekker,,,True,ny,lower,34,Democratic,28907deb4192413e969eb92b2118a138,http://ballotpedia.org/wiki/images/MichaelDenDekker.jpg,2011-05-05 01:29:13.879000,2013-02-22 13:46:42.335000
NYL000175,Annie Rabbitt,Annie,,Rabbitt,,,True,ny,lower,98,Republican,123f783a1f2c44f687caf4dd20573ad8,http://votesmart.org/canphoto/44529.jpg,2011-05-05 01:29:14.117000,2013-02-22 13:46:41.946000
NYL000081,Kevin Cahill,Kevin,,Cahill,,,True,ny,lower,103,Democratic,e55627b0b4574f0c8751a0285783b597,http://ballotpedia.org/wiki/images/Kevin_Cahill.jpg,2011-05-05 01:29:13.805000,2013-02-22 13:46:41.981000
NYL000089,William Colton,William,,Colton,,,True,ny,lower,47,Democratic,39131685c1c24de1a4bdd1a836552198,http://ballotpedia.org/wiki/images/WilliamColton.jpg,2011-05-05 01:29:13.838000,2013-02-22 13:46:41.983000
NYL000092,Jane Corwin,Jane,,Corwin,,,True,ny,lower,144,Republican,9b8e3be2357040808fafa8e20db8dd3e,http://ballotpedia.org/wiki/images/JaneCorwin.jpg,2011-05-05 01:29:13.843000,2013-02-22 13:46:42.284000
NYL000129,Tony Jordan,Tony,,Jordan,,,True,ny,lower,113,Republican,a269b1153c22446aa3f809b17ee236d8,http://ballotpedia.org/wiki/images/TonyJordan.jpg,2011-05-05 01:29:13.993000,2013-02-22 13:46:41.716000
NYL000138,Joseph Lentol,Joseph,,Lentol,,,True,ny,lower,50,Democratic,3a2d010eff47406aa13d520bfa47e5c7,http://ballotpedia.org/wiki/images/JosephLentol.jpg,2011-05-05 01:29:14.008000,2013-02-22 13:46:42.009000
NYL000190,William Scarborough,William,,Scarborough,,,True,ny,lower,29,Democratic,5b5f0b9a362d4534b2bcbf6060707269,http://ballotpedia.org/wiki/images/WilliamScarborough.jpg,2011-05-05 01:29:14.167000,2013-02-22 13:46:42.029000
NYL000192,Robin Schimminger,Robin,,Schimminger,,,True,ny,lower,140,Democratic,2f5317eb322e430fa0a430bd4a219946,http://ballotpedia.org/wiki/images/Robin_Schimminger.jpg,2011-05-05 01:29:14.180000,2013-02-22 13:46:42.031000
NYL000097,Steven Cymbrowitz,Steven,,Cymbrowitz,,,True,ny,lower,45,Democratic,b76ab73b27824328a6ebe25fa59ca71a,http://ballotpedia.org/wiki/images/StevenCymbrowitz.jpg,2011-05-05 01:29:13.877000,2013-02-22 13:46:42.067000
NYL000165,Daniel O'Donnell,Daniel,,O'Donnell,,,True,ny,lower,69,Democratic,04930ce60ef64d04bb025f3a79ef1cc7,http://ballotpedia.org/wiki/images/DanielODonnell.jpg,2011-05-05 01:29:14.073000,2013-02-22 13:46:42.371000
NYL000139,Barbara Lifton,Barbara,,Lifton,,,True,ny,lower,125,Democratic,728dae57e16f492d8755e7ab20e3681c,http://ballotpedia.org/wiki/images/Barbara_Lifton.jpg,2011-05-05 01:29:14.010000,2013-02-22 13:46:42.245000
NYL000176,Andrew Raia,Andrew,,Raia,,,True,ny,lower,12,Republican,1cc637d3771e45f2b675c507fbbed31f,http://votesmart.org/canphoto/45093.jpg,2011-05-05 01:29:14.119000,2013-02-22 13:46:42.117000
NYL000073,William Boyland Jr.,William,,Boyland,Jr.,,True,ny,lower,55,Democratic,91f66fc16238480396beea4f14dc168f,http://votesmart.org/canphoto/45068.jpg,2011-05-05 01:29:13.791000,2013-02-22 13:46:42.329000
NYL000121,Andrew Hevesi,Andrew,,Hevesi,,,True,ny,lower,28,Democratic,8b52b79595dd41f7bc99e76b4521e6f9,http://ballotpedia.org/wiki/images/AndrewHevesi.jpg,2011-05-05 01:29:13.971000,2013-02-22 13:46:42.153000
NYL000083,Karim Camara,Karim,,Camara,,,True,ny,lower,43,Democratic,883f4f56e72740ada728b05f931c33f7,http://ballotpedia.org/wiki/images/KarimCamara.jpg,2011-05-05 01:29:13.808000,2013-02-22 13:46:42.256000
NYL000147,Alan Maisel,Alan,,Maisel,,,True,ny,lower,59,Democratic,21277cdbb1394e8a9ff77338b82c9bd8,http://ballotpedia.org/wiki/images/AlanMaisel.jpg,2011-05-05 01:29:14.023000,2013-02-22 13:46:42.261000
NYL000137,Charles Lavine,Charles,,Lavine,,,True,ny,lower,13,Democratic,be8a9673dfec4d0eb24c854ce4489346,http://votesmart.org/canphoto/44694.jpg,2011-05-05 01:29:14.007000,2013-02-22 13:46:42.181000
NYL000150,Tom McKevitt,Tom,,McKevitt,,,True,ny,lower,17,Republican,4134b345317441b39a51e34b085817e5,http://votesmart.org/canphoto/57852.jpg,2011-05-05 01:29:14.028000,2013-02-22 13:46:42.183000
NYL000203,Matthew Titone,Matthew,,Titone,,,True,ny,lower,61,Democratic,fd0f9cfe881542ec8d9fefc3563c7741,http://ballotpedia.org/wiki/images/MatthewTitone.jpg,2011-05-05 01:29:14.200000,2013-02-22 13:46:42.396000
NYL000096,Michael Cusick,Michael,,Cusick,,,True,ny,lower,63,Democratic,55356cf5d7a84a97831dc6405107925b,http://ballotpedia.org/wiki/images/MichaelCusick.jpg,2011-05-05 01:29:13.875000,2013-02-22 13:46:42.295000
NYL000186,Linda Rosenthal,Linda,,Rosenthal,,,True,ny,lower,67,Democratic,52b87eec0e4444b1b7659ed0e3d496cb,http://ballotpedia.org/wiki/images/LindaRosenthal.jpg,2011-05-05 01:29:14.160000,2013-02-22 13:46:42.249000
NYL000107,Dennis Gabryszak,Dennis,,Gabryszak,,,True,ny,lower,143,Democratic,b691996c7bf54564bef98c9947fbd9f3,http://ballotpedia.org/wiki/images/Dennis_Gabryszak.jpg,2011-05-05 01:29:13.929000,2013-02-22 13:46:42.407000
NYL000170,Crystal Peoples-Stokes,Crystal,,Peoples-Stokes,,,True,ny,lower,141,Democratic,277fa36bb07b4031b26007c96728ef5a,http://ballotpedia.org/wiki/images/Crystal_Peoples.jpg,2011-05-05 01:29:14.109000,2013-02-22 13:46:42.219000
NYL000149,Margaret Markey,Margaret,,Markey,,,True,ny,lower,30,Democratic,a427105548b44addb8407f7e400ca3e4,http://ballotpedia.org/wiki/images/MargaretMarkey.jpg,2011-05-05 01:29:14.027000,2013-02-22 13:46:42.363000
NYL000167,Félix Ortiz,Félix,,Ortiz,,,True,ny,lower,51,Democratic,4134b345317441b39a51e34b085817e5,http://votesmart.org/canphoto/4371.jpg,2011-05-05 01:29:14.076000,2013-02-22 13:46:42.300000
NYL000066,Carmen Arroyo,Carmen,,Arroyo,,,True,ny,lower,84,Democratic,6518ea4e8eef4973883f88a639b64402,http://ballotpedia.org/wiki/images/Carmen_Arroyo.jpg,2011-05-05 01:29:13.779000,2013-02-22 13:46:42.302000
NYL000185,Robert Rodriguez,Robert,,Rodriguez,,,True,ny,lower,68,Democratic,1f9b06287a714e938f5293f266ed04df,http://votesmart.org/canphoto/127932.jpg,2011-05-05 01:29:14.154000,2013-02-22 13:46:42.319000
NYL000162,Francisco Moya,Francisco,,Moya,,,True,ny,lower,39,Democratic,7e97e7b587c5415dbad639bc1001ba1c,http://ballotpedia.org/wiki/images/FranciscoMoya.jpg,2011-05-05 01:29:14.067000,2013-02-22 13:46:42.312000
NYL000177,Phil Ramos,Phil,,Ramos,,,True,ny,lower,6,Democratic,d81aef22c3664b06a70eb10d8c48e8be,http://votesmart.org/canphoto/44588.jpg,2011-05-05 01:29:14.121000,2013-02-22 13:46:42.314000
NYL000093,Marcos Crespo,Marcos,,Crespo,,,True,ny,lower,85,Democratic,b5384ac12ff64ffab0d90303c2d75ca3,http://ballotpedia.org/wiki/images/Marcos_Crespo.jpg,2011-05-05 01:29:13.845000,2013-02-22 13:46:42.306000
NYL000110,Vanessa Gibson,Vanessa,,Gibson,,,True,ny,lower,77,Democratic,fa8a37f1f2f14b7980db738bce79d79c,http://ballotpedia.org/wiki/images/Vanessa_Gibson.jpg,2011-05-05 01:29:13.934000,2013-02-22 13:46:42.341000
NYL000120,Carl Heastie,Carl,,Heastie,,,True,ny,lower,83,Democratic,1135a44b0c9f4c2ca6790639fb467da2,http://ballotpedia.org/wiki/images/Carl_Heastie.jpg,2011-05-05 01:29:13.969000,2013-02-22 13:46:42.350000
NYL000126,Ellen Jaffee,Ellen,,Jaffee,,,True,ny,lower,97,Democratic,b4d954b1be474e8686cf9d00c35a36b4,http://ballotpedia.org/wiki/images/Ellen_Jaffee.jpg,2011-05-05 01:29:13.988000,2013-02-22 13:46:42.277000
NYL000091,Vivian Cook,Vivian,,Cook,,,True,ny,lower,32,Democratic,3ec089c8dcd442b6b1257c06660f47cf,http://ballotpedia.org/wiki/images/VivianCook.jpg,2011-05-05 01:29:13.841000,2013-02-22 13:46:42.415000
NYL000063,Peter Abbate Jr.,Peter,,Abbate,Jr.,,True,ny,lower,49,Democratic,e0b7858fb5614bd39bd3550736deb500,http://ballotpedia.org/wiki/images/PeterAbbate.jpg,2011-05-05 01:29:13.774000,2013-02-22 13:46:41.459000
NYL000128,Mark Johns,Mark,,Johns,,,True,ny,lower,135,Republican,d17367db5e544ee7ac13cfe10dc53f6f,http://ballotpedia.org/wiki/images/MarkJohns.jpg,2011-05-05 01:29:13.991000,2013-02-22 13:46:41.260000
NYL000115,Al Graf,Al,,Graf,,,True,ny,lower,5,Republican,4a76fcf33ca3452b85aa89f07b6d94bf,http://votesmart.org/canphoto/127796.jpg,2011-05-05 01:29:13.961000,2013-02-22 13:46:41.420000
NYL000208,David Weprin,David,,Weprin,,,True,ny,lower,24,Democratic,917e6071908441df8089e41defc65329,http://ballotpedia.org/wiki/images/DavidWeprin.jpg,2011-05-05 01:29:14.222000,2013-02-22 13:46:41.450000
NYL000064,Thomas Abinanti,Thomas,,Abinanti,,,True,ny,lower,92,Democratic,22f73df8a8af43c1a41d9c421d6832b8,http://ballotpedia.org/wiki/images/Thomas_Abinanti.jpg,2011-05-05 01:29:13.776000,2013-02-22 13:46:41.522000
NYL000214,Phillip Goldfeder,Phillip,,Goldfeder,,,True,ny,lower,23,Democratic,e3b7ad859dba4265a5464189f73c8054,http://2.bp.blogspot.com/-p9Cpuhq-3EA/TeZDKgJvy5I/AAAAAAAAXpU/b4bDy_TrilY/s320/10_med.jpg,2011-10-04 06:57:15.312000,2013-02-22 13:46:42.345000
NYL000184,Annette Robinson,Annette,,Robinson,,,True,ny,lower,56,Democratic,d89a3a6c7a4b494fab54e3b38a3493d9,http://ballotpedia.org/wiki/images/AnnetteRobinson.jpg,2011-05-05 01:29:14.152000,2013-02-22 13:46:41.767000
NYL000075,Edward Braunstein,Edward,,Braunstein,,,True,ny,lower,26,Democratic,5791e05af82142809207a48095c53b66,http://ballotpedia.org/wiki/images/EdwardBraunstein.jpg,2011-05-05 01:29:13.795000,2013-02-22 13:46:41.869000
NYL000178,Bill Reilich,Bill,,Reilich,,,True,ny,lower,134,Republican,2fe5464e1d26443e88e1ab1c7764ec64,http://ballotpedia.org/wiki/images/Bill_Reilich.jpg,2011-05-05 01:29:14.122000,2013-02-22 13:46:41.901000
NYL000198,Eric Stevenson,Eric,,Stevenson,,,True,ny,lower,79,Democratic,9c98c06e6c604720a61e8c22fb21d06c,http://ballotpedia.org/wiki/images/Eric_Stevenson.jpg,2011-05-05 01:29:14.191000,2013-02-22 13:46:42.383000
NYL000112,Deborah Glick,Deborah,,Glick,,,True,ny,lower,66,Democratic,99a4f9b732314b17859870b0fa8ce0d9,http://ballotpedia.org/wiki/images/DeborahGlick.jpg,2011-05-05 01:29:13.937000,2013-02-22 13:46:41.999000
NYL000142,Vito Lopez,Vito,,Lopez,,,True,ny,lower,53,Democratic,8b31201d354f49af90957558d04e01ee,http://ballotpedia.org/wiki/images/VitoLopez.jpg,2011-05-05 01:29:14.015000,2013-02-22 13:46:42.310000
NYL000086,Nelson Castro,Nelson,,Castro,,,True,ny,lower,86,Democratic,380fe4af06c642709af0ed16fbb43005,http://ballotpedia.org/wiki/images/Nelson_Castro.jpg,2011-05-05 01:29:13.833000,2013-02-22 13:46:42.304000
NYL000213,"Rafael Espinal, Jr.",Rafael,,Espinal,Jr.,,True,ny,lower,54,Democratic,d2a7912110cf421ca2e41c72ab14bec6,http://ballotpedia.org/wiki/images/RafaelEspinal.jpg,2011-10-01 06:57:01.194000,2013-02-22 13:46:42.308000
NYL000076,James Brennan,James,,Brennan,,,True,ny,lower,44,Democratic,45b49e0fa309421a8a0fb3a1841d1a37,http://ballotpedia.org/wiki/images/JamesBrennan.jpg,2011-05-05 01:29:13.796000,2013-02-22 13:46:41.665000
NYL000114,Richard Gottfried,Richard,N.,Gottfried,,Dick,True,ny,lower,75,Democratic,b205e6cd86bb4a8fba00c7dafaa4783e,http://ballotpedia.org/wiki/images/RichardGottfried.jpg,2011-05-05 01:29:13.959000,2013-02-22 13:46:41.710000
NYL000195,Aravella Simotas,Aravella,,Simotas,,,True,ny,lower,36,Democratic,3fd39f205ec243129b239d39fe9b747f,http://ballotpedia.org/wiki/images/AravellaSimotas.jpg,2011-05-05 01:29:14.186000,2013-02-22 13:46:42.381000
NYL000209,Keith Wright,Keith,,Wright,,,True,ny,lower,70,Democratic,4eb370b12958473da93f5a8c640dc824,http://votesmart.org/canphoto/4415.jpg,2011-05-05 01:29:14.224000,2013-02-22 13:46:42.392000
NYL000164,Catherine Nolan,Catherine,,Nolan,,,True,ny,lower,37,Democratic,1a4e07b28db14c11a88646198e26ffd1,http://ballotpedia.org/wiki/images/CatherineNolan.jpg,2011-05-05 01:29:14.071000,2013-02-22 13:46:42.419000
NYL000072,Ken Blankenbush,Ken,,Blankenbush,,,True,ny,lower,117,Republican,3ad85e2c4a9d49c184b5608f1b4d448a,http://ballotpedia.org/wiki/images/KenBlankenbush.jpg,2011-05-05 01:29:13.789000,2013-02-22 13:46:41.820000
NYL000309,James Skoufis,James,,Skoufis,,,True,ny,lower,99,Democratic,80b703608f984b3aa761f7b8b4a1c6db,http://skoufisforassembly.webs.com/22663_702616588614_2717354_n.jpg,2013-01-04 10:24:16.988000,2013-02-22 13:46:41.909000
NYL000146,William Magnarelli,William,,Magnarelli,,,True,ny,lower,129,Democratic,901bc9741cd243ae96a0db42d1ae0547,http://ballotpedia.org/wiki/images/WilliamMagnarelli.jpg,2011-05-05 01:29:14.021000,2013-02-22 13:46:41.626000
NYL000174,Edward Ra,Edward,,Ra,,,True,ny,lower,19,Republican,87ebf016b0d84eaaa88058f83171b6d1,http://www.lipolitics.com/wp-content/uploads/media/2011/06/2012/07/021.jpg,2011-05-05 01:29:14.116000,2013-02-22 13:46:41.499000
NYL000108,Sandy Galef,Sandy,,Galef,,,True,ny,lower,95,Democratic,34f2a9d5d089460cb7fc30bb39550edc,http://votesmart.org/canphoto/4316.jpg,2011-05-05 01:29:13.931000,2013-02-22 13:46:41.663000
NYL000153,Steven McLaughlin,Steven,,McLaughlin,,,True,ny,lower,107,Republican,5c98f6a93db94d678f7c793357256347,http://ballotpedia.org/wiki/images/StevenMcLaughlin.jpg,2011-05-05 01:29:14.033000,2013-02-22 13:46:41.840000
NYL000101,Janet Duprey,Janet,,Duprey,,,True,ny,lower,115,Republican,89aff76a179c4a318ce31a8b52fec817,http://ballotpedia.org/wiki/images/JanetDuprey.jpg,2011-05-05 01:29:13.884000,2013-02-22 13:46:42.055000
NYL000300,Gabriela Rosa,Gabriela,,Rosa,,,True,ny,lower,72,Democratic,cd584a506e1c4ae0a816db2b0e1a7684,http://www.cityandstateny.com/wp-content/uploads/2012/09/Gabriela-Rosa.jpg,2013-01-04 10:24:16.871000,2013-02-22 13:46:42.321000
NYL000250,David Buchwald,David,,Buchwald,,,True,ny,lower,93,Democratic,154bc3348af342ca941126af2b96aa06,https://lh6.googleusercontent.com/-QaTXcXNN1d0/SnQ8T9_qj1I/AAAAAAAAADg/tkkOi9um-Ic/s1152/100_0761.jpg,2013-01-04 10:24:15.809000,2013-02-22 13:46:42.331000
NYL000247,Joseph Borelli,Joseph,,Borelli,,,True,ny,lower,62,Republican,3b8a581cba7d4886abb4d8c2ddc3cb21,http://media.silive.com/latest_news/photo/11140095-large.jpg,2013-01-04 10:24:15.753000,2013-02-22 13:46:41.867000
NYL000306,Luis Sepulveda,Luis,,Sepulveda,,,True,ny,lower,87,Democratic,27975210bd564174b8dd480c8aee785e,http://sphotos-b.xx.fbcdn.net/hphotos-snc6/460129_337434542972622_345732765_o.jpg,2013-01-04 10:24:16.949000,2013-02-22 13:46:42.323000
NYL000275,Ron Kim,Ron,,Kim,,,True,ny,lower,40,Democratic,829f9d3609e3457da3de5a5c5577eff7,http://votesmart.org/canphoto/112376.jpg,2013-01-04 10:24:16.494000,2013-02-22 13:46:42.361000
NYL000301,Nily Rozic,Nily,,Rozic,,,True,ny,lower,25,Democratic,24ca63587487456293c238ee063e4d57,http://votesmart.org/canphoto/143120.jpg,2013-01-04 10:24:16.886000,2013-02-22 13:46:42.377000
NYL000290,Walter Mosley,Walter,,Mosley,,,True,ny,lower,57,Democratic,c3f3f61f3cb94a768d5c0eed48b5d52f,http://votesmart.org/canphoto/143150.jpg,2013-01-04 10:24:16.684000,2013-02-22 13:46:41.271000
NYL000220,Shelley Mayer,Shelley,,Mayer,,,True,ny,lower,90,Democratic,8d78c178365d423a9fefd78a01c05b82,http://ballotpedia.org/wiki/images/Shelley_Mayer.jpg,2012-03-28 00:53:16.026000,2013-02-22 13:46:42.365000
NYL000286,"John McDonald, III",John,,McDonald,III,,True,ny,lower,108,Democratic,2783df7691cd4cbb9012b208394300eb,http://mcdonaldforassembly.com/sites/mcdonaldforassembly.com/themes/mcdonaldforassembly/images/bio.png,2013-01-04 10:24:16.624000,2013-02-22 13:46:41.838000
NYL000291,"Nojay, Bill",Bill,,Nojay,,,True,ny,lower,133,Republican,4ff9ec7751434120a848a715e8cbf914,https://sphotos-a.xx.fbcdn.net/hphotos-ash4/252664_120496788088176_947803188_n.jpg,2013-01-04 10:24:16.700000,2013-02-22 13:46:41.897000
NYL000201,Claudia Tenney,Claudia,,Tenney,,,True,ny,lower,101,Republican,aeca63130ac64ac5baeee381f6ae6053,http://ballotpedia.org/wiki/images/Claudia_Tenney.jpg,2011-05-05 01:29:14.197000,2013-02-22 13:46:41.811000
NYL000143,Dan Losquadro,Dan,,Losquadro,,,True,ny,lower,2,Republican,68a6b019c60e4fcdb347ccbdf7565fd9,http://votesmart.org/canphoto/91460.jpg,2011-05-05 01:29:14.017000,2013-02-22 13:46:41.804000
NYL000259,Patricia Fahy,Patricia,,Fahy,,,True,ny,lower,109,Democratic,e6ad1eb89a0f464d9cf0bf08b2a6fa0c,http://sphotos-a.xx.fbcdn.net/hphotos-prn1/457593_418775791480044_1591474263_o.jpg,2013-01-04 10:24:15.962000,2013-02-22 13:46:41.824000
NYL000191,Michelle Schimel,Michelle,,Schimel,,,True,ny,lower,16,Democratic,8c342926131440389759d0968012a4eb,http://votesmart.org/canphoto/72726.jpg,2011-05-05 01:29:14.179000,2013-02-22 13:46:42.212000
NYL000148,Nicole Malliotakis,Nicole,,Malliotakis,,,True,ny,lower,64,Republican,68778cfd0b774fd4868a59b288fc327e,http://ballotpedia.org/wiki/images/NicoleMalliotakis.jpg,2011-05-05 01:29:14.025000,2013-02-22 13:46:42.011000
NYL000131,Brian Kavanagh,Brian,,Kavanagh,,,True,ny,lower,74,Democratic,51d749c3bf0f403fbede6f02d101906c,http://ballotpedia.org/wiki/images/BrianKavanagh.jpg,2011-05-05 01:29:13.997000,2013-02-22 13:46:42.354000
NYL000277,Kieran Michael Lalor,Kieran,Michael,Lalor,,,True,ny,lower,105,Republican,dc66de11f714473eb6e2305bc028086f,http://t2.gstatic.com/images?q=tbn:ANd9GcQlyQdv129YGYvYPerOGlFxM6QeaGb-F1maKMim1dw4V9uFgxamkA,2013-01-04 10:24:16.509000,2013-02-22 13:46:41.934000
NYL000106,Christopher Friend,Christopher,,Friend,,,True,ny,lower,124,Republican,3c975c63fcfa4ed1b79e7488172c93fc,http://ballotpedia.org/wiki/images/Christopher_Friend.jpg,2011-05-05 01:29:13.892000,2013-02-22 13:46:41.552000
NYL000183,Samuel Roberts,Samuel,,Roberts,,,True,ny,lower,128,Democratic,,http://ballotpedia.org/wiki/images/Sam_Roberts.jpg,2011-05-05 01:29:14.151000,2013-02-22 13:46:41.903000
NYL000168,Philip Palmesano,Philip,,Palmesano,,,True,ny,lower,132,Republican,e8bc4a399fc6439398db04e23b8d2a52,http://ballotpedia.org/wiki/images/PhilipPalmesano.jpg,2011-05-05 01:29:14.078000,2013-02-22 13:46:41.677000
NYL000188,Joseph Saladino,Joseph,,Saladino,,,True,ny,lower,9,Republican,9b4be51509184728bf06eba23dead954,http://votesmart.org/canphoto/44187.jpg,2011-05-05 01:29:14.163000,2013-02-22 13:46:42.027000
NYL000311,Dan Stec,Dan,,Stec,,,True,ny,lower,114,Republican,7bc7726e73a14333930056debaae0784,https://sphotos-a.xx.fbcdn.net/hphotos-ash3/150624_210751129050216_1699361546_n.jpg,2013-01-04 10:24:17.004000,2013-02-22 13:46:41.856000
NYL000200,James Tedisco,James,,Tedisco,,,True,ny,lower,112,Republican,ff0fb7fe300b47418f067c6960357648,http://ballotpedia.org/wiki/images/JamesTedisco.jpg,2011-05-05 01:29:14.195000,2013-02-22 13:46:41.737000
NYL000173,J. Gary Pretlow,J. Gary,,Pretlow,,,True,ny,lower,89,Democratic,adfbafd15ae0430ba90e8aa08ee8cb96,http://ballotpedia.org/wiki/images/J._Gary_Pretlow.jpg,2011-05-05 01:29:14.114000,2013-02-22 13:46:42.025000
NYL000145,William Magee,William,,Magee,,Bill,True,ny,lower,121,Democratic,db9c71d73cf5471fb58f73b251b87ec7,http://ballotpedia.org/wiki/images/William_Magee.jpg,2011-05-05 01:29:14.020000,2013-02-22 13:46:42.203000
NYL000134,Brian M Kolb,Brian,M,Kolb,,,True,ny,lower,131,Republican,6e142c9a968141fb98309d639ba0f0b5,http://ballotpedia.org/wiki/images/Brian_Kolb.jpg,2011-05-05 01:29:14.002000,2013-02-22 13:46:41.718000
NYL000166,Bob Oaks,Bob,,Oaks,,,True,ny,lower,130,Republican,9762db2d1fc04fcba551e0944672b085,http://ballotpedia.org/wiki/images/RobertOaks.jpg,2011-05-05 01:29:14.074000,2013-02-22 13:46:42.273000
NYL000219,Joseph Giglio,Joseph,,Giglio,,,True,ny,lower,148,Republican,ec78a9f676184e23844b1ad9b298ed1c,http://ballotpedia.org/wiki/images/JosephGiglio.jpg,2012-01-26 06:19:42.752000,2013-02-22 13:46:41.011000
NYL000130,Steve Katz,Steve,,Katz,,,True,ny,lower,94,Republican,20e632c178d244e4ada4e870a18f0cf5,http://ballotpedia.org/wiki/images/SteveKatz.jpg,2011-05-05 01:29:13.995000,2013-02-22 13:46:41.601000
NYL000217,Raymond Walter,Raymond,,Walter,,,True,ny,lower,146,Republican,dbdc8e2e264c4bfa99cbaa3d88e8ea7d,http://ballotpedia.org/wiki/images/RaymondWalter.jpg,2011-11-25 06:47:09.544000,2013-02-22 13:46:42.035000
NYL000194,Sheldon Silver,Sheldon,,Silver,,,True,ny,lower,65,Democratic,d5982f9ab33945568516132bff325563,http://votesmart.org/canphoto/4272.jpg,2011-05-05 01:29:14.184000,2013-02-22 13:46:41.686000
NYL000069,Inez Barron,Inez,,Barron,,,True,ny,lower,60,Democratic,67622f9aa7954299bdb1897536186bb4,http://ballotpedia.org/wiki/images/InezBarron.jpg,2011-05-05 01:29:13.784000,2013-02-22 13:46:41.783000
NYL000105,Michael Fitzpatrick,Michael,,Fitzpatrick,,,True,ny,lower,8,Republican,4b4598f678024a38994747757d6a1ab2,http://votesmart.org/canphoto/44259.jpg,2011-05-05 01:29:13.890000,2013-02-22 13:46:41.995000
NYL000080,Marc Butler,Marc,,Butler,,,True,ny,lower,118,Republican,228be580cbcd4d438adb70a431ad026f,http://ballotpedia.org/wiki/images/MarcButler.jpg,2011-05-05 01:29:13.803000,2013-02-22 13:46:42.101000
NYL000141,Peter Lopez,Peter,,Lopez,,,True,ny,lower,102,Republican,4d8bbdd83775432c8795543bb8f204e7,http://ballotpedia.org/wiki/images/PeterLopez.jpg,2011-05-05 01:29:14.013000,2013-02-22 13:46:42.279000
NYL000180,José Rivera,José,,Rivera,,,True,ny,lower,78,Democratic,75e580fced4b492b9e6dbecb0b9c4094,http://votesmart.org/canphoto/55157.jpg,2011-05-05 01:29:14.146000,2013-02-22 13:46:42.316000
NYL000199,Robert Sweeney,Robert,,Sweeney,,,True,ny,lower,11,Democratic,4e25f2588f6e4986a62a970898f5406c,http://votesmart.org/canphoto/4400.jpg,2011-05-05 01:29:14.193000,2013-02-22 13:46:42.385000
NYL000187,Addie Russell,Addie,,Russell,,,True,ny,lower,116,Democratic,2717582884b348e1a94329901fb36dee,http://ballotpedia.org/wiki/images/AddieRussell.jpg,2011-05-05 01:29:14.161000,2013-02-22 13:46:42.413000
NYL000070,Michael Benedetto,Michael,,Benedetto,,,True,ny,lower,82,Democratic,01afc9c906e44f00a3ec49d41e1aea92,http://ballotpedia.org/wiki/images/Michael_Benedetto.jpg,2011-05-05 01:29:13.786000,2013-02-22 13:46:42.327000
NYL000103,Herman Farrell Jr.,Herman,,Farrell,Jr.,,True,ny,lower,71,Democratic,2f776ea45b5941d0a77916b48e23dc48,http://ballotpedia.org/wiki/images/HermanFarrell.jpg,2011-05-05 01:29:13.887000,2013-02-22 13:46:42.339000
NYL000116,Aileen Gunther,Aileen,,Gunther,,,True,ny,lower,100,Democratic,d491451688174eccac5969dae1c46ced,http://ballotpedia.org/wiki/images/Aileen_Gunther.jpg,2011-05-05 01:29:13.963000,2013-02-22 13:46:42.347000
NYL000204,Michele Titus,Michele,,Titus,,,True,ny,lower,31,Democratic,b0487a23c1fc4ca18fb3ad365fc1fe72,http://ballotpedia.org/wiki/images/MicheleTitus.jpg,2011-05-05 01:29:14.202000,2013-02-22 13:46:42.389000
NYL000160,Michael Montesano,Michael,,Montesano,,,True,ny,lower,15,Republican,4a7c186f40744e2b9908126c48c30029,http://votesmart.org/canphoto/119995.jpg,2011-05-05 01:29:14.064000,2013-02-22 13:46:41.628000
NYL000068,William Barclay,William,,Barclay,,,True,ny,lower,120,Republican,d7ab4d99c5894123acc04d8ee091562e,http://ballotpedia.org/wiki/images/WilliamBarclay.jpg,2011-05-05 01:29:13.783000,2013-02-22 13:46:41.977000
NYL000088,Barbara Clark,Barbara,,Clark,,,True,ny,lower,33,Democratic,c04e32314e9544d7b46b2b1601952800,http://ballotpedia.org/wiki/images/BarbaraClark.jpg,2011-05-05 01:29:13.836000,2013-02-22 13:46:41.692000
NYL000102,Steve Englebright,Steve,,Englebright,,,True,ny,lower,4,Democratic,d2a93036c92d43adb1c04b00a025a5ec,http://votesmart.org/canphoto/4310.jpg,2011-05-05 01:29:13.885000,2013-02-22 13:46:41.700000
NYL000104,Gary Finch,Gary,,Finch,,,True,ny,lower,126,Republican,bbefda71b711457d81fc6b2b525c1c77,http://ballotpedia.org/wiki/images/GaryFinch.jpg,2011-05-05 01:29:13.889000,2013-02-22 13:46:41.704000
NYL000158,Joan Millman,Joan,,Millman,,,True,ny,lower,52,Democratic,52e3a8821f74442a90072f1950c17084,http://ballotpedia.org/wiki/images/JoanMillman.jpg,2011-05-05 01:29:14.061000,2013-02-22 13:46:42.015000
NYL000171,N. Nick Perry,N. Nick,,Perry,,,True,ny,lower,58,Democratic,100a7132b2f24743bafbc98b62f5aac2,http://ballotpedia.org/wiki/images/NNickPerry.jpg,2011-05-05 01:29:14.111000,2013-02-22 13:46:42.023000
NYL000207,Harvey Weisenberg,Harvey,,Weisenberg,,,True,ny,lower,20,Democratic,f8988fc0a22447ce89b37d18c73d1ba2,http://votesmart.org/canphoto/4410.jpg,2011-05-05 01:29:14.207000,2013-02-22 13:46:41.915000
NYL000144,Donna Lupardo,Donna,,Lupardo,,,True,ny,lower,123,Democratic,5c64ffbe6a7e4c8b8cc9ce4481506134,http://ballotpedia.org/wiki/images/Donna_Lupardo.jpg,2011-05-05 01:29:14.018000,2013-02-22 13:46:41.938000
NYL000157,Michael Miller,Michael,,Miller,,,True,ny,lower,38,Democratic,b6a86c259723479782c97fffe4785993,http://votesmart.org/canphoto/116758.jpg,2011-05-05 01:29:14.059000,2013-02-22 13:46:42.367000
NYL000067,Jeffrion Aubry,Jeffrion,,Aubry,,,True,ny,lower,35,Democratic,bb9cf68a9554410ea0d61d3aa2631f32,http://ballotpedia.org/wiki/images/JeffrionAubry.jpg,2011-05-05 01:29:13.781000,2013-02-22 13:46:42.325000
NYL000094,Clifford Crouch,Clifford,,Crouch,,,True,ny,lower,122,Republican,416a028a0fd140f19520466bfd8092a9,http://ballotpedia.org/wiki/images/CliffordCrouch.jpg,2011-05-05 01:29:13.872000,2013-02-22 13:46:42.228000
NYL000109,David Gantt,David,,Gantt,,,True,ny,lower,137,Democratic,473b5e627db94632b57e70e625c03ffd,http://ballotpedia.org/wiki/images/David_Gantt.jpg,2011-05-05 01:29:13.932000,2013-02-22 13:46:41.997000
NYL000118,Stephen Hawley,Stephen,,Hawley,,,True,ny,lower,139,Republican,2684898de86f4bbdb5621d8665daaca3,http://ballotpedia.org/wiki/images/StephenHawley.jpg,2011-05-05 01:29:13.966000,2013-02-22 13:46:42.210000
NYL000123,Earlene Hooper,Earlene,,Hooper,,,True,ny,lower,18,Democratic,097303bf27ee4b08981b54794b516c7a,http://votesmart.org/canphoto/4332.jpg,2011-05-05 01:29:13.975000,2013-02-22 13:46:42.352000
NYL000151,David McDonough,David,,McDonough,,,True,ny,lower,14,Republican,5ff5fe25c0e9417594748612a2d3c410,http://votesmart.org/canphoto/44667.jpg,2011-05-05 01:29:14.030000,2013-02-22 13:46:42.144000
NYL000202,Fred Thiele Jr.,Fred,,Thiele,Jr.,,True,ny,lower,1,Democratic,0c5a04e4bc4945278f9fc12ecf93d6d0,http://votesmart.org/canphoto/4279.jpg,2011-05-05 01:29:14.198000,2013-02-22 13:46:42.033000
NYL000210,Kenneth Zebrowski,Kenneth,,Zebrowski,,,True,ny,lower,96,Democratic,7575244f5cbe428fb9d0564074283ef5,http://ballotpedia.org/wiki/images/Kenneth_Zebrowski.jpg,2011-05-05 01:29:14.226000,2013-02-22 13:46:42.233000
NYL000132,Micah Kellner,Micah,,Kellner,,,True,ny,lower,76,Democratic,078acbb56a19433786083cc87d2b47b0,http://ballotpedia.org/wiki/images/MicahKellner.jpg,2011-05-05 01:29:13.998000,2013-02-22 13:46:42.359000
NYL000230,Terry Gipson,Terry,,Gipson,,,True,ny,upper,41,Democratic,858113a7edec417ea24dc2d164885fcd,http://www.nysenate.gov/files/profile-pictures/%2812-10-12%29%20Gipson-HS-010.jpg,2013-01-04 10:24:15.316000,2013-02-22 13:46:39.854000
NYL000033,Tom Libous,Tom,,Libous,,,True,ny,upper,52,Republican,f234ad0a72ba47d0bcab240bea936f89,http://www.nysenate.gov/files/profile-pictures/headshot%5B1%5D%5B1%5D.JPG,2011-05-05 01:29:13.690000,2013-02-22 13:46:39.707000
NYL000239,James Sanders,James,,Sanders,,,True,ny,upper,10,Democratic,c02f2b234c6e439a9b1c74ca0587139b,http://www.nysenate.gov/files/profile-pictures/%2812-10-12%29%20Sanders-HS-010.jpg,2013-01-04 10:24:15.595000,2013-02-22 13:46:39.868000
NYL000231,Brad Hoylman,Brad,,Hoylman,,,True,ny,upper,27,Democratic,3b65db9fd24c4a3f9dce61a1e331cf76,http://www.nysenate.gov/files/profile-pictures/%2812-10-12%29%20Hoylman-HS-010%20RE_0.jpg,2013-01-04 10:24:15.354000,2013-02-22 13:46:39.512000
NYL000237,Ted O'Brien,Ted,,O'Brien,,,True,ny,upper,55,Democratic,,http://www.nysenate.gov/files/profile-pictures/%2812-10-12%29%20O%27Brien-HS-008.jpg,2013-01-04 10:24:15.517000,2013-02-22 13:46:39.621000
NYL000321,"Tkaczyk, Cecilia",Cecilia,,Tkaczyk,,,True,ny,upper,46,Democratic,ddc3805cd5f2444eb00fd1ab30c762b8,http://www.nysenate.gov/files/profile-pictures/%2812-10-12%29%20Tkaczyk-HS-009.jpg,2013-01-28 11:58:55.536000,2013-02-22 13:46:39.647000
NYL000136,George Latimer,George S.,,Latimer,,,True,ny,upper,37,Democratic,81591cd7b6ce488882d0288c6aec0658,http://assembly.state.ny.us/mem/pic/091.jpg,2011-05-05 01:29:14.005000,2013-02-22 13:46:39.687000
NYL000004,Tony Avella,Tony,,Avella,,,True,ny,upper,11,Democratic,82957bc1fbc44bfaa84bc65175fd3b05,http://www.nysenate.gov/files/profile-pictures/Avella%20Website%20Photo.jpg,2011-05-05 01:29:13.492000,2013-02-22 13:46:39.845000
NYL000046,Michael H Ranzenhofer,Michael,H,Ranzenhofer,,,True,ny,upper,61,Republican,189322878da44b7191dd874564b3452a,http://www.nysenate.gov/files/profile-pictures/hs.jpg,2011-05-05 01:29:13.743000,2013-02-22 13:46:39.824000
NYL000002,Joseph P Addabbo Jr.,Joseph,P,Addabbo,Jr.,,True,ny,upper,15,Democratic,bcfea7edc06541d5a77d082290b9b7df,http://www.nysenate.gov/files/profile-pictures/Addabbo.SD15.jpg,2011-05-05 01:29:13.488000,2013-02-22 13:46:39.843000
NYL000035,Carl L Marcellino,Carl,L,Marcellino,,,True,ny,upper,5,Republican,315dd8d18d814b05a5756faa46b4d7cc,http://www.nysenate.gov/files/profile-pictures/headshotWEB.jpg,2011-05-05 01:29:13.694000,2013-02-22 13:46:40.178000
NYL000016,Charles J Fuschillo Jr.,Charles,J,Fuschillo,Jr.,,True,ny,upper,8,Republican,33a709c26caa4adb8d265ab984df4198,http://www.nysenate.gov/files/profile-pictures/Senator_Fuschillo%27s_Headshot-2011_retouch%5B1%5D.jpg,2011-05-05 01:29:13.650000,2013-02-22 13:46:39.784000
NYL000019,Martin J Golden,Martin,J,Golden,,,True,ny,upper,22,Republican,60e267dfe6684540a124c475dc5035cb,http://www.nysenate.gov/files/profile-pictures/SD22_Golden.jpg,2011-05-05 01:29:13.655000,2013-02-22 13:46:39.857000
NYL000061,Catharine Young,Catharine,,Young,,,True,ny,upper,57,Republican,41d8abc24fd8458b93151708d94ec403,http://www.nysenate.gov/files/profile-pictures/young%20headshot-ret.jpg,2011-05-05 01:29:13.771000,2013-02-22 13:46:40.244000
NYL000048,Gustavo Rivera,Gustavo,,Rivera,,,True,ny,upper,33,Democratic,0849606a21d442c5a2badf0975c5506a,http://www.nysenate.gov/files/profile-pictures/New%20Official%20Photo.JPG,2011-05-05 01:29:13.747000,2013-02-22 13:46:40.086000
NYL000054,James L Seward,James,L,Seward,,,True,ny,upper,51,Republican,d7f6d13d967d4cafb9b192b816b41da6,http://www.nysenate.gov/files/profile-pictures/2009%20Sen%20Seward%20Head%20Shot.jpg,2011-05-05 01:29:13.758000,2013-02-22 13:46:40.189000
NYL000058,Toby Ann Stavisky,Toby Ann,,Stavisky,,,True,ny,upper,16,Democratic,bd54a2ac478944a097d8b64a0f09d0e0,http://www.nysenate.gov/files/profile-pictures/Official%20Website%20Headshot_0.jpg,2011-05-05 01:29:13.765000,2013-02-22 13:46:39.831000
NYL000026,Timothy Kennedy,Timothy,,Kennedy,,,True,ny,upper,63,Democratic,223535733ebe473ba4d32b01b6454755,http://www.nysenate.gov/files/profile-pictures/Senator%20Kennedy%20headshot.jpg,2011-05-05 01:29:13.668000,2013-02-22 13:46:39.803000
NYL000030,Andrew J Lanza,Andrew,J,Lanza,,,True,ny,upper,24,Republican,0b3f48d9adca49cfa5fa6d4f6d164ecf,http://www.nysenate.gov/files/profile-pictures/headshotweb.jpg,2011-05-05 01:29:13.685000,2013-02-22 13:46:39.661000
NYL000043,Kevin S Parker,Kevin,S,Parker,,,True,ny,upper,21,Democratic,d86995ba28bc4d719c822ecd71ee8d92,http://www.nysenate.gov/files/profile-pictures/Parker2007Biography.jpg,2011-05-05 01:29:13.738000,2013-02-22 13:46:40.046000
NYL000010,Ruben Diaz,Ruben,,Diaz,,,True,ny,upper,32,Democratic,884b7bf2bd4e485796383109db76e8dc,http://www.nysenate.gov/files/profile-pictures/Diaz-HS-2009.jpg,2011-05-05 01:29:13.626000,2013-02-22 13:46:39.906000
NYL000009,John A DeFrancisco,John,A,DeFrancisco,,,True,ny,upper,50,Republican,fb2913a76b8b498dbba9f729e3ecba0d,http://www.nysenate.gov/files/profile-pictures/SD50_Defrancisco.jpg,2011-05-05 01:29:13.624000,2013-02-22 13:46:39.571000
NYL000013,Adriano Espaillat,Adriano,,Espaillat,,,True,ny,upper,31,Democratic,301973134fb046a2b297ee443a65f593,http://www.nysenate.gov/files/profile-pictures/Adriano%20Espaillat%20Headshot.JPG,2011-05-05 01:29:13.644000,2013-02-22 13:46:39.904000
NYL000015,John J Flanagan,John,J,Flanagan,,,True,ny,upper,2,Republican,d25d1a06b8784a71a22a70e22ec3cd49,http://www.nysenate.gov/files/profile-pictures/flanaganheadshot2_0.jpg,2011-05-05 01:29:13.648000,2013-02-22 13:46:39.852000
NYL000034,Elizabeth Little,Elizabeth,,Little,,,True,ny,upper,45,Republican,6531618d2b8d402c8bf7dc9d5f5d0d29,http://www.nysenate.gov/files/profile-pictures/24x7%40300dpi.jpg,2011-05-05 01:29:13.692000,2013-02-22 13:46:40.239000
NYL000040,Michael F Nozzolio,Michael,F,Nozzolio,,,True,ny,upper,54,Republican,ab80c307326949bdaccf83fd24089c52,http://www.nysenate.gov/files/profile-pictures/2.jpg,2011-05-05 01:29:13.732000,2013-02-22 13:46:39.876000
NYL000018,Michael Gianaris,Michael,,Gianaris,,,True,ny,upper,12,Democratic,28fa764c9ab74e7cb07f9e5e0e675c70,http://www.nysenate.gov/files/profile-pictures/Giannaris.jpg,2011-05-05 01:29:13.653000,2013-02-22 13:46:39.728000
NYL000021,Mark Grisanti,Mark,,Grisanti,,,True,ny,upper,60,Republican,f9115c651e79496f82fe5efb66981bb5,http://www.nysenate.gov/files/profile-pictures/Grisanti.jpg,2011-05-05 01:29:13.659000,2013-02-22 13:46:39.861000
NYL000027,Jeffrey D Klein,Jeffrey,D,Klein,,,True,ny,upper,34,Democratic,420955f032ae42c88813204d2dfa9146,http://www.nysenate.gov/files/profile-pictures/JK%20formal%20headshot.JPG,2011-05-05 01:29:13.669000,2013-02-22 13:19:28.230000
NYL000001,Eric Adams,Eric,,Adams,,,True,ny,upper,20,Democratic,4be25ce22be3421abae3afdb7d547b23,http://www.nysenate.gov/files/profile-pictures/%2802-04-09%29%20Adams-HS-059NEW%20HEADSHOT_1.JPG,2011-05-05 01:29:13.486000,2013-02-22 13:46:39.943000
NYL000055,Dean G Skelos,Dean,G,Skelos,,,True,ny,upper,9,Republican,b9aa2ef7ef89434b9230ef457947be37,http://www.nysenate.gov/files/profile-pictures/SD9_Skelos_4.jpg,2011-05-05 01:29:13.760000,2013-02-22 13:46:39.702000
NYL000036,Jack M Martins,Jack,M,Martins,,,True,ny,upper,7,Republican,86a6245c960b412eb77478d5be50dba7,http://www.nysenate.gov/files/profile-pictures/6-29%20Headshot.jpg,2011-05-05 01:29:13.696000,2013-02-22 13:46:40.181000
NYL000031,William J Larkin Jr.,William,J,Larkin,Jr.,,True,ny,upper,39,Republican,8a14796fd0e7471a97bca9b9e8e83aaf,http://www.nysenate.gov/files/profile-pictures/Larkin-HS.jpg,2011-05-05 01:29:13.687000,2013-02-22 13:46:40.174000
NYL000062,Lee M Zeldin,Lee,M,Zeldin,,,True,ny,upper,3,Republican,f2b3c90ec8174fde8064505b50315f3d,http://www.nysenate.gov/files/profile-pictures/%2801-10-11%29%20Zeldin-HS-042.jpg,2011-05-05 01:29:13.773000,2013-02-22 13:46:39.871000
NYL000059,Andrea Stewart-Cousins,Andrea,,Stewart-Cousins,,,True,ny,upper,35,Democratic,bf65ee9e6ead47d9b6eb477dc213c06a,http://www.nysenate.gov/files/profile-pictures/%2803-09-09%29%20Stewart-Cousins%20HS-016.jpg,2011-05-05 01:29:13.767000,2013-02-22 13:46:40.097000
NYL000044,José Peralta,José,,Peralta,,,True,ny,upper,13,Democratic,8574fa04d26c4e159305a54774e6ed7c,http://www.nysenate.gov/files/profile-pictures/Jose%20Peralta%20MAIN-Senate%20headshot.JPG,2011-05-05 01:29:13.740000,2013-02-22 13:46:40.081000
NYL000056,Malcolm A Smith,Malcolm,A,Smith,,,True,ny,upper,14,Democratic,89da79854830484a8de4e1a3ff111989,http://www.nysenate.gov/files/profile-pictures/Smith-HS-024.jpg,2011-05-05 01:29:13.762000,2013-02-22 13:46:40.094000
NYL000037,George D Maziarz,George,D,Maziarz,,,True,ny,upper,62,Republican,0dc01ca1c23b45acaccc48828dcdac41,http://www.nysenate.gov/files/profile-pictures/SD62_Maziarz_0.jpg,2011-05-05 01:29:13.698000,2013-02-22 13:46:40.230000
NYL000053,Jose M Serrano,Jose,M,Serrano,,,True,ny,upper,29,Democratic,b2a512ed1d1142cab592c200311bf02d,http://www.nysenate.gov/files/profile-pictures/serranoheadshot.JPG,2011-05-05 01:29:13.756000,2013-02-22 13:46:40.091000
NYL000017,Patrick M. Gallivan,Patrick M.,,Gallivan,,,True,ny,upper,59,Republican,dac7493c820040c1824f1826d4c46a5b,http://www.nysenate.gov/files/profile-pictures/%2801-10-11%29%20Gallivan-HS-007.jpg,2011-05-05 01:29:13.651000,2013-02-22 13:46:40.235000
NYL000320,Kemp Hannon,Kemp,,Hannon,,,True,ny,upper,6,Republican,1348fb9a82244e4da3e2fbbc0c446884,http://www.nysenate.gov/files/profile-pictures/Kemp%20head%20shot%202.JPG,2013-01-22 16:56:02.657000,2013-02-22 13:46:39.229000
NYL000007,Neil D Breslin,Neil,D,Breslin,,,True,ny,upper,44,Democratic,fde64946a2e243898db5fd37b645a168,http://www.nysenate.gov/files/profile-pictures/Breslin202009.jpg,2011-05-05 01:29:13.498000,2013-02-22 13:46:39.711000
NYL000011,Martin Malavé Dilan,Martin Malavé,,Dilan,,,True,ny,upper,18,Democratic,2ee91c8bdc97494cbaae9b4396d93f2b,http://www.nysenate.gov/files/profile-pictures/%2805-16-12%29%20Dilan-HS-005.jpg,2011-05-05 01:29:13.628000,2013-02-22 13:46:39.945000
NYL000041,Thomas F O'Mara,Thomas,F,O'Mara,,,True,ny,upper,58,Republican,69712f0eb46d40669a2a48804e7f2fbf,http://www.nysenate.gov/files/profile-pictures/%2801-11-11%29%20O%27Mara-011_0.jpg,2011-05-05 01:29:13.734000,2013-02-22 13:46:39.817000
NYL000235,Kathleen A. Marchione,Kathleen,A.,Marchione,,,True,ny,upper,43,Republican,eef7e0099a2d4a509157f7ac8d3413fa,http://www.nysenate.gov/files/profile-pictures/Senator_Kathy_Marchione.jpg,2013-01-04 10:24:15.479000,2013-02-22 13:46:39.689000
NYL000229,Simcha Felder,Simcha,,Felder,,,True,ny,upper,17,Democratic,7b53fbf7bc0c4ded9d53c55629a80439,http://www.nysenate.gov/files/profile-pictures/Felder-HS-012_web.jpg,2013-01-04 10:24:15.279000,2013-02-22 13:46:39.654000
NYL000074,Philip Boyle,Philip M.,,Boyle,,,True,ny,upper,4,Republican,8bef2181d7cf4a99a9f1ee6ac3c721dc,http://assembly.state.ny.us/mem/pic/008.jpg,2011-05-05 01:29:13.793000,2013-02-22 13:46:39.682000
NYL000051,John L Sampson,John,L,Sampson,,,True,ny,upper,19,Democratic,75155ca8c6d94685b50a9822cc1c4b60,http://www.nysenate.gov/files/profile-pictures/webphoto1.jpg,2011-05-05 01:29:13.752000,2013-02-22 13:46:40.088000
NYL000023,Ruth Hassell-Thompson,Ruth,,Hassell-Thompson,,,True,ny,upper,36,Democratic,330977f7cf9e4074a7cf5f93fe373766,http://www.nysenate.gov/files/profile-pictures/WebBio%20Hassell-ThompsonHS.jpg,2011-05-05 01:29:13.662000,2013-02-22 13:46:39.948000
NYL000020,Joseph A Griffo,Joseph,A,Griffo,,,True,ny,upper,47,Republican,326be44aeb3d44ba8258eaee2383f83c,http://www.nysenate.gov/files/profile-pictures/SD47_Griffo.jpg,2011-05-05 01:29:13.657000,2013-02-22 13:46:39.859000
NYL000047,Patty Ritchie,Patty,,Ritchie,,,True,ny,upper,48,Republican,c56a52eff418455b9f69fcd2d718569a,http://www.nysenate.gov/files/profile-pictures/ritchie_web.jpg,2011-05-05 01:29:13.745000,2013-02-22 13:46:40.186000
NYL000049,Joseph E Robach,Joseph,E,Robach,,,True,ny,upper,56,Republican,ed1a32257cfa4a9e8f577ace86ceab43,http://www.nysenate.gov/files/profile-pictures/SD56_RobachHS.jpg,2011-05-05 01:29:13.749000,2013-02-22 13:46:39.787000
NYL000005,Greg Ball,Greg,,Ball,,,True,ny,upper,40,Republican,6f30b486a3e54016b49ed21c72b3d7b8,http://www.nysenate.gov/files/profile-pictures/ball_HS2.jpg,2011-05-05 01:29:13.494000,2013-02-22 13:46:39.841000
NYL000032,Kenneth P LaValle,Kenneth,P,LaValle,,,True,ny,upper,1,Republican,d8c83e5bb42a4432a53d94b12d12e2d5,http://www.nysenate.gov/files/profile-pictures/NewHeadShotLavalle2.jpg,2011-05-05 01:29:13.688000,2013-02-22 13:46:40.176000
NYL000028,Liz Krueger,Liz,,Krueger,,,True,ny,upper,28,Democratic,6d538441e06c4f4caabc4cf007ca0f81,http://www.nysenate.gov/files/profile-pictures/Senate%20Headshot.jpg,2011-05-05 01:29:13.671000,2013-02-22 13:46:39.733000
NYL000060,David J Valesky,David,J,Valesky,,,True,ny,upper,53,Democratic,22ced65972494ec180fd06a03f7988e5,http://www.nysenate.gov/files/profile-pictures/Valesky-HSmp.jpg,2011-05-05 01:29:13.769000,2013-02-22 13:46:40.191000
NYL000014,Hugh T Farley,Hugh,T,Farley,,,True,ny,upper,49,Republican,e3896e94b3fc4fe195007c01b29dcff9,http://www.nysenate.gov/files/profile-pictures/SD44_Farley.jpg,2011-05-05 01:29:13.646000,2013-02-22 13:46:40.168000
NYL000057,Daniel L Squadron,Daniel,L,Squadron,,,True,ny,upper,26,Democratic,4c53bbe3390b4e7fa90d0abe0b7f3fe9,http://www.nysenate.gov/files/profile-pictures/%2803-05-09%29%20Squadron%20HS-040.jpg,2011-05-05 01:29:13.764000,2013-02-22 13:46:39.828000
NYL000039,Velmanette Montgomery,Velmanette,,Montgomery,,,True,ny,upper,25,Democratic,f11b145a6ba7410da482978247d8edd4,http://www.nysenate.gov/files/profile-pictures/headshot.jpg,2011-05-05 01:29:13.731000,2013-02-22 13:46:39.952000
NYL000052,Diane J Savino,Diane,J,Savino,,,True,ny,upper,23,Democratic,b86aa7d3834d41d1b17c3d09d0bec7cd,http://www.nysenate.gov/files/profile-pictures/%2803-03-09%29%20Savino-HS-019.jpg,2011-05-05 01:29:13.754000,2013-02-22 13:46:39.565000
NYL000008,David Carlucci,David,,Carlucci,,,True,ny,upper,38,Democratic,df777602b42349a6804463051d8e47a6,http://www.nysenate.gov/files/profile-pictures/%2812-07-10%29%20Carlucci-HS-028.jpg,2011-05-05 01:29:13.499000,2013-02-22 13:46:39.849000
NYL000006,John J Bonacic,John,J,Bonacic,,,True,ny,upper,42,Republican,71bf19e0d78b4b578372e0657ee4164e,http://www.nysenate.gov/files/profile-pictures/%2803-06-06%29%2009%20%20HS%20Bonacic-HS-007-ret-5x7.JPG,2011-05-05 01:29:13.496000,2013-02-22 13:46:40.233000
NYL000045,Bill Perkins,Bill,,Perkins,,,True,ny,upper,30,Democratic,8d5462c589b244479cc9b7bce1eeafae,http://www.nysenate.gov/files/profile-pictures/%2802-05-09%29%20Perkins-HS-004_0.jpg,2011-05-05 01:29:13.741000,2013-02-22 13:46:39.938000
