RIL000003,Rhoda E. Perry,Rhoda E.,,Perry,,,False,ri,,,,53786a47282943158233ea3d838a5a8c,,2012-02-10 01:13:11.916000,2013-01-07 22:21:01.100000
RIL000009,Michael J. Pinga,Michael J.,,Pinga,,,False,ri,,,,14629dd64009414881b5535a71dea6f1,,2012-02-10 01:13:11.987000,2013-01-07 22:21:01.122000
RIL000018,"Frank A. DeVall, Jr.",Frank A.,,DeVall,Jr.,,False,ri,,,,60d198849b9442c7aa183a25035d7026,,2012-02-10 01:13:12.157000,2013-01-07 22:21:01.123000
RIL000019,Bethany L. Moura,Bethany L.,,Moura,,,False,ri,,,,6f4dfd0052b64184ac3222176816f2e3,,2012-02-10 01:13:12.186000,2013-01-07 22:21:01.124000
RIL000022,"John J. Tassoni, Jr.",John J.,,Tassoni,Jr.,,False,ri,,,,0fd20d143dfe40c7b4aac4cb72752e5d,,2012-02-10 01:13:12.222000,2013-01-07 22:21:01.101000
RIL000026,Beatrice A. Lanzi,Beatrice A.,,Lanzi,,,False,ri,,,,69b5d285adab480aabde8020254441be,,2012-02-10 01:13:12.266000,2013-01-07 22:21:01.125000
RIL000033,Glenford J. Shibley,Glenford J.,,Shibley,,,False,ri,,,,6c675f40940541ef928157b48d4b92ed,,2012-02-10 01:13:12.347000,2013-01-07 22:21:01.126000
RIL000034,"Francis T. Maher, Jr.",Francis T.,,Maher,Jr.,,False,ri,,,,51fa006d5ea74ff1b974e153213d8527,,2012-02-10 01:13:12.360000,2013-01-07 22:21:01.131000
RIL000039,"John J. McCauley, Jr.",John J.,,McCauley,Jr.,,False,ri,,,,3ec2b6ae8a6342dc967bcffd993895df,,2012-02-10 01:13:12.434000,2013-01-07 22:21:01.102000
RIL000046,Michael A. Tarro,Michael A.,,Tarro,,,False,ri,,,,925bfc43c57a48fe9d97ebeb255ed85b,https://lh3.googleusercontent.com/-KT0z9iL7qOw/Txncp5OyUXI/AAAAAAAAHxg/lxcH_Yh0tt4/s720/Tarro%2520photo.jpg,2012-02-10 01:13:12.516000,2013-01-07 22:21:01.108000
RIL000050,Leo Medina,Leo,,Medina,,,False,ri,,,,6cef59f9d1d0472f82c9c58820165147,https://lh6.googleusercontent.com/-zIs5i7S-OAo/TxngI8F13VI/AAAAAAAAH5E/p2plfcrM7-0/s720/Rep%2520Leo%2520Medina%2520web%2520photo.jpg,2012-02-10 01:13:12.565000,2013-01-07 22:21:01.109000
RIL000061,Robert E. Flaherty,Robert E.,,Flaherty,,,False,ri,,,,0e390e3ed55d4928823137fe7cd95368,https://lh4.googleusercontent.com/-5aNU8LaeQ4w/TxncLf_x5mI/AAAAAAAAHvA/nlxeisCTOfs/s500/DSC_5753.jpg,2012-02-10 01:13:12.739000,2013-01-07 22:21:01.110000
RIL000068,Robert A. Watson,Robert A.,,Watson,,,False,ri,,,,520679e4026d48c5b00f87f93ae281b2,https://lh6.googleusercontent.com/-gOaXpycUnOU/TxndiwnZoCI/AAAAAAAAH54/blZOj7Eijvk/s500/DSC_3999.jpg,2012-02-10 01:13:12.829000,2013-01-07 22:21:01.111000
RIL000070,Laurence W. Ehrhardt,Laurence W.,,Ehrhardt,,,False,ri,,,,0ea1fd4b7ead493e95390767ae435d98,,2012-02-10 01:13:12.861000,2013-01-07 22:21:01.112000
RIL000083,Peter John Petrarca,Peter John,,Petrarca,,,False,ri,,,,fb9510742ea045b989ed365641510c68,,2012-02-10 01:13:13.086000,2013-01-07 22:21:01.104000
RIL000084,Rene R. Menard,Rene R.,,Menard,,,False,ri,,,,57436f13cb2b4fd4a346dcf4cdf64c52,,2012-02-10 01:13:13.098000,2013-01-07 22:21:01.113000
RIL000089,Jon D. Brien,Jon D.,,Brien,,,False,ri,,,,d78e7e9a88a64e5cbf21a4dd3df3ec5f,,2012-02-10 01:13:13.165000,2013-01-07 22:21:01.115000
RIL000093,Gregory J. Schadone,Gregory J.,,Schadone,,,False,ri,,,,1f1c8760aaf141c8b65c335da103939f,,2012-02-10 01:13:13.212000,2013-01-07 22:21:01.116000
RIL000102,Roberto DaSilva,Roberto,,DaSilva,,,False,ri,,,,16d7b5c7093b4586bc31cb077d3a19da,https://lh5.googleusercontent.com/-xEv9Xxi34aA/TxngEqy9Y0I/AAAAAAAAGnM/Q9NxQEIjckE/s576/DSC_0229.jpg,2012-02-10 01:13:13.326000,2013-01-07 22:21:01.117000
RIL000103,John A. Savage,John A.,,Savage,,,False,ri,,,,3941f2dd4ee24476823c6950433931f3,,2012-02-10 01:13:13.337000,2013-01-07 22:21:01.105000
RIL000106,Richard P. Morrison,Richard P.,,Morrison,,,False,ri,,,,2a36ea6755e04fa581064acf9f3bdde6,https://lh3.googleusercontent.com/-EhRDtyx_3bk/TxnfSlXrvUI/AAAAAAAAIH4/3pTQ403TUds/s500/Morrison%2520photo%2520web.jpg,2012-02-10 01:13:13.368000,2013-01-07 22:21:01.106000
RIL000109,Daniel P. Gordon Jr.,Daniel P.,,Gordon,Jr.,,False,ri,,,,39d795fd497f4d87992b9401deb7a64d,https://lh5.googleusercontent.com/-m9xttli2K4o/TxnczBHLwVI/AAAAAAAAFjM/bw0-vglW1_o/s400/Gordon%2520photo%2520web.jpg,2012-02-10 01:13:13.399000,2013-01-07 22:21:01.118000
RIL000110,Daniel Patrick Reilly,Daniel Patrick,,Reilly,,,False,ri,,,,482d282a72574450be4023f183a69aff,https://lh3.googleusercontent.com/-kqxrRyyj7_0/Txnc5lP7q2I/AAAAAAAAITQ/yPN4dGVIHgc/s720/Reilly%2520photo%2520%2520web.jpg,2012-02-10 01:13:13.411000,2013-01-07 22:21:01.119000
RIL000111,J. Russell Jackson,J. Russell,,Jackson,,,False,ri,,,,36568d38fd42451ca8610a9867e60618,,2012-02-10 01:13:13.426000,2013-01-07 22:21:01.120000
RIL000133,William W. O'Brien,William,W.,O'Brien,,,True,ri,lower,54,Democratic,,,2013-01-07 22:21:00.829000,2013-03-01 02:20:01.927000
RIL000040,Christopher R. Blazejewski,Christopher R.,,Blazejewski,,,True,ri,lower,2,Democratic,311d8cf7840940feb28b36ac325ce369,https://lh3.googleusercontent.com/-G81vsyDYwLo/Txnd3oJf4jI/AAAAAAAAIFs/raNZhpKNJlk/s451/Blazejewski%2520photo%2520web.jpg,2012-02-10 01:13:12.444000,2013-03-01 02:20:01.842000
RIL000042,Gordon D. Fox,Gordon D.,,Fox,,,True,ri,lower,4,Democratic,9e48918626994d5d8957792c86b201b2,http://www.rilin.state.ri.us/images/foxPic.jpg,2012-02-10 01:13:12.475000,2013-03-01 02:20:01.587000
RIL000044,Raymond A. Hull,Raymond A.,,Hull,,,True,ri,lower,6,Democratic,36103351d7784a1687a5fa2ad1df3390,https://lh5.googleusercontent.com/-KVYzLQ449bk/TxneacZ6fVI/AAAAAAAAH4s/mgS34hkmw6w/s400/Hull%2520photo%2520web.jpg,2012-02-10 01:13:12.496000,2013-03-01 02:20:01.819000
RIL000047,Anastasia P. Williams,Anastasia P.,,Williams,,,True,ri,lower,9,Democratic,9ebd9b4eadf64aeda6c518878f5448af,https://lh3.googleusercontent.com/-VnjjBHHjmPk/TxngVuPHotI/AAAAAAAAGtg/uBqV5ksS2WY/s500/6968.jpg,2012-02-10 01:13:12.527000,2013-03-01 02:20:01.834000
RIL000048,Scott A. Slater,Scott A.,,Slater,,,True,ri,lower,10,Democratic,9b25c643cecd47e2a24ed868c9915d3e,,2012-02-10 01:13:12.545000,2013-03-01 02:20:01.904000
RIL000052,Charlene M. Lima,Charlene M.,,Lima,,,True,ri,lower,14,Democratic,4c78afe24a5f434592064b3d3905ef73,,2012-02-10 01:13:12.613000,2013-03-01 02:20:01.973000
RIL000053,Nicholas A. Mattiello,Nicholas A.,,Mattiello,,,True,ri,lower,15,Democratic,501c329d9f124548a404f3ffae438d55,http://www.rilin.state.ri.us/images/MattielloPic.jpg,2012-02-10 01:13:12.627000,2013-03-01 02:20:01.589000
RIL000059,Eileen S. Naughton,Eileen S.,,Naughton,,,True,ri,lower,21,Democratic,fea55cb4548f49cf9561099accf1f57f,,2012-02-10 01:13:12.714000,2013-03-01 02:20:01.925000
RIL000060,Frank G. Ferri,Frank G.,,Ferri,,,True,ri,lower,22,Democratic,120379d746924ce7b4469fce2c3d48a1,,2012-02-10 01:13:12.725000,2013-03-01 02:20:02.084000
RIL000062,Joseph A. Trillo,Joseph A.,,Trillo,,,True,ri,lower,24,Republican,6a516249ee3e4d5487c08216499f1adb,https://lh6.googleusercontent.com/-w8BxpbZpnxc/TxncFqQq4AI/AAAAAAAAFU0/rExJsFqomF4/s500/DSC_4024.jpg,2012-02-10 01:13:12.751000,2013-03-01 02:20:01.748000
RIL000063,Jared R. Nunes,Jared R.,,Nunes,,,True,ri,lower,25,Democratic,ded72c2a267b4a61928e76cdb2a49b3f,https://lh3.googleusercontent.com/-wE9lzyO9Rdw/TxnefwiWQ8I/AAAAAAAAGJc/w6qEUr9Srzo/s500/Nunes%2520photo%2520web.jpg,2012-02-10 01:13:12.761000,2013-03-01 02:20:02.091000
RIL000065,Patricia A. Serpa,Patricia A.,,Serpa,,,True,ri,lower,27,Democratic,64f972bb16ed43379e1176835abd31f2,,2012-02-10 01:13:12.786000,2013-03-01 02:20:02.098000
RIL000066,Scott J. Guthrie,Scott J.,,Guthrie,,,True,ri,lower,28,Democratic,d71d508b561c4472a21c21152bae6c09,,2012-02-10 01:13:12.807000,2013-03-01 02:20:01.917000
RIL000071,"Donald J. Lally, Jr.",Donald J.,,Lally,Jr.,,True,ri,lower,33,Democratic,85957f041f87451492b91ca03190f0c2,,2012-02-10 01:13:12.876000,2013-03-01 02:20:01.850000
RIL000072,Teresa Ann Tanzi,Teresa Ann,,Tanzi,,,True,ri,lower,34,Democratic,1f76e60069f147d28e97498ee5465475,https://lh3.googleusercontent.com/-6DxRzz3-OTI/Txng6gODAuI/AAAAAAAAG54/ERicIe4dWx4/s720/Tanzi%2520photo%2520web.jpg,2012-02-10 01:13:12.901000,2013-03-01 02:20:02.001000
RIL000075,Samuel A. Azzinaro,Samuel A.,,Azzinaro,,,True,ri,lower,37,Democratic,83050700532347ccb0d2bea43808dbcd,,2012-02-10 01:13:12.943000,2013-03-01 02:20:01.883000
RIL000077,Larry Valencia,Larry,,Valencia,,,True,ri,lower,39,Democratic,14b6b336e6224d4e8e7e081eaaf10e52,https://lh5.googleusercontent.com/-XAyp6Gh_Gok/Txngmw6UEDI/AAAAAAAAKwk/HeAVPLCFhoI/s720/Valencia%2520photo%2520web.jpg,2012-02-10 01:13:12.968000,2013-03-01 02:20:01.930000
RIL000079,Michael J. Marcello,Michael J.,,Marcello,,,True,ri,lower,41,Democratic,4a43eeda9894446dac35e73b589876cf,,2012-02-10 01:13:13.015000,2013-03-01 02:20:01.993000
RIL000126,K. Joseph Shekarchi,K. Joseph,,Shekarchi,,,True,ri,lower,23,Democratic,,,2013-01-07 22:21:00.535000,2013-03-01 02:20:01.825000
RIL000129,Gregory J. Costantino,Gregory J.,,Costantino,,,True,ri,lower,44,Democratic,,,2013-01-07 22:21:00.673000,2013-03-01 02:20:01.963000
RIL000137,Dennis M. Canario,Dennis M.,,Canario,,,True,ri,lower,71,Democratic,,,2013-01-07 22:21:00.934000,2013-03-01 02:20:02.016000
RIL000138,Linda D. Finn,Linda D.,,Finn,,,True,ri,lower,72,Democratic,,,2013-01-07 22:21:00.940000,2013-03-01 02:20:02.085000
RIL000088,Lisa Baldelli-Hunt,Lisa,,Baldelli-Hunt,,,True,ri,lower,49,Democratic,3daa52021e51465692fe3e415a30fd73,,2012-02-10 01:13:13.154000,2013-03-01 02:20:01.983000
RIL000124,John J. Lombardi,John J.,,Lombardi,,,True,ri,lower,8,Democratic,,,2013-01-07 22:21:00.438000,2013-03-01 02:20:01.921000
RIL000136,Kenneth A. Marshall,Kenneth A.,,Marshall,,,True,ri,lower,68,Democratic,cfcf4f8a08604729b323b7255ba82d43,,2013-01-07 22:21:00.913000,2013-03-01 02:20:01.974000
RIL000128,"Robert E. Craven, Sr.",Robert E.,,Craven,Sr.,,True,ri,lower,32,Democratic,,,2013-01-07 22:21:00.596000,2013-03-01 02:20:02.018000
RIL000132,Stephen M. Casey,Stephen M.,,Casey,,,True,ri,lower,50,Democratic,bb9d34b500454c93bfc580fca9216368,,2013-01-07 22:21:00.803000,2013-03-01 02:20:01.885000
RIL000130,Mia A. Ackerman,Mia A.,,Ackerman,,,True,ri,lower,45,Democratic,628b738b8b8a40e7bf315fd7a4575316,,2013-01-07 22:21:00.710000,2013-03-01 02:20:01.958000
RIL000043,John J. DeSimone,John J.,,DeSimone,,,True,ri,lower,5,Democratic,167e6b391ec24566b4f24a468eff338a,https://lh4.googleusercontent.com/-YdxNZMk078Q/TxnddhHYrAI/AAAAAAAAIOg/clsMwvkYQ6E/s576/DSC_6952.JPG,2012-02-10 01:13:12.486000,2013-03-01 02:20:01.965000
RIL000045,Maria E. Cimini,Maria E.,,Cimini,,,True,ri,lower,7,Democratic,f54724a931574ca38884176e76796b9c,https://lh6.googleusercontent.com/-cdEAwjzo61Y/TxncbAZoJ1I/AAAAAAAAFcU/E8qh5Xne2g0/s720/Cimini%2520photo%2520web.jpg,2012-02-10 01:13:12.506000,2013-03-01 02:20:01.915000
RIL000049,Grace Diaz,Grace,,Diaz,,,True,ri,lower,11,Democratic,dffc865567c84f4c962754184e81a6cd,,2012-02-10 01:13:12.555000,2013-03-01 02:20:01.848000
RIL000051,John M. Carnevale,John M.,,Carnevale,,,True,ri,lower,13,Democratic,11e322bb598f41aeb6598169bba3856a,https://lh4.googleusercontent.com/-XOQVBPapfgw/TxndP2TbWtI/AAAAAAAAIN8/gw3f1YwYswg/s576/DSC_7529.JPG,2012-02-10 01:13:12.584000,2013-03-01 02:20:01.683000
RIL000054,Peter G. Palumbo,Peter G.,,Palumbo,,,True,ri,lower,16,Democratic,fc99ad6c0a92488392fca940f43b8ce3,https://lh6.googleusercontent.com/-seZlKj8b_t0/Txnd0H9UCYI/AAAAAAAAHyQ/8LsNuD2l4uI/s500/DSC_7575.JPG,2012-02-10 01:13:12.638000,2013-03-01 02:20:01.902000
RIL000055,Robert B. Jacquard,Robert B.,,Jacquard,,,True,ri,lower,17,Democratic,e0a932e18a4446c38477cc023f2d6a1c,,2012-02-10 01:13:12.653000,2013-03-01 02:20:01.947000
RIL000056,Arthur Handy,Arthur,,Handy,,,True,ri,lower,18,Democratic,c3207254d2f44161bbc02acd5c529fb2,,2012-02-10 01:13:12.667000,2013-03-01 02:20:01.943000
RIL000057,Joseph M. McNamara,Joseph M.,,McNamara,,,True,ri,lower,19,Democratic,a200c06878fa44d69f912c56641ec32f,https://lh4.googleusercontent.com/-GGWKAOtlEPg/TxnflzPXwII/AAAAAAAAIBo/iBf5vUjODNw/s400/McNamara.jpg,2012-02-10 01:13:12.684000,2013-03-01 02:20:01.923000
RIL000058,David A. Bennett,David A.,,Bennett,,,True,ri,lower,20,Democratic,b0136e5ed48344fda848b9e521ad40f6,https://lh3.googleusercontent.com/-O7HRnKN1_Wc/Txne4jxPXDI/AAAAAAAAH0s/RzMQBQJBOoA/s720/Bennett%2520photo%2520web.jpg,2012-02-10 01:13:12.695000,2013-03-01 02:20:01.961000
RIL000064,Patricia L. Morgan,Patricia L.,,Morgan,,,True,ri,lower,26,Republican,a5c264be4db548a4947ab2f8c5879ad8,https://lh5.googleusercontent.com/-hhlxD9k24jA/Txndesxt8iI/AAAAAAAAHwc/S3f3_XUOJw8/s500/Morgan%2520photo%2520web.jpg,2012-02-10 01:13:12.775000,2013-03-01 02:20:01.854000
RIL000067,Lisa P. Tomasso,Lisa P.,,Tomasso,,,True,ri,lower,29,Democratic,b7b828ae40314fe5b822c58f20dcf3c9,https://lh3.googleusercontent.com/-kkZ4sD-KjAw/TxnfvzH-O3I/AAAAAAAAH4Q/NfqZCkzO85M/s720/Tomasso%2520photo%2520web.jpg,2012-02-10 01:13:12.818000,2013-03-01 02:20:02.007000
RIL000069,Doreen Marie Costa,Doreen Marie,,Costa,,,True,ri,lower,31,Republican,e9cbe097082d485cb54b4fa78582966d,https://lh6.googleusercontent.com/-2jPvZxgW_wM/TxneJ8G9imI/AAAAAAAAH8k/BOIVujaF90Q/s720/Costa%2520photo%2520web.jpg,2012-02-10 01:13:12.840000,2013-03-01 02:20:01.887000
RIL000073,Spencer E. Dickinson,Spencer E.,,Dickinson,,,True,ri,lower,35,Democratic,4efe09c2ad904b09a8cb1bd2994413a3,https://lh3.googleusercontent.com/--PeNn3IWzHQ/TxngkE0FI7I/AAAAAAAAIGs/hDs3vt5qelw/s720/Dickinson%2520photo%2520web.jpg,2012-02-10 01:13:12.912000,2013-03-01 02:20:02.020000
RIL000074,Donna M. Walsh,Donna M.,,Walsh,,,True,ri,lower,36,Democratic,674553ad45064c2caf301db2afd07b55,,2012-02-10 01:13:12.932000,2013-03-01 02:20:02.009000
RIL000076,Brian Patrick Kennedy,Brian Patrick,,Kennedy,,,True,ri,lower,38,Democratic,0342e8a664414860bd05cdd876eb78b7,,2012-02-10 01:13:12.953000,2013-03-01 02:20:01.729000
RIL000078,Michael W. Chippendale,Michael W.,,Chippendale,,,True,ri,lower,40,Republican,6dac7b833b434362a52d4281dfcc6689,https://lh3.googleusercontent.com/-bQ0-XhZuCII/Txnd-FUhjcI/AAAAAAAAF94/Pm_LfkS6LJs/s720/Chippendale%2520photo%2520web.jpg,2012-02-10 01:13:12.989000,2013-03-01 02:20:01.985000
RIL000080,Stephen R. Ucci,Stephen R.,,Ucci,,,True,ri,lower,42,Democratic,72d9efd74cda4b2fac54a5231618fc5e,https://lh6.googleusercontent.com/-16ooyZUlMLs/TxndJ9w5m0I/AAAAAAAAFqk/BjcUWGniUiY/s500/Ucci9.jpg,2012-02-10 01:13:13.040000,2013-03-01 02:20:01.876000
RIL000082,Deborah A. Fellela,Deborah A.,,Fellela,,,True,ri,lower,43,Democratic,1e6d25708f994cbabae7ac5efc7189d6,https://lh3.googleusercontent.com/-346cyU99CDI/TxnhtcrQ4dI/AAAAAAAAH-Q/MnwCKcURhgw/s436/DSC_5758.JPG,2012-02-10 01:13:13.069000,2013-03-01 02:20:01.942000
RIL000085,Jeremiah T. O'Grady,Jeremiah T.,,O'Grady,,,True,ri,lower,46,Democratic,0d9f33e105ac4eb6bce4e6457486cf76,https://lh4.googleusercontent.com/-MRfVjNdf35k/TxndmsqElKI/AAAAAAAAHtk/2X4Nu3DqOmI/s450/O%2527Grady%2520photo%2520web.jpg,2012-02-10 01:13:13.109000,2013-03-01 02:20:01.995000
RIL000086,Cale P. Keable,Cale P.,,Keable,,,True,ri,lower,47,Democratic,71c330adabd349fcb51435c1978be311,https://lh4.googleusercontent.com/-DA5HB0K5Rb4/TxnfoKw2tsI/AAAAAAAAH2w/1ZcSp9V-HJg/s400/Keable%2520photo%2520web-1.jpg,2012-02-10 01:13:13.120000,2013-03-01 02:20:01.821000
RIL000087,Brian C. Newberry,Brian C.,,Newberry,,,True,ri,lower,48,Republican,db9a6ec014eb4e4c90e1ebff0b908fc0,http://www.rilin.state.ri.us/images/NewberryPic.jpg,2012-02-10 01:13:13.142000,2013-03-01 02:20:01.976000
RIL000090,Robert D. Phillips,Robert D.,,Phillips,,,True,ri,lower,51,Democratic,349202fd66e84ae1abef1adf261d4bc7,https://lh6.googleusercontent.com/-AVlITcCipTk/TxncXnGKUhI/AAAAAAAAFbQ/WXqHQEqT-lM/s500/Phillips%2520photo%2520web.jpg,2012-02-10 01:13:13.175000,2013-03-01 02:20:02.094000
RIL000091,Karen L. MacBeth,Karen L.,,MacBeth,,,True,ri,lower,52,Democratic,3f5c607094c343838289baccf0973aa1,,2012-02-10 01:13:13.186000,2013-03-01 02:20:01.991000
RIL000092,Thomas Winfield,Thomas,,Winfield,,,True,ri,lower,53,Democratic,52eb866ebd91460f850c40a17fa4e4c1,,2012-02-10 01:13:13.196000,2013-03-01 02:20:02.011000
RIL000095,Agostinho F. Silva,Agostinho F.,,Silva,,,True,ri,lower,56,Democratic,8a21c1c17ddb43e883c0da6f76070079,,2012-02-10 01:13:13.239000,2013-03-01 02:20:01.856000
RIL000096,James N. McLaughlin,James N.,,McLaughlin,,,True,ri,lower,57,Democratic,9318a0f1d4d14d6d8e2986baf4fb79c3,https://lh3.googleusercontent.com/-UsPlU6wWLzI/TxndBiWfCeI/AAAAAAAAHmY/XYkG6Ax8LAQ/s400/Mclaughlin%2520photo%2520web.jpg,2012-02-10 01:13:13.250000,2013-03-01 02:20:01.899000
RIL000097,"William San Bento, Jr.",William San,,Bento,Jr.,,True,ri,lower,58,Democratic,7f3682ccdc0f496788a412c041698e0f,,2012-02-10 01:13:13.264000,2013-03-01 02:20:01.703000
RIL000098,J. Patrick O'Neill,J. Patrick,,O'Neill,,,True,ri,lower,59,Democratic,3922d87495c4403093497ea2dd71a9b7,,2012-02-10 01:13:13.274000,2013-03-01 02:20:01.772000
RIL000099,Elaine A. Coderre,Elaine A.,,Coderre,,,True,ri,lower,60,Democratic,d6a89f1e08cb45538f8bb9a211d028f5,https://lh3.googleusercontent.com/-FwPJIXUGCsM/TxngaDXJoUI/AAAAAAAAH8Y/ntiqVBbVjBM/s400/DOMESTIC%2520VIOLENCE%2520BILL%2520027.jpg,2012-02-10 01:13:13.285000,2013-03-01 02:20:01.987000
RIL000100,Raymond H. Johnston Jr.,Raymond H.,,Johnston,Jr.,,True,ri,lower,61,Democratic,c09fd2cba78b443f83af719753781ea5,,2012-02-10 01:13:13.304000,2013-03-01 02:20:01.969000
RIL000101,Mary Duffy Messier,Mary Duffy,,Messier,,,True,ri,lower,62,Democratic,f76e862489454dd9aaa77711218327a7,,2012-02-10 01:13:13.315000,2013-03-01 02:20:01.949000
RIL000081,Helio Melo,Helio,,Melo,,,True,ri,lower,64,Democratic,a51c20ed3ea54af99beb9ccb5eaee87b,,2012-02-10 01:13:13.051000,2013-03-01 02:20:01.696000
RIL000104,Joy Hearn,Joy,,Hearn,,,True,ri,lower,66,Democratic,82c974371892414c94417b114d2f2f3c,https://lh3.googleusercontent.com/-iajW8rAncBs/TxnfCk7vwXI/AAAAAAAAIHg/hOatoPnPm9Y/s500/DSC_4034.jpg,2012-02-10 01:13:13.347000,2013-03-01 02:20:01.967000
RIL000105,Jan P. Malik,Jan P.,,Malik,,,True,ri,lower,67,Democratic,038f3b27fe3a4f5caa7223eea49567ff,,2012-02-10 01:13:13.357000,2013-03-01 02:20:02.089000
RIL000107,"Raymond E. Gallison, Jr.",Raymond E.,,Gallison,Jr.,,True,ri,lower,69,Democratic,aa8650035f574905a0178364924f202f,https://lh6.googleusercontent.com/-LFFYv55s1TQ/Txnh8cVLPRI/AAAAAAAAHO0/NntcPc0j6U0/s500/DSC_4015.jpg,2012-02-10 01:13:13.378000,2013-03-01 02:20:01.891000
RIL000108,John G. Edwards,John G.,,Edwards,,,True,ri,lower,70,Democratic,86fc23c3a0524c378105e24c535d6bb3,https://lh4.googleusercontent.com/-QHGGmcs6jaE/Txnf9Z8tZWI/AAAAAAAAGlA/cawhslZNeck/s576/DSC_4038.jpg,2012-02-10 01:13:13.388000,2013-03-01 02:20:02.081000
RIL000112,Deborah Ruggiero,Deborah,,Ruggiero,,,True,ri,lower,74,Democratic,72d59ccd8db34825a51b85ce3afe0d36,,2012-02-10 01:13:13.437000,2013-03-01 02:20:02.096000
RIL000113,Peter Martin,Peter,,Martin,,,True,ri,lower,75,Democratic,675ed701896347b5aade0a5852f27d98,,2012-02-10 01:13:13.447000,2013-03-01 02:20:01.897000
RIL000094,Arthur J. Corvese,Arthur J.,,Corvese,,,True,ri,lower,55,Democratic,a816dbf94922467fb4f4f4a2c26d0e5a,https://lh4.googleusercontent.com/-5vtBP--j_J8/Tx8prj8mICI/AAAAAAAAIUk/GTB0mglfkkI/s436/DSC_5750.jpg,2012-02-10 01:13:13.228000,2013-03-01 02:20:01.989000
RIL000139,Marvin L. Abney,Marvin L.,,Abney,,,True,ri,lower,73,Democratic,7aca0027054f475c89931a4648f74324,,2013-01-07 22:21:00.946000,2013-03-01 02:20:01.881000
RIL000041,Edith H. Ajello,Edith H.,,Ajello,,,True,ri,lower,1,Democratic,3a0e71867a4945c09bed2f8f8845f402,https://lh4.googleusercontent.com/-yEL0NjI0lPQ/TxncEo8YzXI/AAAAAAAAFUY/iAm1GRIANJ8/s696/DSC_8568.jpg,2012-02-10 01:13:12.454000,2013-03-01 02:20:01.753000
RIL000134,Katherine S. Kazarian,Katherine S.,,Kazarian,,,True,ri,lower,63,Democratic,82a778fa39e34f11bf6c4e0739b7a82a,,2013-01-07 22:21:00.883000,2013-03-01 02:20:01.971000
RIL000125,Joseph S. Almeida,Joseph S.,,Almeida,,,True,ri,lower,12,Democratic,096d17f183d74c07927a8c3c8e5caf97,,2013-01-07 22:21:00.463000,2013-03-01 02:20:01.840000
RIL000135,Gregg Amore,Gregg,,Amore,,,True,ri,lower,65,Democratic,82faeadaff324caca86cae6ab50c466c,,2013-01-07 22:21:00.895000,2013-03-01 02:20:01.960000
RIL000123,Thomas A. Palangio,Thomas A.,,Palangio,,,True,ri,lower,3,Democratic,4569b1cb860743ebbc27b99c75176873,,2013-01-07 22:21:00.407000,2013-03-01 02:20:01.996000
RIL000127,Antonio Giarrusso,Antonio,,Giarrusso,,,True,ri,lower,30,Republican,d93f16b1f78b4699bac9a54acb677eed,,2013-01-07 22:21:00.583000,2013-03-01 02:20:02.087000
RIL000017,Edward J. O'Neill,Edward J.,,O'Neill,,,True,ri,upper,17,Independent,,,2012-02-10 01:13:12.116000,2013-03-01 02:20:01.479000
RIL000023,Paul W. Fogarty,Paul W.,,Fogarty,,,True,ri,upper,23,Democratic,ab9e166437ea4d0e91a1b38e0c97145f,,2012-02-10 01:13:12.233000,2013-03-01 02:20:01.532000
RIL000005,Paul V. Jabour,Paul V.,,Jabour,,,True,ri,upper,5,Democratic,476999855b84465ea48561267e5a385b,,2012-02-10 01:13:11.936000,2013-03-01 02:20:01.571000
RIL000006,Harold M. Metts,Harold M.,,Metts,,,True,ri,upper,6,Democratic,206825fa63424717901e97b51531b0fb,,2012-02-10 01:13:11.946000,2013-03-01 02:20:01.520000
RIL000007,"Frank A. Ciccone, III",Frank A.,,Ciccone,III,,True,ri,upper,7,Democratic,0a0b3f93673c4c11b4b41b690b2ee087,,2012-02-10 01:13:11.963000,2013-03-01 02:20:01.668000
RIL000008,James E. Doyle II,James E.,,Doyle,II,,True,ri,upper,8,Democratic,ee1906a432ab418d8297f84246ef7f4f,,2012-02-10 01:13:11.973000,2013-03-01 02:20:01.530000
RIL000010,"Walter S. Felag, Jr.",Walter S.,,Felag,Jr.,,True,ri,upper,10,Democratic,63cefbbb62064ea59dfb2bd23dbadd69,,2012-02-10 01:13:12.005000,2013-03-01 02:20:01.569000
RIL000011,Christopher Scott Ottiano,Christopher Scott,,Ottiano,,,True,ri,upper,11,Republican,abe71251567f48bda6efbd12aca2d686,,2012-02-10 01:13:12.015000,2013-03-01 02:20:01.617000
RIL000013,M. Teresa Paiva Weed,M. Teresa Paiva,,Weed,,,True,ri,upper,13,Democratic,8db6857af10442208d77dd51b7bbb384,http://www.rilin.state.ri.us/images/paiva-weedPic.jpg,2012-02-10 01:13:12.036000,2013-03-01 02:20:01.593000
RIL000014,Daniel Da Ponte,Daniel,,Da Ponte,,,True,ri,upper,14,Democratic,aa2e9fdc6b48402c9dfcdf5850a1c220,,2012-02-10 01:13:12.056000,2013-03-01 02:20:01.551000
RIL000020,Roger A. Picard,Roger A.,,Picard,,,True,ri,upper,20,Democratic,3f421938b1a842448c995510917a00ce,http://webserver.rilin.state.ri.us/Picard/photos/DSC_8576.JPG,2012-02-10 01:13:12.196000,2013-03-01 02:20:01.544000
RIL000021,Nicholas D. Kettle,Nicholas D.,,Kettle,,,True,ri,upper,21,Republican,428b87d87b4a43e3b6eb2c920df4c92b,,2012-02-10 01:13:12.207000,2013-03-01 02:20:01.420000
RIL000024,Marc A. Cote,Marc A.,,Cote,,,True,ri,upper,24,Democratic,73049bb21715482eac2959f5aba95917,,2012-02-10 01:13:12.244000,2013-03-01 02:20:01.567000
RIL000025,Frank Lombardo III,Frank,,Lombardo,III,,True,ri,upper,25,Democratic,fabcebae9c914d3cadb706483132a6fa,,2012-02-10 01:13:12.256000,2013-03-01 02:20:01.634000
RIL000027,Hanna M. Gallo,Hanna M.,,Gallo,,,True,ri,upper,27,Democratic,6021a00af269459987b9b3f7dbf6a275,,2012-02-10 01:13:12.276000,2013-03-01 02:20:01.655000
RIL000028,Joshua B. Miller,Joshua B.,,Miller,,,True,ri,upper,28,Democratic,598e64882af34a6d9547b13c83196632,,2012-02-10 01:13:12.286000,2013-03-01 02:20:01.609000
RIL000030,William A. Walaska,William A.,,Walaska,,,True,ri,upper,30,Democratic,87be23cb801c49a8a6e7eef439c45a33,,2012-02-10 01:13:12.306000,2013-03-01 02:20:01.628000
RIL000031,Erin P. Lynch,Erin P.,,Lynch,,,True,ri,upper,31,Democratic,bb1540d9b3e84f55a6063198c39ec47d,,2012-02-10 01:13:12.316000,2013-03-01 02:20:01.636000
RIL000035,Dawson Tucker Hodgson,Dawson Tucker,,Hodgson,,,True,ri,upper,35,Republican,e86b08158cd848e6abb43a2b330784c2,,2012-02-10 01:13:12.371000,2013-03-01 02:20:01.632000
RIL000038,Dennis L. Algiere,Dennis L.,,Algiere,,,True,ri,upper,38,Republican,5697aa56488240949f7cf20a6e58c02f,http://www.rilin.state.ri.us/images/algierePic.jpg,2012-02-10 01:13:12.421000,2013-03-01 02:20:01.585000
RIL000117,Ryan W. Pearson,Ryan W.,,Pearson,,,True,ri,upper,19,Democratic,,,2013-01-07 22:21:00.260000,2013-03-01 02:20:01.577000
RIL000118,Stephen R. Archambault,Stephen R.,,Archambault,,,True,ri,upper,22,Democratic,4315a37615db49788305dcc0c64cf707,,2013-01-07 22:21:00.279000,2013-03-01 02:20:01.505000
RIL000119,Frank S. Lombardi,Frank S.,,Lombardi,,,True,ri,upper,26,Democratic,07ab0ffdf8ed4563b1a875bb864ea44b,,2013-01-07 22:21:00.306000,2013-03-01 02:20:01.538000
RIL000004,Dominick J. Ruggerio,Dominick J.,,Ruggerio,,,True,ri,upper,4,Democratic,42235e27989f47669b6185aa08c9857c,http://www.rilin.state.ri.us/images/RuggerioPIC.jpg,2012-02-10 01:13:11.926000,2013-03-01 02:14:52.456000
RIL000116,"William J. Conley, Jr.",William J.,,Conley,Jr.,,True,ri,upper,18,Democratic,27f163629d1d4f45981b73a0845afd16,,2013-01-07 22:21:00.254000,2013-03-01 02:20:01.507000
RIL000114,Gayle L. Goldin,Gayle L.,,Goldin,,,True,ri,upper,3,Democratic,990efa110b2d4321b68ac47e3dc5e543,,2013-01-07 22:21:00.142000,2013-03-01 02:20:01.489000
RIL000115,Adam J. Satchell,Adam J.,,Satchell,,,True,ri,upper,9,Democratic,3eebb1f55e5443fcaac70018f47b5540,,2013-01-07 22:21:00.189000,2013-03-01 02:20:01.497000
RIL000002,Juan M. Pichardo,Juan M.,,Pichardo,,,True,ri,upper,2,Democratic,91b854bd5ee943e4941e83609c4b1551,http://webserver.rilin.state.ri.us/Pichardo/photos/image2.jpg,2012-02-10 01:13:11.905000,2013-03-01 02:20:01.619000
RIL000012,Louis P. DiPalma,Louis P.,,DiPalma,,,True,ri,upper,12,Democratic,ef27596491bf446cae3a752c035e0977,,2012-02-10 01:13:12.026000,2013-03-01 02:20:01.601000
RIL000016,Elizabeth A. Crowley,Elizabeth A.,,Crowley,,,True,ri,upper,16,Democratic,4a6a31ed877a4bff8ec2f7893df4968a,,2012-02-10 01:13:12.105000,2013-03-01 02:20:01.670000
RIL000029,Michael J. McCaffrey,Michael J.,,McCaffrey,,,True,ri,upper,29,Democratic,78856d91cc46490684d0ecc0fef05f2a,http://webserver.rilin.state.ri.us/McCaffrey/photos/image2.jpg,2012-02-10 01:13:12.296000,2013-03-01 02:20:01.560000
RIL000036,James C. Sheehan,James C.,,Sheehan,,,True,ri,upper,36,Democratic,bfdf8c591d4e4588b4c8c4f8c2fd9ee4,,2012-02-10 01:13:12.382000,2013-03-01 02:20:01.642000
RIL000037,V. Susan Sosnowski,V. Susan,,Sosnowski,,,True,ri,upper,37,Democratic,f259217e20704151b8f00d95560cd2e0,,2012-02-10 01:13:12.410000,2013-03-01 02:20:01.659000
RIL000121,Catherine Cool Rumsey,Catherine Cool,,Rumsey,,,True,ri,upper,34,Democratic,4473892ac647420988547dd1ddbbb5b6,,2013-01-07 22:21:00.359000,2013-03-01 02:20:01.487000
RIL000120,Leonidas P. Raptakis,Leonidas P.,,Raptakis,,,True,ri,upper,33,Democratic,24ccc08d3d1842d8804f92b3d483f963,,2013-01-07 22:21:00.351000,2013-03-01 02:20:01.581000
RIL000015,Donna M. Nesselbush,Donna M.,,Nesselbush,,,True,ri,upper,15,Democratic,ea823c21652d4bf3bec9d7f0ecc3fd73,,2012-02-10 01:13:12.095000,2013-03-01 02:20:01.615000
RIL000032,David E. Bates,David E.,,Bates,,,True,ri,upper,32,Republican,1acdeec2f318476f88c0a024fea0d871,,2012-02-10 01:13:12.337000,2013-03-01 02:20:01.664000
RIL000001,Maryellen Goodwin,Maryellen,,Goodwin,,,True,ri,upper,1,Democratic,2efc15360f1f40518e859c334bbc753c,http://webserver.rilin.state.ri.us/Goodwin/photos/image5.jpg,2012-02-10 01:13:11.890000,2013-03-01 02:20:01.672000
