TXL000300,Ken Legler,Ken,,Legler,,,False,tx,,,,5fc58df3b3e840fc8c33cec498720c77,http://www.legdir.legis.state.tx.us/FlashCardDocs/images/House/small/A3550.jpg,2010-06-19 03:51:42.416000,2012-12-17 19:51:34.947000
TXL000418,Barbara Legler,Barbara,,Legler,,,False,tx,,,,,http://www.legdir.legis.state.tx.us/FlashCardDocs/images/House/small/nopicture.jpg,2012-11-03 02:32:04.016000,2013-01-09 00:29:36.910000
TXL000186,David Dewhurst,David,,Dewhurst,,,False,tx,,,Republican,33d7e58cd5b441b796cceab274f705d4,http://upload.wikimedia.org/wikipedia/commons/f/f2/David_Dewhurst.jpg,2010-06-19 03:51:42.053000,2013-03-01 04:34:34.367000
TXL000205,Eliot Shapleigh,Eliot,,Shapleigh,,,False,tx,,,,91160a5abbf14fc98a6861d616a20231,http://www.legdir.legis.state.tx.us/FlashCardDocs/images/Senate/small/A1540.jpg,2010-06-19 03:51:42.100000,2011-01-11 18:41:26.081000
TXL000220,Leo Berman,Leo,,Berman,,,False,tx,,,,866a4a7398534591baa1dce4123104dd,http://www.legdir.legis.state.tx.us/FlashCardDocs/images/House/small/A2205.jpg,2010-06-19 03:51:42.147000,2013-01-09 00:29:36.912000
TXL000222,Valinda Bolton,Valinda,,Bolton,,,False,tx,,,,d862ff95e86148a3a3ecac9fdc3c0d16,http://www.legdir.legis.state.tx.us/FlashCardDocs/images/House/small/A2240.jpg,2010-06-19 03:51:42.152000,2011-01-11 18:41:26.074000
TXL000225,Betty Brown,Betty,,Brown,,,False,tx,,,,816693655f7f49348f4caa446f58a466,http://www.legdir.legis.state.tx.us/FlashCardDocs/images/House/small/A2265.jpg,2010-06-19 03:51:42.175000,2011-01-11 18:41:26.071000
TXL000231,Norma Chavez,Norma,,Chavez,,,False,tx,,,,54aa6308af1d4657824337c271291e55,http://www.legdir.legis.state.tx.us/FlashCardDocs/images/House/small/A2585.jpg,2010-06-19 03:51:42.189000,2011-01-11 18:41:26.077000
TXL000233,Wayne Christian,Wayne,,Christian,,,False,tx,,,,ce82884b39b14d3c8cf0a1c53a7a18e9,http://www.legdir.legis.state.tx.us/FlashCardDocs/images/House/small/A2525.jpg,2010-06-19 03:51:42.193000,2013-01-09 00:29:36.917000
TXL000254,Kirk England,Kirk,,England,,,False,tx,,,,6e9da7779ab648c6ad78f18c1b3e1768,http://www.legdir.legis.state.tx.us/FlashCardDocs/images/House/small/A2805.jpg,2010-06-19 03:51:42.262000,2011-01-11 18:41:26.063000
TXL000255,David Farabee,David,,Farabee,,,False,tx,,,,53c6752a9de645b09805dbf931629c9d,http://www.legdir.legis.state.tx.us/FlashCardDocs/images/House/small/A2795.jpg,2010-06-19 03:51:42.264000,2011-01-11 18:41:26.076000
TXL000267,Yvonne Gonzalez Toureilles,Yvonne,,Gonzalez Toureilles,,,False,tx,,,,6a20513ca18f4dd592cc30a99a9663d4,http://www.legdir.legis.state.tx.us/FlashCardDocs/images/House/small/A4660.jpg,2010-06-19 03:51:42.312000,2011-01-11 18:41:26.071000
TXL000276,Joe Heflin,Joe,,Heflin,,,False,tx,,,,fa12b559747f43aca931ef00381d9e03,http://www.legdir.legis.state.tx.us/FlashCardDocs/images/House/small/A3175.jpg,2010-06-19 03:51:42.353000,2011-01-11 18:41:26.079000
TXL000281,Mark Homer,Mark,,Homer,,,False,tx,,,,9e06358de6af45e197a4bc2db4049ea1,http://www.legdir.legis.state.tx.us/FlashCardDocs/images/House/small/A3325.jpg,2010-06-19 03:51:42.365000,2011-01-11 18:41:26.069000
TXL000287,Carl Isett,Carl,,Isett,,,False,tx,,,,d4cb1d4e34b045f2b26eeeb88ddec7a0,http://www.legdir.legis.state.tx.us/FlashCardDocs/images/House/small/A3375.jpg,2010-06-19 03:51:42.381000,2011-01-11 18:41:26.079000
TXL000305,Diana Maldonado,Diana,,Maldonado,,,False,tx,,,,79f26f4e72ca4d3aa0ee0b749ec20b2b,http://www.legdir.legis.state.tx.us/FlashCardDocs/images/House/small/A3720.jpg,2010-06-19 03:51:42.429000,2011-01-11 18:41:26.074000
TXL000314,Robert Miklos,Robert,,Miklos,,,False,tx,,,,7692e86a3bed4a0492be4ecd75568f63,http://www.legdir.legis.state.tx.us/FlashCardDocs/images/House/small/A3847.jpg,2010-06-19 03:51:42.473000,2011-01-11 18:41:26.052000
TXL000332,Paula Pierson,Paula,,Pierson,,,False,tx,,,,aefdfde7c0be4f58a2d494eccc110ca2,http://www.legdir.legis.state.tx.us/FlashCardDocs/images/House/small/A4175.jpg,2010-06-19 03:51:42.538000,2011-01-11 18:41:26.080000
TXL000348,David Swinford,David,,Swinford,,,False,tx,,,,9651d898d9924efcb68cdb6c84a34385,http://www.legdir.legis.state.tx.us/FlashCardDocs/images/House/small/A4570.jpg,2010-06-19 03:51:42.607000,2011-01-11 18:41:26.079000
TXL000351,Kristi Thibaut,Kristi,,Thibaut,,,False,tx,,,,510aa418418e4096b476c61eabbc3c1b,http://www.legdir.legis.state.tx.us/FlashCardDocs/images/House/small/A4625.jpg,2010-06-19 03:51:42.627000,2011-01-11 18:41:26.067000
TXL000356,Allen Vaught,Allen,,Vaught,,,False,tx,,,,cd756c82e9784c57ac0524de71752ac8,http://www.legdir.legis.state.tx.us/FlashCardDocs/images/House/small/A4780.jpg,2010-06-19 03:51:42.644000,2011-01-11 18:41:26.063000
TXL000182,Kip Averitt,Kip,,Averitt,,,False,tx,,,,209c9c0bf0154bbe9b2aa2fe8dfc3216,http://www.legdir.legis.state.tx.us/FlashCardDocs/images/Senate/small/A1060.jpg,2010-06-19 03:51:42.033000,2011-01-11 18:41:26.081000
TXL000192,Mario Gallegos Jr.,Mario,,Gallegos,Jr.,,False,tx,,,,95da767faccf4bf3991cdbbfb950ccbd,http://www.legdir.legis.state.tx.us/FlashCardDocs/images/Senate/small/A1245.jpg,2010-06-19 03:51:42.068000,2013-01-09 00:29:36.965000
TXL000193,Chris Harris,Chris,,Harris,,,False,tx,,,,a2a82cbd5f484182b03b05e217bf7f46,http://www.legdir.legis.state.tx.us/FlashCardDocs/images/Senate/small/A1215.jpg,2010-06-19 03:51:42.071000,2013-01-09 00:29:36.967000
TXL000197,Mike Jackson,Mike,,Jackson,,,False,tx,,,,de9e0b1f86a641aaab69487654600fbf,http://www.legdir.legis.state.tx.us/FlashCardDocs/images/Senate/small/A1270.jpg,2010-06-19 03:51:42.081000,2013-01-09 00:29:36.968000
TXL000201,Steve Ogden,Steve,,Ogden,,,False,tx,,,,e20c0104b7144eca819f1580b7efb263,http://www.legdir.legis.state.tx.us/FlashCardDocs/images/Senate/small/A1415.jpg,2010-06-19 03:51:42.090000,2013-01-09 00:29:36.969000
TXL000204,Florence Shapiro,Florence,,Shapiro,,,False,tx,,,,ea0128d15de0457a872c6623482e50a8,http://www.legdir.legis.state.tx.us/FlashCardDocs/images/Senate/small/A1530.jpg,2010-06-19 03:51:42.098000,2013-01-09 00:29:36.971000
TXL000209,Jeff Wentworth,Jeff,,Wentworth,,,False,tx,,,,4c3c979d5c1d4d0993bce25ef24cb3e1,http://www.legdir.legis.state.tx.us/FlashCardDocs/images/Senate/small/A1620.jpg,2010-06-19 03:51:42.110000,2013-01-09 00:29:36.972000
TXL000226,Fred Brown,Fred,,Brown,,,False,tx,,,,c6e88c42b8834e1a9bfad14b5e8020a1,http://www.legdir.legis.state.tx.us/FlashCardDocs/images/House/small/A2270.jpg,2010-06-19 03:51:42.177000,2012-06-01 18:16:47.052000
TXL000230,Joaquin Castro,Joaquin,,Castro,,,False,tx,,,,c36e561731a94ffd94adb7c3487ef2b3,http://www.legdir.legis.state.tx.us/FlashCardDocs/images/House/small/A2495.jpg,2010-06-19 03:51:42.186000,2013-01-09 00:29:36.914000
TXL000232,Warren Chisum,Warren,,Chisum,,,False,tx,,,,529f179bea874038946c4f6914e2c454,http://www.legdir.legis.state.tx.us/FlashCardDocs/images/House/small/A2480.jpg,2010-06-19 03:51:42.191000,2013-01-09 00:29:36.915000
TXL000234,Ellen Cohen,Ellen,,Cohen,,,False,tx,,,,b82ad35f1ad1431ab535e13258cfc764,http://www.legdir.legis.state.tx.us/FlashCardDocs/images/House/small/A2425.jpg,2010-06-19 03:51:42.196000,2011-01-11 18:41:26.067000
TXL000237,Frank Corte Jr.,Frank,,Corte,Jr.,,False,tx,,,,61f2517465bb4d1ba28bf3ca55f80a51,http://www.legdir.legis.state.tx.us/FlashCardDocs/images/House/small/A2595.jpg,2010-06-19 03:51:42.203000,2011-01-11 18:41:26.066000
TXL000238,Joe Crabb,Joe,,Crabb,,,False,tx,,,,dbb71d9bed1d420eb13ce0586dddcca5,http://www.legdir.legis.state.tx.us/FlashCardDocs/images/House/small/A2605.jpg,2010-06-19 03:51:42.205000,2011-01-11 18:41:26.066000
TXL000246,Joe Driver,Joe,,Driver,,,False,tx,,,,234563a6fa464532a6259311447e2b2a,http://www.legdir.legis.state.tx.us/FlashCardDocs/images/House/small/A2705.jpg,2010-06-19 03:51:42.224000,2013-01-09 00:29:36.918000
TXL000248,Jim Dunnam,Jim,,Dunnam,,,False,tx,,,,d006c9636bd24db1aaa1e7d16ac6614d,http://www.legdir.legis.state.tx.us/FlashCardDocs/images/House/small/A2660.jpg,2010-06-19 03:51:42.248000,2011-01-11 18:41:26.076000
TXL000250,Al Edwards,Al,,Edwards,,,False,tx,,,,127641a808f84d6d902041d495ddda71,http://www.legdir.legis.state.tx.us/FlashCardDocs/images/House/small/A2770.jpg,2010-06-19 03:51:42.252000,2011-01-11 18:41:26.068000
TXL000252,Rob Eissler,Rob,,Eissler,,,False,tx,,,,0e980152bb8946c9a6e80b8e77c91a73,http://www.legdir.legis.state.tx.us/FlashCardDocs/images/House/small/A2780.jpg,2010-06-19 03:51:42.257000,2013-01-09 00:29:36.919000
TXL000259,Kino Flores,Kino,,Flores,,,False,tx,,,,30e23a0269ad4f6982151cdda68d9e14,http://www.legdir.legis.state.tx.us/FlashCardDocs/images/House/small/A2840.jpg,2010-06-19 03:51:42.293000,2011-01-11 18:41:26.071000
TXL000261,Stephen Frost,Stephen,,Frost,,,False,tx,,,,474690e9e5ab4f65b5207d7897c42cc2,http://www.legdir.legis.state.tx.us/FlashCardDocs/images/House/small/A2860.jpg,2010-06-19 03:51:42.298000,2011-01-11 18:41:26.052000
TXL000262,Pete Gallego,Pete,,Gallego,,,False,tx,,,,a3b765a5de644a35bd3962671fdf2c4d,http://www.legdir.legis.state.tx.us/FlashCardDocs/images/House/small/A2920.jpg,2010-06-19 03:51:42.300000,2013-01-09 00:29:36.920000
TXL000263,Dan Gattis,Dan,,Gattis,,,False,tx,,,,53b0ba67ff13496baac0980c583166a6,http://www.legdir.legis.state.tx.us/FlashCardDocs/images/House/small/A2960.jpg,2010-06-19 03:51:42.302000,2011-01-11 18:41:26.068000
TXL000266,Veronica Gonzales,Veronica,,Gonzales,,,False,tx,,,,fe252993d3c44bba8149a373aad8e8b7,http://www.legdir.legis.state.tx.us/FlashCardDocs/images/House/small/A2910.jpg,2010-06-19 03:51:42.310000,2013-01-09 00:29:36.921000
TXL000270,Mike Hamilton,Mike,,Hamilton,,,False,tx,,,,cbc7224f0bf3479886cfa645cf1ed505,http://www.legdir.legis.state.tx.us/FlashCardDocs/images/House/small/A3050.jpg,2010-06-19 03:51:42.329000,2013-01-09 00:29:36.922000
TXL000272,Rick Hardcastle,Rick,,Hardcastle,,,False,tx,,,,0729d55c9bed4d05b294cac89438c81d,http://www.legdir.legis.state.tx.us/FlashCardDocs/images/House/small/A3160.jpg,2010-06-19 03:51:42.334000,2013-01-09 00:29:36.924000
TXL000275,Will Hartnett,Will,,Hartnett,,,False,tx,,,,9fd4b308d04941bba4aac60026570118,http://www.legdir.legis.state.tx.us/FlashCardDocs/images/House/small/A3170.jpg,2010-06-19 03:51:42.351000,2013-01-09 00:29:36.926000
TXL000280,Scott Hochberg,Scott,,Hochberg,,,False,tx,,,,9a012cf538cd422bacd8afd30f88dc01,http://www.legdir.legis.state.tx.us/FlashCardDocs/images/House/small/A3305.jpg,2010-06-19 03:51:42.363000,2013-01-09 00:29:36.927000
TXL000282,Chuck Hopson,Chuck,,Hopson,,,False,tx,,,,aa422dc82ead4e23b751178a39ad7674,http://www.legdir.legis.state.tx.us/FlashCardDocs/images/House/small/A3330.jpg,2010-06-19 03:51:42.368000,2013-01-09 00:29:36.928000
TXL000284,Charlie Howard,Charlie,,Howard,,,False,tx,,,,4d9f5c93e7eb4298864a5e863d7783f7,http://www.legdir.legis.state.tx.us/FlashCardDocs/images/House/small/A3315.jpg,2010-06-19 03:51:42.373000,2013-01-09 00:29:36.930000
TXL000288,Jim Jackson,Jim,,Jackson,,,False,tx,,,,20e8b9c8a7c64043912336007f722145,http://www.legdir.legis.state.tx.us/FlashCardDocs/images/House/small/A3350.jpg,2010-06-19 03:51:42.384000,2013-01-09 00:29:36.931000
TXL000290,Delwin Jones,Delwin,,Jones,,,False,tx,,,,8d470949b2874807ab76b1af29ce4500,http://www.legdir.legis.state.tx.us/FlashCardDocs/images/House/small/A3405.jpg,2010-06-19 03:51:42.389000,2011-01-11 18:41:26.078000
TXL000292,Carol Kent,Carol,,Kent,,,False,tx,,,,116478b4906e465185fc8954444ca44b,http://www.legdir.legis.state.tx.us/FlashCardDocs/images/House/small/A3420.jpg,2010-06-19 03:51:42.394000,2011-01-11 18:41:26.052000
TXL000298,Edmund Kuempel,Edmund,,Kuempel,,,False,tx,,,,a83ceff11cec4ea49e20e7377f343233,http://www.legdir.legis.state.tx.us/FlashCardDocs/images/House/small/A3450.jpg,2010-06-19 03:51:42.410000,2011-01-11 18:41:26.073000
TXL000301,David Leibowitz,David,,Leibowitz,,,False,tx,,,,6100259503854d12b76ec65f2a15d90f,http://www.legdir.legis.state.tx.us/FlashCardDocs/images/House/small/A3560.jpg,2010-06-19 03:51:42.418000,2011-01-11 18:41:26.064000
TXL000304,Jerry Madden,Jerry,,Madden,,,False,tx,,,,47d73ec415fe408baa6d159740548d0b,http://www.legdir.legis.state.tx.us/FlashCardDocs/images/House/small/A3715.jpg,2010-06-19 03:51:42.426000,2013-01-09 00:29:36.932000
TXL000306,Barbara Mallory Caraway,Barbara Mallory,,Caraway,,,False,tx,,,,c9cc9299296b471cb3317e4a24bbc0dc,http://www.legdir.legis.state.tx.us/FlashCardDocs/images/House/small/A3730.jpg,2010-06-19 03:51:42.431000,2013-01-09 00:29:36.933000
TXL000311,Jim McReynolds,Jim,,McReynolds,,,False,tx,,,,3350873bb2674dc0ac98a3a5367f1ad2,http://www.legdir.legis.state.tx.us/FlashCardDocs/images/House/small/A3845.jpg,2010-06-19 03:51:42.444000,2011-01-11 18:41:26.065000
TXL000313,Tommy Merritt,Tommy,,Merritt,,,False,tx,,,,eb100b3b839c412c8d0a281d35d673cc,http://www.legdir.legis.state.tx.us/FlashCardDocs/images/House/small/A3840.jpg,2010-06-19 03:51:42.471000,2011-01-11 18:41:26.076000
TXL000316,Sid Miller,Sid,,Miller,,,False,tx,,,,88832216652f4d8f8417df269188fce0,http://www.legdir.legis.state.tx.us/FlashCardDocs/images/House/small/A3835.jpg,2010-06-19 03:51:42.490000,2013-01-09 00:29:36.935000
TXL000321,Dora Olivo,Dora,,Olivo,,,False,tx,,,,6647ee3bc67740bbafc737977c14ec7c,http://www.legdir.legis.state.tx.us/FlashCardDocs/images/House/small/A3886.jpg,2010-06-19 03:51:42.505000,2011-01-11 18:41:26.069000
TXL000323,Solomon Ortiz Jr.,Solomon,,Ortiz,Jr.,,False,tx,,,,f2dde52127a8400d8efa8485c1b88e44,http://www.legdir.legis.state.tx.us/FlashCardDocs/images/House/small/A3940.jpg,2010-06-19 03:51:42.511000,2011-01-11 18:41:26.070000
TXL000328,Aaron Peña,Aaron,,Peña,,,False,tx,,,,509c3601a68443d3828c294b045e8f4f,http://www.legdir.legis.state.tx.us/FlashCardDocs/images/House/small/A4140.jpg,2010-06-19 03:51:42.526000,2013-01-09 00:29:36.938000
TXL000333,Chente Quintanilla,Chente,,Quintanilla,,,False,tx,,,,ddfa240813a043b1a915f16a4cd370bc,http://www.legdir.legis.state.tx.us/FlashCardDocs/images/House/small/A4230.jpg,2010-06-19 03:51:42.541000,2013-01-09 00:29:36.939000
TXL000336,Tara Rios Ybarra,Tara,,Rios Ybarra,,,False,tx,,,,e75b484548f24f49a5e91aa44e781ade,http://www.legdir.legis.state.tx.us/FlashCardDocs/images/House/small/A4225.jpg,2010-06-19 03:51:42.549000,2011-01-11 18:41:26.073000
TXL000339,Patrick Rose,Patrick,,Rose,,,False,tx,,,,e383094f94284f2eb4d95f64393e1f1e,http://www.legdir.legis.state.tx.us/FlashCardDocs/images/House/small/A4350.jpg,2010-06-19 03:51:42.579000,2011-01-11 18:41:26.074000
TXL000341,Mark Shelton,Mark,,Shelton,,,False,tx,,,,5ad2dbe669564c22af2a77e4dae0a46a,http://www.legdir.legis.state.tx.us/FlashCardDocs/images/House/small/A4450.jpg,2010-06-19 03:51:42.585000,2013-01-09 00:29:36.940000
TXL000343,Todd Smith,Todd,,Smith,,,False,tx,,,,0c2f5a6875054f42943db42baac27635,http://www.legdir.legis.state.tx.us/FlashCardDocs/images/House/small/A4525.jpg,2010-06-19 03:51:42.591000,2013-01-09 00:29:36.941000
TXL000345,Burt Solomons,Burt,,Solomons,,,False,tx,,,,6eb68cd41a0c42e4b70ef27b24412af1,http://www.legdir.legis.state.tx.us/FlashCardDocs/images/House/small/A4505.jpg,2010-06-19 03:51:42.598000,2013-01-09 00:29:36.942000
TXL000353,Vicki Truitt,Vicki,,Truitt,,,False,tx,,,,c46fc7983d7f4316866c593955d58982,http://www.legdir.legis.state.tx.us/FlashCardDocs/images/House/small/A4650.jpg,2010-06-19 03:51:42.634000,2013-01-09 00:29:36.945000
TXL000357,Marc Veasey,Marc,,Veasey,,,False,tx,,,,d4ead0193f4740948eeb7929754ee609,http://www.legdir.legis.state.tx.us/FlashCardDocs/images/House/small/A4725.jpg,2010-06-19 03:51:42.647000,2013-01-09 00:29:36.946000
TXL000361,Randy Weber,Randy,,Weber,,,False,tx,,,,9ece740b0e7a4bb0ae7150709e3a58ab,http://www.legdir.legis.state.tx.us/FlashCardDocs/images/House/small/A4950.jpg,2010-06-19 03:51:42.671000,2013-01-09 00:29:36.947000
TXL000362,Beverly Woolley,Beverly,,Woolley,,,False,tx,,,,5fbba130246f40efb86759ff0a0e3ace,http://www.legdir.legis.state.tx.us/FlashCardDocs/images/House/small/A5005.jpg,2010-06-19 03:51:42.674000,2013-01-09 00:29:36.948000
TXL000368,Jose Aliseda,Jose,,Aliseda,,,False,tx,,,,4f3a733fe4364cfd94bc5013bd6cb5a0,http://www.legdir.legis.state.tx.us/FlashCardDocs/images/House/small/A2055.jpg,2011-01-14 22:24:08.380000,2013-01-09 00:29:36.949000
TXL000370,Rodney Anderson,Rodney,,Anderson,,,False,tx,,,,bdd473b540274af38046b19a727dc1d1,http://www.legdir.legis.state.tx.us/FlashCardDocs/images/House/small/A2215.jpg,2011-01-14 22:24:08.381000,2013-01-09 00:29:36.950000
TXL000372,Marva Beck,Marva,,Beck,,,False,tx,,,,cdd107e3fae343fa982cc6043a60bace,http://www.legdir.legis.state.tx.us/FlashCardDocs/images/House/small/A2085.jpg,2011-01-14 22:24:08.381000,2013-01-09 00:29:36.951000
TXL000375,Erwin Cain,Erwin,,Cain,,,False,tx,,,,6ba4444ea6e84da3bf19f6cd3d5a588d,http://www.legdir.legis.state.tx.us/FlashCardDocs/images/House/small/A2015.jpg,2011-01-14 22:24:08.383000,2013-01-09 00:29:36.954000
TXL000380,John Garza,John,,Garza,,,False,tx,,,,d7b036421e054d10975c56b8573fe9c6,http://www.legdir.legis.state.tx.us/FlashCardDocs/images/House/small/A2235.jpg,2011-01-14 22:24:08.386000,2013-01-09 00:29:36.955000
TXL000388,Jim Landtroop,Jim,,Landtroop,,,False,tx,,,,ceb39525f83742419227f2c11b28ad84,http://www.legdir.legis.state.tx.us/FlashCardDocs/images/House/small/A2175.jpg,2011-01-14 22:24:08.390000,2013-01-09 00:29:36.956000
TXL000392,Lanham Lyne,Lanham,,Lyne,,,False,tx,,,,a4244db0ac6d468f930053e1124bf3db,http://www.legdir.legis.state.tx.us/FlashCardDocs/images/House/small/A2090.jpg,2011-01-14 22:24:08.392000,2013-01-09 00:29:36.957000
TXL000393,Dee Margo,Dee,,Margo,,,False,tx,,,,b3c1dedb08c04286b5b6aad6c0397e58,http://www.legdir.legis.state.tx.us/FlashCardDocs/images/House/small/A2130.jpg,2011-01-14 22:24:08.393000,2013-01-09 00:29:36.958000
TXL000398,Barbara Nash,Barbara,,Nash,,,False,tx,,,,dad0dbfb60fa458c9ec87abb52878f35,http://www.legdir.legis.state.tx.us/FlashCardDocs/images/House/small/A2190.jpg,2011-01-14 22:24:08.415000,2013-01-09 00:29:36.959000
TXL000406,Connie Scott,Connie,,Scott,,,False,tx,,,,de8031bcb4d640ed8b9ddd45e12a5791,http://www.legdir.legis.state.tx.us/FlashCardDocs/images/House/small/A2050.jpg,2011-01-14 22:24:08.290000,2013-01-09 00:29:36.961000
TXL000409,Raul Torres,Raul,,Torres,,,False,tx,,,,ddbfd1dfce2c44d9a8900e923891d4f2,http://www.legdir.legis.state.tx.us/FlashCardDocs/images/House/small/A2045.jpg,2011-01-14 22:24:08.292000,2013-01-09 00:29:36.962000
TXL000464,Phil Stephenson,Phil,,Stephenson,,,True,tx,lower,85,Republican,,http://www.legdir.legis.state.tx.us/FlashCardDocs/images/House/small/A2755.jpg,2013-01-09 00:29:36.432000,2013-03-01 04:34:34.368000
TXL000411,Paul Workman,Paul,,Workman,,,True,tx,lower,47,Republican,719c281b01e2429d87801e323475a9f5,http://www.legdir.legis.state.tx.us/FlashCardDocs/images/House/small/A2075.jpg,2011-01-14 22:24:08.292000,2013-03-01 04:34:34.372000
TXL000386,Jason Isaac,Jason,,Isaac,,,True,tx,lower,45,Republican,f2645a08021044a2861b0241a4ccfda3,http://www.legdir.legis.state.tx.us/FlashCardDocs/images/House/small/A2070.jpg,2011-01-14 22:24:08.390000,2013-03-01 04:34:34.376000
TXL000218,Charles Anderson,Charles,,Anderson,,Doc,True,tx,lower,56,Republican,8c979526b31342ec8a4705b61d5c068e,http://www.legdir.legis.state.tx.us/FlashCardDocs/images/House/small/A2155.jpg,2010-06-19 03:51:42.142000,2013-03-01 04:34:34.381000
TXL000379,John Frullo,John,,Frullo,,,True,tx,lower,84,Republican,2f51702577de4ea5af3b284ae81adae7,http://www.legdir.legis.state.tx.us/FlashCardDocs/images/House/small/A2005.jpg,2011-01-14 22:24:08.385000,2013-03-01 04:34:34.385000
TXL000319,Elliott Naishtat,Elliott,,Naishtat,,,True,tx,lower,49,Democratic,853b7134eb5e47078bb29acacbe94a93,http://www.legdir.legis.state.tx.us/FlashCardDocs/images/House/small/A3885.jpg,2010-06-19 03:51:42.499000,2013-03-01 04:34:34.390000
TXL000377,Stefani Carter,Stefani,,Carter,,,True,tx,lower,102,Republican,ec1dc9e6bd4145fca90f0326e7a51cfc,http://www.legdir.legis.state.tx.us/FlashCardDocs/images/House/small/A2210.jpg,2011-01-14 22:24:08.384000,2013-03-01 04:34:34.394000
TXL000331,Joe Pickett,Joe,,Pickett,,,True,tx,lower,79,Democratic,9398fd8c4d594f9b9f0af7383cc3df30,http://www.legdir.legis.state.tx.us/FlashCardDocs/images/House/small/A4180.jpg,2010-06-19 03:51:42.535000,2013-03-01 04:34:34.398000
TXL000334,Richard Peña Raymond,Richard Peña,,Raymond,,,True,tx,lower,42,Democratic,eba8da00fdcd4ead93a169e21c23c33d,http://www.legdir.legis.state.tx.us/FlashCardDocs/images/House/small/A4215.jpg,2010-06-19 03:51:42.543000,2013-03-01 04:34:34.402000
TXL000354,Chris Turner,Chris,,Turner,,,True,tx,lower,101,Democratic,07f826f8e5ff4b6ebf695774a7b5f8ce,http://www.legdir.legis.state.tx.us/FlashCardDocs/images/House/small/A4680.jpg,2010-06-19 03:51:42.637000,2013-03-01 04:34:34.406000
TXL000410,James White,James,,White,,,True,tx,lower,19,Republican,40643dce2541496eb30c0c8851d573fc,http://www.legdir.legis.state.tx.us/FlashCardDocs/images/House/small/A2030.jpg,2011-01-14 22:24:08.419000,2013-03-01 04:34:34.409000
TXL000438,Mary González,Mary,,González,,,True,tx,lower,75,Democratic,,http://www.legdir.legis.state.tx.us/FlashCardDocs/images/House/small/A2410.jpg,2013-01-09 00:29:35.783000,2013-03-01 04:34:34.411000
TXL000461,J.D. Sheffield,J.D.,,Sheffield,,,True,tx,lower,59,Republican,,http://www.legdir.legis.state.tx.us/FlashCardDocs/images/House/small/A2735.jpg,2013-01-09 00:29:36.379000,2013-03-01 04:34:34.416000
TXL000458,Toni Rose,Toni,,Rose,,,True,tx,lower,110,Democratic,8028eab7a17f4c52af9a1b9c5842cca1,http://www.legdir.legis.state.tx.us/FlashCardDocs/images/House/small/A2555.jpg,2013-01-09 00:29:36.348000,2013-03-01 04:34:34.424000
TXL000428,Terry Canales,Terry,,Canales,,,True,tx,lower,40,Democratic,9b7163284b014da19235329720f92700,http://www.legdir.legis.state.tx.us/FlashCardDocs/images/House/small/A2340.jpg,2013-01-09 00:29:35.506000,2013-03-01 04:34:34.427000
TXL000465,Jonathan Stickland,Jonathan,,Stickland,,,True,tx,lower,92,Republican,7ddd8ca8cb39479b9a93f80cbf5f66e5,http://www.legdir.legis.state.tx.us/FlashCardDocs/images/House/small/A2765.jpg,2013-01-09 00:29:36.439000,2013-03-01 04:34:34.431000
TXL000457,Justin Rodriguez,Justin,,Rodriguez,,,True,tx,lower,125,Democratic,6290452b5a9b49ec9eab79cd51268ccc,http://www.legdir.legis.state.tx.us/FlashCardDocs/images/House/small/A2550.jpg,2013-01-09 00:29:36.341000,2013-03-01 04:34:34.432000
TXL000373,Cindy Burkett,Cindy,,Burkett,,,True,tx,lower,113,Republican,499bfd97eedf4c698b876f1ca8088d28,http://www.legdir.legis.state.tx.us/FlashCardDocs/images/House/small/A2195.jpg,2011-01-14 22:24:08.382000,2013-03-01 04:34:34.437000
TXL000439,"R.D. ""Bobby"" Guerra","R.D. ""Bobby""",,Guerra,,,True,tx,lower,41,Democratic,,http://www.legdir.legis.state.tx.us/FlashCardDocs/images/House/small/A2325.jpg,2013-01-09 00:29:35.798000,2013-03-01 04:34:34.442000
TXL000441,Kyle Kacal,Kyle,,Kacal,,,True,tx,lower,12,Republican,2e7bb380810c48a6b30d60132046fb59,http://www.legdir.legis.state.tx.us/FlashCardDocs/images/House/small/A2445.jpg,2013-01-09 00:29:35.912000,2013-03-01 04:34:34.446000
TXL000320,Rene Oliveira,René,,Oliveira,,,True,tx,lower,37,Democratic,a207ac5f95b44b2d9ab97c0272f80df9,http://www.legdir.legis.state.tx.us/FlashCardDocs/images/House/small/A3880.jpg,2010-06-19 03:51:42.502000,2013-03-01 04:34:34.448000
TXL000242,Drew Darby,Drew,,Darby,,,True,tx,lower,72,Republican,edfd05120ab24b60a20e49503ce87960,http://www.legdir.legis.state.tx.us/FlashCardDocs/images/House/small/A2645.jpg,2010-06-19 03:51:42.215000,2013-03-01 04:34:34.451000
TXL000214,Alma Allen,Alma,,Allen,,,True,tx,lower,131,Democratic,7fc988fcb9fa47e8b9d05dfa6bcb7a33,http://www.legdir.legis.state.tx.us/FlashCardDocs/images/House/small/A2100.jpg,2010-06-19 03:51:42.133000,2013-03-01 04:34:34.383000
TXL000216,Carol Alvarado,Carol,,Alvarado,,,True,tx,lower,145,Democratic,f8a3c4d4718e421c98252914a183ced8,http://www.legdir.legis.state.tx.us/FlashCardDocs/images/House/small/A2135.jpg,2010-06-19 03:51:42.137000,2013-03-01 04:34:34.426000
TXL000217,Rafael Anchia,Rafael,,Anchia,,,True,tx,lower,103,Democratic,7c299471e4414887acc94f98785a90b0,http://www.legdir.legis.state.tx.us/FlashCardDocs/images/House/small/A2150.jpg,2010-06-19 03:51:42.140000,2013-03-01 04:34:34.458000
TXL000219,Jimmie Don Aycock,Jimmie Don,,Aycock,,,True,tx,lower,54,Republican,3c3e7587a60740dfbebe7cd79aa3ab0a,http://www.legdir.legis.state.tx.us/FlashCardDocs/images/House/small/A2145.jpg,2010-06-19 03:51:42.144000,2013-03-01 04:34:34.462000
TXL000223,Dennis Bonnen,Dennis,,Bonnen,,,True,tx,lower,25,Republican,5b69814b9b0f4ea28283d7cd334ff472,http://www.legdir.legis.state.tx.us/FlashCardDocs/images/House/small/A2250.jpg,2010-06-19 03:51:42.154000,2013-03-01 04:34:34.466000
TXL000227,Lon Burnam,Lon,,Burnam,,,True,tx,lower,90,Democratic,837648e7975142dca92f1cbc9d4e2ec3,http://www.legdir.legis.state.tx.us/FlashCardDocs/images/House/small/A2255.jpg,2010-06-19 03:51:42.179000,2013-03-01 04:34:34.471000
TXL000228,Angie Chen Button,Angie Chen,,Button,,,True,tx,lower,112,Republican,f5ca5766c3e942fa88d82417a24cfed2,http://www.legdir.legis.state.tx.us/FlashCardDocs/images/House/small/A2510.jpg,2010-06-19 03:51:42.181000,2013-03-01 04:34:34.392000
TXL000229,William Callegari,William,,Callegari,,,True,tx,lower,132,Republican,91f7937da35f47c889234c9d2e44b075,http://www.legdir.legis.state.tx.us/FlashCardDocs/images/House/small/A2295.jpg,2010-06-19 03:51:42.184000,2013-03-01 04:34:34.475000
TXL000235,Garnet Coleman,Garnet,,Coleman,,,True,tx,lower,147,Democratic,27e300ba40f04ac4ad14b0129bccd776,http://www.legdir.legis.state.tx.us/FlashCardDocs/images/House/small/A2435.jpg,2010-06-19 03:51:42.198000,2013-03-01 04:34:34.477000
TXL000239,Tom Craddick,Tom,,Craddick,,,True,tx,lower,82,Republican,41f2908476ac48408a1df3471e9e6b51,http://www.legdir.legis.state.tx.us/FlashCardDocs/images/House/small/A2610.jpg,2010-06-19 03:51:42.207000,2013-03-01 04:34:34.482000
TXL000240,Brandon Creighton,Brandon,,Creighton,,,True,tx,lower,16,Republican,a22b59c6dbe943b9915f1cecd268c38c,http://www.legdir.legis.state.tx.us/FlashCardDocs/images/House/small/A2615.jpg,2010-06-19 03:51:42.210000,2013-03-01 04:34:34.410000
TXL000283,Donna Howard,Donna,,Howard,,,True,tx,lower,48,Democratic,3e92add174ea487c90840f176cf03fa3,http://www.legdir.legis.state.tx.us/FlashCardDocs/images/House/small/A3310.jpg,2010-06-19 03:51:42.371000,2013-03-01 04:34:34.484000
TXL000251,Craig Eiland,Craig,,Eiland,,,True,tx,lower,23,Democratic,82657e128cb047bc859864c28b1c35f9,http://www.legdir.legis.state.tx.us/FlashCardDocs/images/House/small/A2775.jpg,2010-06-19 03:51:42.255000,2013-03-01 04:34:34.452000
TXL000253,Gary Elkins,Gary,,Elkins,,,True,tx,lower,135,Republican,1ad2ad4dd8a44eef98074af3603b116b,http://www.legdir.legis.state.tx.us/FlashCardDocs/images/House/small/A2785.jpg,2010-06-19 03:51:42.260000,2013-03-01 04:34:34.489000
TXL000256,Joe Farias,Joe,,Farias,,,True,tx,lower,118,Democratic,4959fc3f476740d794ef5b5b3f28bc69,http://www.legdir.legis.state.tx.us/FlashCardDocs/images/House/small/A2820.jpg,2010-06-19 03:51:42.286000,2013-03-01 04:34:34.494000
TXL000257,Jessica Farrar,Jessica,,Farrar,,,True,tx,lower,148,Democratic,9ee23bd1f791468286a21254ebf63f03,http://www.legdir.legis.state.tx.us/FlashCardDocs/images/House/small/A2810.jpg,2010-06-19 03:51:42.289000,2013-03-01 04:34:34.498000
TXL000258,Allen Fletcher,Allen,,Fletcher,,,True,tx,lower,130,Republican,d69e0c016c1146619cd9e5334eefb17b,http://www.legdir.legis.state.tx.us/FlashCardDocs/images/House/small/A2830.jpg,2010-06-19 03:51:42.291000,2013-03-01 04:34:34.378000
TXL000260,Dan Flynn,Dan,,Flynn,,,True,tx,lower,2,Republican,908813433b2d4d009a998cefcc3c1065,http://www.legdir.legis.state.tx.us/FlashCardDocs/images/House/small/A2850.jpg,2010-06-19 03:51:42.295000,2013-03-01 04:34:34.460000
TXL000264,Charlie Geren,Charlie,,Geren,,,True,tx,lower,99,Republican,23942fd227f84facae5d3c4997a8c9dc,http://www.legdir.legis.state.tx.us/FlashCardDocs/images/House/small/A2945.jpg,2010-06-19 03:51:42.305000,2013-03-01 04:34:34.439000
TXL000285,Bryan Hughes,Bryan,,Hughes,,,True,tx,lower,5,Republican,3bc23f9157714016ba43ae754478e2b3,http://www.legdir.legis.state.tx.us/FlashCardDocs/images/House/small/A3340.jpg,2010-06-19 03:51:42.376000,2013-03-01 04:34:34.414000
TXL000402,Four Price,Four,,Price,,,True,tx,lower,87,Republican,049bf99735564aa2abd439664bc7087b,http://www.legdir.legis.state.tx.us/FlashCardDocs/images/House/small/A2185.jpg,2011-01-14 22:24:08.417000,2013-03-01 04:34:34.504000
TXL000268,Ryan Guillen,Ryan,,Guillen,,,True,tx,lower,31,Democratic,68d49bea969c490fa52053e6868f9e5a,http://www.legdir.legis.state.tx.us/FlashCardDocs/images/House/small/A3045.jpg,2010-06-19 03:51:42.314000,2013-03-01 04:34:34.506000
TXL000273,Patricia Harless,Patricia,,Harless,,,True,tx,lower,126,Republican,2cb7883aa59b4a82b89336dff9839e14,http://www.legdir.legis.state.tx.us/FlashCardDocs/images/House/small/A3150.jpg,2010-06-19 03:51:42.336000,2013-03-01 04:34:34.508000
TXL000277,Ana Hernandez Luna,Ana,,Hernandez Luna,,,True,tx,lower,143,Democratic,f91328864f534e9497c368727a4bd2a9,http://www.legdir.legis.state.tx.us/FlashCardDocs/images/House/small/A3155.jpg,2010-06-19 03:51:42.356000,2013-03-01 04:34:34.387000
TXL000385,Dan Huberty,Dan,,Huberty,,,True,tx,lower,127,Republican,f119389eadda4b8191b2bd7b2c1b1500,http://www.legdir.legis.state.tx.us/FlashCardDocs/images/House/small/A2285.jpg,2011-01-14 22:24:08.389000,2013-03-01 04:34:34.464000
TXL000295,Phil King,Phil,,King,,,True,tx,lower,61,Republican,651993e8729047bfadd81a0cdb716a18,http://www.legdir.legis.state.tx.us/FlashCardDocs/images/House/small/A3470.jpg,2010-06-19 03:51:42.402000,2013-03-01 04:34:34.517000
TXL000296,Tim Kleinschmidt,Tim,,Kleinschmidt,,,True,tx,lower,17,Republican,5322d01a92ab400f8a0fb36220d1aaf8,http://www.legdir.legis.state.tx.us/FlashCardDocs/images/House/small/A3430.jpg,2010-06-19 03:51:42.405000,2013-03-01 04:34:34.521000
TXL000389,Lyle Larson,Lyle,,Larson,,,True,tx,lower,122,Republican,bb586f9962da4e7a92f30fc16416fbf1,http://www.legdir.legis.state.tx.us/FlashCardDocs/images/House/small/A2245.jpg,2011-01-14 22:24:08.391000,2013-03-01 04:34:34.531000
TXL000390,George Lavender,George,,Lavender,,,True,tx,lower,1,Republican,d7ff7847a4ac4d95a020ae0d02225ccc,http://www.legdir.legis.state.tx.us/FlashCardDocs/images/House/small/A2010.jpg,2011-01-14 22:24:08.392000,2013-03-01 04:34:34.515000
TXL000395,Borris L. Miles,Borris L.,,Miles,,,True,tx,lower,146,Democratic,346b098b4aa643969074908daf5ad769,http://www.legdir.legis.state.tx.us/FlashCardDocs/images/House/small/A3825.jpg,2011-01-14 22:24:08.393000,2013-03-01 04:34:34.407000
TXL000378,Sarah Davis,Sarah,,Davis,,,True,tx,lower,134,Republican,fa4225e7b2fa42be81d774d1a07f7a72,http://www.legdir.legis.state.tx.us/FlashCardDocs/images/House/small/A2305.jpg,2011-01-14 22:24:08.385000,2013-03-01 04:34:34.539000
TXL000408,David Simpson,David,,Simpson,,,True,tx,lower,7,Republican,9bd069f29096467c813723ee62f1677d,http://www.legdir.legis.state.tx.us/FlashCardDocs/images/House/small/A2025.jpg,2011-01-14 22:24:08.291000,2013-03-01 04:34:34.469000
TXL000347,Joe Straus,Joe,,Straus,,,True,tx,lower,121,Republican,86be597536624f9e98eacf50981f50e8,http://www.legdir.legis.state.tx.us/FlashCardDocs/images/House/small/A4565.jpg,2010-06-19 03:51:42.604000,2013-03-01 04:34:34.878000
TXL000455,Mary Perez,Mary,,Perez,,,True,tx,lower,144,Democratic,c34613bf87f847858c5994c20ffdad2b,http://www.legdir.legis.state.tx.us/FlashCardDocs/images/House/small/A2535.jpg,2013-01-09 00:29:36.235000,2013-03-01 04:34:34.545000
TXL000412,William Zedler,William,,Zedler,,,True,tx,lower,96,Republican,9aeb3d3d751d408e8008de37a1d48740,http://www.legdir.legis.state.tx.us/FlashCardDocs/images/House/small/A5150.jpg,2011-01-14 22:24:08.293000,2013-03-01 04:34:34.547000
TXL000434,Pat Fallon,Pat,,Fallon,,,True,tx,lower,106,Republican,452a66097d964b119227d4b25f338476,http://www.legdir.legis.state.tx.us/FlashCardDocs/images/House/small/A2375.jpg,2013-01-09 00:29:35.684000,2013-03-01 04:34:34.552000
TXL000435,Marsha Farney,Marsha,,Farney,,,True,tx,lower,20,Republican,ce0b1efc03714fbcacad50bb980bf703,http://www.legdir.legis.state.tx.us/FlashCardDocs/images/House/small/A2380.jpg,2013-01-09 00:29:35.703000,2013-03-01 04:34:34.555000
TXL000436,James Frank,James,,Frank,,,True,tx,lower,69,Republican,e34553c43e0d4074ab165561a1985387,http://www.legdir.legis.state.tx.us/FlashCardDocs/images/House/small/A2385.jpg,2013-01-09 00:29:35.731000,2013-03-01 04:34:34.550000
TXL000437,Craig Goldman,Craig,,Goldman,,,True,tx,lower,97,Republican,8c11a1c4d84a4c0999f5222430771477,http://www.legdir.legis.state.tx.us/FlashCardDocs/images/House/small/A2395.jpg,2013-01-09 00:29:35.761000,2013-03-01 04:34:34.453000
TXL000442,Ken King,Ken,,King,,,True,tx,lower,88,Republican,b7f689f1a9294cbab74c55212aed0732,http://www.legdir.legis.state.tx.us/FlashCardDocs/images/House/small/A2455.jpg,2013-01-09 00:29:35.950000,2013-03-01 04:34:34.562000
TXL000443,Stephanie Klick,Stephanie,,Klick,,,True,tx,lower,91,Republican,5b1b0c8765774dc58387b3eabb3bdf58,http://www.legdir.legis.state.tx.us/FlashCardDocs/images/House/small/A2460.jpg,2013-01-09 00:29:35.964000,2013-03-01 04:34:34.564000
TXL000444,Matt Krause,Matt,,Krause,,,True,tx,lower,93,Republican,337f01f7df0e4f0bae070501a06f94ad,http://www.legdir.legis.state.tx.us/FlashCardDocs/images/House/small/A2465.jpg,2013-01-09 00:29:35.980000,2013-03-01 04:34:34.568000
TXL000445,Jeff Leach,Jeff,,Leach,,,True,tx,lower,67,Republican,12bf628e3e634ff4b2b3cbd811ada35f,http://www.legdir.legis.state.tx.us/FlashCardDocs/images/House/small/A2475.jpg,2013-01-09 00:29:36.017000,2013-03-01 04:34:34.560000
TXL000449,Rick Miller,Rick,,Miller,,,True,tx,lower,26,Republican,69d2cf54c2a742b89806f407fafc5584,http://www.legdir.legis.state.tx.us/FlashCardDocs/images/House/small/A2500.jpg,2013-01-09 00:29:36.107000,2013-03-01 04:34:34.575000
TXL000430,Travis Clardy,Travis,,Clardy,,,True,tx,lower,11,Republican,df24c72316064127a41ec7e9a2d89a86,http://www.legdir.legis.state.tx.us/FlashCardDocs/images/House/small/A2355.jpg,2013-01-09 00:29:35.529000,2013-03-01 04:34:34.577000
TXL000431,Nicole Collier,Nicole,,Collier,,,True,tx,lower,95,Democratic,5c7a8484d7df41e3be820c55fdcb0c81,http://www.legdir.legis.state.tx.us/FlashCardDocs/images/House/small/A2360.jpg,2013-01-09 00:29:35.544000,2013-03-01 04:34:34.620000
TXL000429,Giovanni Capriglione,Giovanni,,Capriglione,,,True,tx,lower,98,Republican,92a7306fe3aa41e08b66cc80019ed80f,http://www.legdir.legis.state.tx.us/FlashCardDocs/images/House/small/A2345.jpg,2013-01-09 00:29:35.513000,2013-03-01 04:34:34.519000
TXL000470,Jason Villalba,Jason,,Villalba,,,True,tx,lower,114,Republican,9f74b16f68a24c9db43dafa0527cab62,http://www.legdir.legis.state.tx.us/FlashCardDocs/images/House/small/A2855.jpg,2013-01-09 00:29:36.516000,2013-03-01 04:34:34.558000
TXL000472,Gene Wu,Gene,,Wu,,,True,tx,lower,137,Democratic,16aaee0b38954d69a22a0768216ee87a,http://www.legdir.legis.state.tx.us/FlashCardDocs/images/House/small/A2865.jpg,2013-01-09 00:29:36.562000,2013-03-01 04:34:34.513000
TXL000468,Scott Turner,Scott,,Turner,,,True,tx,lower,33,Republican,0023032b86544aa7b7c3ae7b665accba,http://www.legdir.legis.state.tx.us/FlashCardDocs/images/House/small/A2845.jpg,2013-01-09 00:29:36.493000,2013-03-01 04:34:34.628000
TXL000452,Poncho Nevárez,Poncho,,Nevárez,,,True,tx,lower,74,Democratic,,http://www.legdir.legis.state.tx.us/FlashCardDocs/images/House/small/A2505.jpg,2013-01-09 00:29:36.183000,2013-03-01 04:34:34.630000
TXL000454,Chris Paddie,Chris,,Paddie,,,True,tx,lower,9,Republican,75897327fdf54a809c3affe67e221997,http://www.legdir.legis.state.tx.us/FlashCardDocs/images/House/small/A2515.jpg,2013-01-09 00:29:36.213000,2013-03-01 04:34:34.444000
TXL000236,Byron Cook,Byron,,Cook,,,True,tx,lower,8,Republican,74bb25235f034a94a79dd4b664b19299,http://www.legdir.legis.state.tx.us/FlashCardDocs/images/House/small/A2450.jpg,2010-06-19 03:51:42.201000,2013-03-01 04:34:34.418000
TXL000243,John Davis,John,,Davis,,,True,tx,lower,129,Republican,f9bfd8d6996e4ba99426e8fd8654042a,http://www.legdir.legis.state.tx.us/FlashCardDocs/images/House/small/A2620.jpg,2010-06-19 03:51:42.217000,2013-03-01 04:34:34.626000
TXL000249,Harold Dutton Jr.,Harold,,Dutton,Jr.,,True,tx,lower,142,Democratic,4fab25eb20774aa5801be7d5d7235de3,http://www.legdir.legis.state.tx.us/FlashCardDocs/images/House/small/A2650.jpg,2010-06-19 03:51:42.250000,2013-03-01 04:34:34.533000
TXL000382,Naomi Gonzalez,Naomi,,Gonzalez,,,True,tx,lower,76,Democratic,ec67d0f9363b44f283750d8f75c4e376,http://www.legdir.legis.state.tx.us/FlashCardDocs/images/House/small/A2095.jpg,2011-01-14 22:24:08.387000,2013-03-01 04:34:34.644000
TXL000269,Roland Gutierrez,Roland,,Gutierrez,,,True,tx,lower,119,Democratic,70e6b7324a324c2880d8de66b5c70b8b,http://www.legdir.legis.state.tx.us/FlashCardDocs/images/House/small/A3025.jpg,2010-06-19 03:51:42.316000,2013-03-01 04:34:34.647000
TXL000387,John Kuempel,John,,Kuempel,,,True,tx,lower,44,Republican,a83ceff11cec4ea49e20e7377f343233,http://www.legdir.legis.state.tx.us/FlashCardDocs/images/House/small/A2310.jpg,2011-01-14 22:24:08.288000,2013-03-01 04:34:34.633000
TXL000446,Oscar Longoria,Oscar,,Longoria,,,True,tx,lower,35,Democratic,8816d7ef6d0a4e5391b625a4e0c94974,http://www.legdir.legis.state.tx.us/FlashCardDocs/images/House/small/A2485.jpg,2013-01-09 00:29:36.032000,2013-03-01 04:34:34.653000
TXL000404,Ron Reynolds,Ron,,Reynolds,,,True,tx,lower,27,Democratic,d1109a2a70864db6a1f4f5338a643eb6,http://www.legdir.legis.state.tx.us/FlashCardDocs/images/House/small/A2040.jpg,2011-01-14 22:24:08.418000,2013-03-01 04:34:34.656000
TXL000407,Kenneth Sheets,Kenneth,,Sheets,,,True,tx,lower,107,Republican,5702371b294a416a876776b8ad8280ba,http://www.legdir.legis.state.tx.us/FlashCardDocs/images/House/small/A2225.jpg,2011-01-14 22:24:08.291000,2013-03-01 04:34:34.658000
TXL000432,Philip Cortez,Philip,,Cortez,,,True,tx,lower,117,Democratic,e40e5af98a0b449b9a000b7a35e58a67,http://www.legdir.legis.state.tx.us/FlashCardDocs/images/House/small/A2365.jpg,2013-01-09 00:29:35.574000,2013-03-01 04:34:34.659000
TXL000278,Abel Herrero,Abel,,Herrero,,,True,tx,lower,34,Democratic,97d57b22544b4c49bf4f1c9fb060eee9,http://www.legdir.legis.state.tx.us/FlashCardDocs/images/House/small/A3140.jpg,2010-06-19 03:51:42.358000,2013-03-01 04:34:34.370000
TXL000456,Bennett Ratliff,Bennett,,Ratliff,,,True,tx,lower,115,Republican,4c25cf80a3e34c9d97916b79205a703e,http://www.legdir.legis.state.tx.us/FlashCardDocs/images/House/small/A2545.jpg,2013-01-09 00:29:36.288000,2013-03-01 04:34:34.405000
TXL000433,Tony Dale,Tony,,Dale,,,True,tx,lower,136,Republican,,http://www.legdir.legis.state.tx.us/FlashCardDocs/images/House/small/A2370.jpg,2013-01-09 00:29:35.606000,2013-03-01 04:34:34.664000
TXL000459,Scott Sanford,Scott,,Sanford,,,True,tx,lower,70,Republican,9bf01871fc12432986a985c2556b125f,http://www.legdir.legis.state.tx.us/FlashCardDocs/images/House/small/A2715.jpg,2013-01-09 00:29:36.356000,2013-03-01 04:34:34.669000
TXL000467,Steve Toth,Steve,,Toth,,,True,tx,lower,15,Republican,f30f32b8d24741c5991de675eb8dbe1b,http://www.legdir.legis.state.tx.us/FlashCardDocs/images/House/small/A2825.jpg,2013-01-09 00:29:36.486000,2013-03-01 04:34:34.673000
TXL000463,Drew Springer,Drew,,Springer,,,True,tx,lower,68,Republican,6880047b500b4233af75b9ffb70ec615,http://www.legdir.legis.state.tx.us/FlashCardDocs/images/House/small/A2745.jpg,2013-01-09 00:29:36.424000,2013-03-01 04:34:34.487000
TXL000247,Dawnna Dukes,Dawnna,,Dukes,,,True,tx,lower,46,Democratic,12db78b98177491386260875ac98403e,http://www.legdir.legis.state.tx.us/FlashCardDocs/images/House/small/A2665.jpg,2010-06-19 03:51:42.226000,2013-03-01 04:34:34.472000
TXL000241,Myra Crownover,Myra,,Crownover,,,True,tx,lower,64,Republican,8278f958078b45fda0ada3e667be78ee,http://www.legdir.legis.state.tx.us/FlashCardDocs/images/House/small/A2640.jpg,2010-06-19 03:51:42.212000,2013-03-01 04:34:34.678000
TXL000363,John Zerwas,John,,Zerwas,,,True,tx,lower,28,Republican,1491b7da52fb43a396a24d82c9fbe12b,http://www.legdir.legis.state.tx.us/FlashCardDocs/images/House/small/A5170.jpg,2010-06-19 03:51:42.678000,2013-03-01 04:34:34.642000
TXL000355,Sylvester Turner,Sylvester,,Turner,,,True,tx,lower,139,Democratic,3ce3af12d7c5459f855a187bb2497565,http://www.legdir.legis.state.tx.us/FlashCardDocs/images/House/small/A4685.jpg,2010-06-19 03:51:42.640000,2013-03-01 04:34:34.684000
TXL000289,Eric Johnson,Eric,,Johnson,,,True,tx,lower,100,Democratic,fa8dbe9e95d34d06be48b85a820984fb,http://www.legdir.legis.state.tx.us/FlashCardDocs/images/House/small/A3345.jpg,2010-06-19 03:51:42.386000,2013-03-01 04:34:34.502000
TXL000293,Susan King,Susan,,King,,,True,tx,lower,71,Republican,1482204de5e04f5aa98d0316063fba8a,http://www.legdir.legis.state.tx.us/FlashCardDocs/images/House/small/A3460.jpg,2010-06-19 03:51:42.397000,2013-03-01 04:34:34.685000
TXL000358,Mike Villarreal,Mike,,Villarreal,,,True,tx,lower,123,Democratic,0f4a58855bbc49b9a6174faace2df26d,http://www.legdir.legis.state.tx.us/FlashCardDocs/images/House/small/A4800.jpg,2010-06-19 03:51:42.650000,2013-03-01 04:34:34.687000
TXL000221,Dwayne Bohac,Dwayne,,Bohac,,,True,tx,lower,138,Republican,085c2d93f51343ca8d1fc669d0b5c9ec,http://www.legdir.legis.state.tx.us/FlashCardDocs/images/House/small/A2230.jpg,2010-06-19 03:51:42.149000,2013-03-01 04:34:34.492000
TXL000245,Joe Deshotel,Joe,,Deshotel,,,True,tx,lower,22,Democratic,3f290bcfcd5d44b496ad311894a3d733,http://www.legdir.legis.state.tx.us/FlashCardDocs/images/House/small/A2690.jpg,2010-06-19 03:51:42.221000,2013-03-01 04:34:34.624000
TXL000383,Lance Gooden,Lance,,Gooden,,,True,tx,lower,4,Republican,553008711f484d478778b12e0edd3f05,http://www.legdir.legis.state.tx.us/FlashCardDocs/images/House/small/A2020.jpg,2011-01-14 22:24:08.388000,2013-03-01 04:34:34.661000
TXL000274,Linda Harper-Brown,Linda,,Harper-Brown,,,True,tx,lower,105,Republican,696ebf10232b4edb98cdfc2c78e7124b,http://www.legdir.legis.state.tx.us/FlashCardDocs/images/House/small/A3165.jpg,2010-06-19 03:51:42.349000,2013-03-01 04:34:34.671000
TXL000279,Harvey Hilderbran,Harvey,,Hilderbran,,,True,tx,lower,53,Republican,85603680d69048848addf78f72d00cd1,http://www.legdir.legis.state.tx.us/FlashCardDocs/images/House/small/A3250.jpg,2010-06-19 03:51:42.361000,2013-03-01 04:34:34.536000
TXL000322,Rob Orr,Rob,,Orr,,,True,tx,lower,58,Republican,44aaab664fed4a4fa4e88a21ed66bcf9,http://www.legdir.legis.state.tx.us/FlashCardDocs/images/House/small/A3930.jpg,2010-06-19 03:51:42.508000,2013-03-01 04:34:34.693000
TXL000396,"Sergio Muñoz, Jr.",Sergio,,Muñoz,Jr.,,True,tx,lower,36,Democratic,1629890e31d94a17b9ca27e04cda4e57,http://www.legdir.legis.state.tx.us/FlashCardDocs/images/House/small/A2060.jpg,2011-01-14 22:24:08.414000,2013-03-01 04:34:34.695000
TXL000286,Todd Hunter,Todd,,Hunter,,,True,tx,lower,32,Republican,deb295fb213a4f6e900d5e46059d9074,http://www.legdir.legis.state.tx.us/FlashCardDocs/images/House/small/A3365.jpg,2010-06-19 03:51:42.379000,2013-03-01 04:34:34.698000
TXL000291,Jim Keffer,Jim,,Keffer,,,True,tx,lower,60,Republican,a1e374c6a2f249f385509054b599d3e8,http://www.legdir.legis.state.tx.us/FlashCardDocs/images/House/small/A3480.jpg,2010-06-19 03:51:42.391000,2013-03-01 04:34:34.566000
TXL000294,Tracy King,Tracy,,King,,,True,tx,lower,80,Democratic,1a8493ae3052435689d8cf9814d78a9b,http://www.legdir.legis.state.tx.us/FlashCardDocs/images/House/small/A3465.jpg,2010-06-19 03:51:42.400000,2013-03-01 04:34:34.700000
TXL000224,Dan Branch,Dan,,Branch,,,True,tx,lower,108,Republican,1e982e9ded5e45bd831f5890c1ff5ce6,http://www.legdir.legis.state.tx.us/FlashCardDocs/images/House/small/A2280.jpg,2010-06-19 03:51:42.156000,2013-03-01 04:34:34.455000
TXL000299,Jodie Laubenberg,Jodie,,Laubenberg,,,True,tx,lower,89,Republican,cc4eea7ceac545d494e1e2b0a96996f7,http://www.legdir.legis.state.tx.us/FlashCardDocs/images/House/small/A3540.jpg,2010-06-19 03:51:42.413000,2013-03-01 04:34:34.579000
TXL000302,Tryon Lewis,Tryon,,Lewis,,,True,tx,lower,81,Republican,8437c913bb274ec0bf827bcf742422c7,http://www.legdir.legis.state.tx.us/FlashCardDocs/images/House/small/A3570.jpg,2010-06-19 03:51:42.421000,2013-03-01 04:34:34.702000
TXL000391,J. M. Lozano,J. M.,,Lozano,,,True,tx,lower,43,Republican,a8228ad890664efb9a137ecf152c56ad,http://www.legdir.legis.state.tx.us/FlashCardDocs/images/House/small/A2065.jpg,2011-01-14 22:24:08.288000,2013-03-01 04:34:34.543000
TXL000303,Eddie Lucio III,Eddie,,Lucio,III,,True,tx,lower,38,Democratic,f89382177e704ec1bc948383a27ceefd,http://www.legdir.legis.state.tx.us/FlashCardDocs/images/House/small/A3610.jpg,2010-06-19 03:51:42.423000,2013-03-01 04:34:34.499000
TXL000308,Armando Martinez,Armando,,Martinez,,,True,tx,lower,39,Democratic,6af7b50713124edbbdef0479a44b82bc,http://www.legdir.legis.state.tx.us/FlashCardDocs/images/House/small/A3780.jpg,2010-06-19 03:51:42.436000,2013-03-01 04:34:34.396000
TXL000309,Trey Martinez Fischer,Trey Martinez,,Fischer,,,True,tx,lower,116,Democratic,d30611a2b39549d2811aff9c4b8043fa,http://www.legdir.legis.state.tx.us/FlashCardDocs/images/House/small/A2835.jpg,2010-06-19 03:51:42.439000,2013-03-01 04:34:34.704000
TXL000315,Doug Miller,Doug,,Miller,,,True,tx,lower,73,Republican,95ca116e27a0486289a41b7a3365d673,http://www.legdir.legis.state.tx.us/FlashCardDocs/images/House/small/A3848.jpg,2010-06-19 03:51:42.476000,2013-03-01 04:34:34.486000
TXL000318,Geanie Morrison,Geanie,,Morrison,,,True,tx,lower,30,Republican,f186aa3d2f01495d8803d126902d75c9,http://www.legdir.legis.state.tx.us/FlashCardDocs/images/House/small/A3870.jpg,2010-06-19 03:51:42.496000,2013-03-01 04:34:34.510000
TXL000415,John Raney,John,,Raney,,,True,tx,lower,14,Republican,1723b970eeb94ffe8a0c02814b0d7d84,http://www.legdir.legis.state.tx.us/FlashCardDocs/images/House/small/A2315.jpg,2012-01-25 00:54:58.498000,2013-03-01 04:34:34.638000
TXL000326,Diane Patrick,Diane,,Patrick,,,True,tx,lower,94,Republican,b65e5732a8a34147bfb154c9a52b2f62,http://www.legdir.legis.state.tx.us/FlashCardDocs/images/House/small/A4050.jpg,2010-06-19 03:51:42.520000,2013-03-01 04:34:34.480000
TXL000325,Tan Parker,Tan,,Parker,,,True,tx,lower,63,Republican,4601e56aac2b4ede974d6fdc0983fd2a,http://www.legdir.legis.state.tx.us/FlashCardDocs/images/House/small/A4090.jpg,2010-06-19 03:51:42.517000,2013-03-01 04:34:34.706000
TXL000329,Larry Phillips,Larry,,Phillips,,,True,tx,lower,62,Republican,a8a76e75150949818a26d8aa2f5e1f63,http://www.legdir.legis.state.tx.us/FlashCardDocs/images/House/small/A4160.jpg,2010-06-19 03:51:42.529000,2013-03-01 04:34:34.667000
TXL000335,Debbie Riddle,Debbie,,Riddle,,,True,tx,lower,150,Republican,e02759f84b7540f6aeb9c4580d3c100d,http://www.legdir.legis.state.tx.us/FlashCardDocs/images/House/small/A4220.jpg,2010-06-19 03:51:42.546000,2013-03-01 04:34:34.473000
TXL000337,Allan Ritter,Allan,,Ritter,,,True,tx,lower,21,Republican,22208d86141648db9fe113752fdc2042,http://www.legdir.legis.state.tx.us/FlashCardDocs/images/House/small/A4250.jpg,2010-06-19 03:51:42.552000,2013-03-01 04:34:34.374000
TXL000340,Ralph Sheffield,Ralph,,Sheffield,,,True,tx,lower,55,Republican,105c922876ae4869a9a2620306c5aac6,http://www.legdir.legis.state.tx.us/FlashCardDocs/images/House/small/A4430.jpg,2010-06-19 03:51:42.582000,2013-03-01 04:34:34.708000
TXL000342,Wayne Smith,Wayne,,Smith,,,True,tx,lower,128,Republican,9b21641606cd41f9a2b9f4880fb91b60,http://www.legdir.legis.state.tx.us/FlashCardDocs/images/House/small/A4540.jpg,2010-06-19 03:51:42.588000,2013-03-01 04:34:34.710000
TXL000344,John Smithee,John,,Smithee,,,True,tx,lower,86,Republican,a902eb4f71aa42f595e912b72425ac04,http://www.legdir.legis.state.tx.us/FlashCardDocs/images/House/small/A4530.jpg,2010-06-19 03:51:42.594000,2013-03-01 04:34:34.640000
TXL000346,Mark Strama,Mark,,Strama,,,True,tx,lower,50,Democratic,43aea28493c049da9ff1177c02c08d53,http://www.legdir.legis.state.tx.us/FlashCardDocs/images/House/small/A4545.jpg,2010-06-19 03:51:42.601000,2013-03-01 04:34:34.682000
TXL000350,Van Taylor,Van,,Taylor,,,True,tx,lower,66,Republican,899eac080af34289bc256f8a56829239,http://www.legdir.legis.state.tx.us/FlashCardDocs/images/House/small/A4605.jpg,2010-06-19 03:51:42.613000,2013-03-01 04:34:34.712000
TXL000352,Senfronia Thompson,Senfronia,,Thompson,,,True,tx,lower,141,Democratic,834e37faaa95458b968a4fb721926c9d,http://www.legdir.legis.state.tx.us/FlashCardDocs/images/House/small/A4630.jpg,2010-06-19 03:51:42.631000,2013-03-01 04:34:34.715000
TXL000381,Larry Gonzales,Larry,,Gonzales,,,True,tx,lower,52,Republican,b4aa620887ae49b688c6b532a8f12afb,http://www.legdir.legis.state.tx.us/FlashCardDocs/images/House/small/A2080.jpg,2011-01-14 22:24:08.387000,2013-03-01 04:34:34.663000
TXL000359,Hubert Vo,Hubert,,Vo,,,True,tx,lower,149,Democratic,60de2fe921114d62bf726502f4126746,http://www.legdir.legis.state.tx.us/FlashCardDocs/images/House/small/A4900.jpg,2010-06-19 03:51:42.653000,2013-03-01 04:34:34.540000
TXL000360,Armando Walle,Armando,,Walle,,,True,tx,lower,140,Democratic,7a582fbdca7c4ad890d5bbb84e7d1082,http://www.legdir.legis.state.tx.us/FlashCardDocs/images/House/small/A4930.jpg,2010-06-19 03:51:42.668000,2013-03-01 04:34:34.400000
TXL000297,Lois Kolkhorst,Lois,,Kolkhorst,,,True,tx,lower,13,Republican,dd12690d5d75437e97a1c46fcc48d61e,http://www.legdir.legis.state.tx.us/FlashCardDocs/images/House/small/A3495.jpg,2010-06-19 03:51:42.408000,2013-03-01 04:34:34.676000
TXL000310,Ruth Jones McClendon,Ruth Jones,,McClendon,,,True,tx,lower,120,Democratic,995e0bde8f2746e4856a00b188d87769,http://www.legdir.legis.state.tx.us/FlashCardDocs/images/House/small/A3650.jpg,2010-06-19 03:51:42.442000,2013-03-01 04:34:34.717000
TXL000307,Marisa Marquez,Marisa,,Márquez,,,True,tx,lower,77,Democratic,aa867ecd748344f8838a3c901e923a22,http://www.legdir.legis.state.tx.us/FlashCardDocs/images/House/small/A3750.jpg,2010-06-19 03:51:42.434000,2013-03-01 04:34:34.680000
TXL000265,Helen Giddings,Helen,,Giddings,,,True,tx,lower,109,Democratic,ace57e3c0b4f4976abc19b494b6cf555,http://www.legdir.legis.state.tx.us/FlashCardDocs/images/House/small/A2935.jpg,2010-06-19 03:51:42.307000,2013-03-01 04:34:34.538000
TXL000330,Jim Pitts,Jim,,Pitts,,,True,tx,lower,10,Republican,9fb0e8b49f0f4a5dae2745c576138b4a,http://www.legdir.legis.state.tx.us/FlashCardDocs/images/House/small/A4185.jpg,2010-06-19 03:51:42.532000,2013-03-01 04:34:34.572000
TXL000324,John Otto,John,,Otto,,,True,tx,lower,18,Republican,ff67f4a3abd34e9f924cea3ebb4d1a73,http://www.legdir.legis.state.tx.us/FlashCardDocs/images/House/small/A3945.jpg,2010-06-19 03:51:42.514000,2013-03-01 04:34:34.637000
TXL000466,Ed Thompson,Ed,,Thompson,,,True,tx,lower,29,Republican,7d93718f8e8f45a194822c016dd8a175,http://www.legdir.legis.state.tx.us/FlashCardDocs/images/House/small/A2815.jpg,2013-01-09 00:29:36.470000,2013-03-01 04:34:34.496000
TXL000244,Yvonne Davis,Yvonne,,Davis,,,True,tx,lower,111,Democratic,cc4323a2c9fd4f2785cc974eb4297908,http://www.legdir.legis.state.tx.us/FlashCardDocs/images/House/small/nopicture.jpg,2010-06-19 03:51:42.219000,2013-03-01 04:34:34.720000
TXL000462,Ron Simmons,Ron,,Simmons,,,True,tx,lower,65,Republican,a081eb3f888c4dc3844f2767fde8258b,http://www.legdir.legis.state.tx.us/FlashCardDocs/images/House/small/A2740.jpg,2013-01-09 00:29:36.394000,2013-03-01 04:34:34.723000
TXL000460,Matt Schaefer,Matt,,Schaefer,,,True,tx,lower,6,Republican,6cbde1069dd64126af7e5013b3e3415b,http://www.legdir.legis.state.tx.us/FlashCardDocs/images/House/small/A2725.jpg,2013-01-09 00:29:36.364000,2013-03-01 04:34:34.690000
TXL000317,Joseph Moody,Joseph,,Moody,,,True,tx,lower,78,Democratic,b1d31d6bc75b4cfcbb964848764539e4,http://www.legdir.legis.state.tx.us/FlashCardDocs/images/House/small/A3850.jpg,2010-06-19 03:51:42.493000,2013-03-01 04:34:34.651000
TXL000215,Roberto Alonzo,Roberto,,Alonzo,,,True,tx,lower,104,Democratic,d4441ac0f2c2454fb92c6526a6490e01,http://www.legdir.legis.state.tx.us/FlashCardDocs/images/House/small/A2125.jpg,2010-06-19 03:51:42.135000,2013-03-01 04:34:34.725000
TXL000312,Jose Menendez,José,,Menéndez,,,True,tx,lower,124,Democratic,c36d8b77d70d47cc88ce89a3a97a3024,http://www.legdir.legis.state.tx.us/FlashCardDocs/images/House/small/A3830.jpg,2010-06-19 03:51:42.467000,2013-03-01 04:34:34.649000
TXL000400,Charles Perry,Charles,,Perry,,,True,tx,lower,83,Republican,8fb11c2c10654abaa89d9cbf7435c7b0,http://www.legdir.legis.state.tx.us/FlashCardDocs/images/House/small/A2140.jpg,2011-01-14 22:24:08.416000,2013-03-01 04:34:34.435000
TXL000425,Cecil Bell,Cecil,,Bell,,,True,tx,lower,3,Republican,ed6de76166284c94ae6aaf51d3d61fec,http://www.legdir.legis.state.tx.us/FlashCardDocs/images/House/small/A2335.jpg,2013-01-09 00:29:35.419000,2013-03-01 04:34:34.429000
TXL000424,Trent Ashby,Trent,,Ashby,,,True,tx,lower,57,Republican,76b3814890254ab1abb8afa24bfde96a,http://www.legdir.legis.state.tx.us/FlashCardDocs/images/House/small/A2330.jpg,2013-01-09 00:29:35.404000,2013-03-01 04:34:34.727000
TXL000426,Greg Bonnen,Greg,,Bonnen,,,True,tx,lower,24,Republican,426a21370ec84deda645ed2037d5bff0,http://www.legdir.legis.state.tx.us/FlashCardDocs/images/House/small/A2875.jpg,2013-01-09 00:29:35.442000,2013-03-01 04:34:34.523000
TXL000397,Jim Murphy,Jim,,Murphy,,,True,tx,lower,133,Republican,b405cee86e554e32beb446ff11874996,http://www.legdir.legis.state.tx.us/FlashCardDocs/images/House/small/A3875.jpg,2011-01-14 22:24:08.415000,2013-03-01 04:34:34.570000
TXL000338,Eddie Rodriguez,Eddie,,Rodriguez,,,True,tx,lower,51,Democratic,52bae7ea9df949e6b7a431d5444db201,http://www.legdir.legis.state.tx.us/FlashCardDocs/images/House/small/A4270.jpg,2010-06-19 03:51:42.555000,2013-03-01 04:34:34.501000
TXL000414,Jose Rodriguez,Jose,,Rodriguez,,,True,tx,upper,29,Democratic,2dc5243cf90b4c578a19aae469d7f011,http://www.legdir.legis.state.tx.us/FlashCardDocs/images/Senate/small/A1005.jpg,2011-01-14 22:24:08.575000,2013-03-01 04:34:34.729000
TXL000194,Glenn Hegar,Glenn,,Hegar,,,True,tx,upper,18,Republican,d0085b3707e44810b958b36d88f6bda5,http://www.legdir.legis.state.tx.us/FlashCardDocs/images/Senate/small/A1230.jpg,2010-06-19 03:51:42.073000,2013-03-01 04:34:34.732000
TXL000188,Rodney Ellis,Rodney,,Ellis,,,True,tx,upper,13,Democratic,ce6b9922f23248978b02780d298f3145,http://www.legdir.legis.state.tx.us/FlashCardDocs/images/Senate/small/A1185.jpg,2010-06-19 03:51:42.058000,2013-03-01 04:34:34.735000
TXL000405,Charles Schwertner,Charles,,Schwertner,,,True,tx,upper,5,Republican,6d53976941b44bce98877def7e4c3343,http://www.legdir.legis.state.tx.us/FlashCardDocs/images/Senate/small/A1025.jpg,2011-01-14 22:24:08.419000,2013-03-01 04:34:34.739000
TXL000200,Robert Nichols,Robert,,Nichols,,,True,tx,upper,3,Republican,1cefda5744d749fca851d945f9e13b59,http://www.legdir.legis.state.tx.us/FlashCardDocs/images/Senate/small/A1400.jpg,2010-06-19 03:51:42.088000,2013-03-01 04:34:34.745000
TXL000206,Carlos Uresti,Carlos,,Uresti,,,True,tx,upper,19,Democratic,6383cd88a7ce48dbbb277dccb1a64022,http://www.legdir.legis.state.tx.us/FlashCardDocs/images/Senate/small/A1605.jpg,2010-06-19 03:51:42.103000,2013-03-01 04:34:34.748000
TXL000207,Leticia Van de Putte,Leticia,,Van de Putte,,,True,tx,upper,26,Democratic,9aeb3d3d751d408e8008de37a1d48740,http://www.legdir.legis.state.tx.us/FlashCardDocs/images/Senate/small/A1615.jpg,2010-06-19 03:51:42.105000,2013-03-01 04:34:34.751000
TXL000212,Tommy Williams,Tommy,,Williams,,,True,tx,upper,4,Republican,9ddd53548f3c4e6e8a0da55826f8016c,http://www.legdir.legis.state.tx.us/FlashCardDocs/images/Senate/small/A1655.jpg,2010-06-19 03:51:42.128000,2013-03-01 04:34:34.753000
TXL000271,Kelly Hancock,Kelly,,Hancock,,,True,tx,upper,9,Republican,ba3847be6cec4d4bb3c14c5aab68a471,http://www.legdir.legis.state.tx.us/FlashCardDocs/images/Senate/small/A1015.jpg,2010-06-19 03:51:42.331000,2013-03-01 04:34:34.755000
TXL000183,John Carona,John,,Carona,,,True,tx,upper,16,Republican,65571808f5154bf3a27ee8ef34772802,http://www.legdir.legis.state.tx.us/FlashCardDocs/images/Senate/small/A1150.jpg,2010-06-19 03:51:42.035000,2013-03-01 04:34:34.758000
TXL000184,Wendy Davis,Wendy,,Davis,,,True,tx,upper,10,Democratic,bdcd02086ff841558d881e4ee141d90d,http://www.legdir.legis.state.tx.us/FlashCardDocs/images/Senate/small/A1155.jpg,2010-06-19 03:51:42.049000,2013-03-01 04:34:34.761000
TXL000185,Bob Deuell,Bob,,Deuell,,,True,tx,upper,2,Republican,bb25c66aecf44bf7a31326014d6f7708,http://www.legdir.legis.state.tx.us/FlashCardDocs/images/Senate/small/A1160.jpg,2010-06-19 03:51:42.051000,2013-03-01 04:34:34.763000
TXL000190,Craig Estes,Craig,,Estes,,,True,tx,upper,30,Republican,a8cbd3c77ee140c0b2693fa9f358b316,http://www.legdir.legis.state.tx.us/FlashCardDocs/images/Senate/small/A1180.jpg,2010-06-19 03:51:42.063000,2013-03-01 04:34:34.766000
TXL000191,Troy Fraser,Troy,,Fraser,,,True,tx,upper,24,Republican,a78adedb079f48f28b8f594f0bd74838,http://www.legdir.legis.state.tx.us/FlashCardDocs/images/Senate/small/A1190.jpg,2010-06-19 03:51:42.066000,2013-03-01 04:34:34.768000
TXL000208,Kirk Watson,Kirk,,Watson,,,True,tx,upper,14,Democratic,09af32f667db43c7a200be9efe778369,http://www.legdir.legis.state.tx.us/FlashCardDocs/images/Senate/small/A1610.jpg,2010-06-19 03:51:42.107000,2013-03-01 04:34:34.771000
TXL000195,Juan Hinojosa,Juan,,Hinojosa,,,True,tx,upper,20,Democratic,c190ea0b18ae4fc79f5c6713e966b3da,http://www.legdir.legis.state.tx.us/FlashCardDocs/images/Senate/small/A1250.jpg,2010-06-19 03:51:42.076000,2013-03-01 04:34:34.773000
TXL000198,Eddie Lucio Jr.,Eddie,,Lucio,Jr.,,True,tx,upper,27,Democratic,9b62b0d94980443cb677314487fa655c,http://www.legdir.legis.state.tx.us/FlashCardDocs/images/Senate/small/A1300.jpg,2010-06-19 03:51:42.083000,2013-03-01 04:34:34.776000
TXL000211,John Whitmire,John,,Whitmire,,,True,tx,upper,15,Democratic,c2c2d651cb9f4bd3b00364f8d9b84715,http://www.legdir.legis.state.tx.us/FlashCardDocs/images/Senate/small/A1650.jpg,2010-06-19 03:51:42.115000,2013-03-01 04:34:34.779000
TXL000364,Brian Birdwell,Brian,,Birdwell,,,True,tx,upper,22,Republican,a6542d226bbc48caa009ee09f8e95d5d,http://www.legdir.legis.state.tx.us/FlashCardDocs/images/Senate/small/A1080.jpg,2010-07-17 08:38:47.948000,2013-03-01 04:34:34.781000
TXL000203,Kel Seliger,Kel,,Seliger,,,True,tx,upper,31,Republican,11e9ea4ef5c6410aad1639509f06a9bd,http://www.legdir.legis.state.tx.us/FlashCardDocs/images/Senate/small/A1460.jpg,2010-06-19 03:51:42.095000,2013-03-01 04:34:34.783000
TXL000327,Ken Paxton,Ken,,Paxton,,,True,tx,upper,8,Republican,1d201b5dbf894e18b15158a445a100e6,http://www.legdir.legis.state.tx.us/FlashCardDocs/images/Senate/small/A1020.jpg,2010-06-19 03:51:42.523000,2013-03-01 04:34:34.785000
TXL000419,Donna Campbell,Donna,,Campbell,,,True,tx,upper,25,Republican,60862c8f8ee640cdafadf75234812bbb,http://www.legdir.legis.state.tx.us/FlashCardDocs/images/Senate/small/A1010.jpg,2013-01-09 00:29:35.053000,2013-03-01 04:34:34.786000
TXL000349,Larry Taylor,Larry,,Taylor,,,True,tx,upper,11,Republican,33194a0192b14e4fbecd8787da18b95b,http://www.legdir.legis.state.tx.us/FlashCardDocs/images/Senate/small/A1030.jpg,2010-06-19 03:51:42.610000,2013-03-01 04:34:34.792000
TXL000199,Jane Nelson,Jane,,Nelson,,,True,tx,upper,12,Republican,722d5603546d4262ad682489327124dc,http://www.legdir.legis.state.tx.us/FlashCardDocs/images/Senate/small/A1450.jpg,2010-06-19 03:51:42.086000,2013-03-01 04:34:34.794000
TXL000196,Joan Huffman,Joan,,Huffman,,,True,tx,upper,17,Republican,69152ae8ca13461bb220b4be8405042d,http://www.legdir.legis.state.tx.us/FlashCardDocs/images/Senate/small/A1260.jpg,2010-06-19 03:51:42.078000,2013-03-01 04:34:34.796000
TXL000210,Royce West,Royce,,West,,,True,tx,upper,23,Democratic,bf3b3664d0ca408d9213cf707cc9a557,http://www.legdir.legis.state.tx.us/FlashCardDocs/images/Senate/small/A1625.jpg,2010-06-19 03:51:42.112000,2013-03-01 04:34:34.798000
TXL000189,Kevin Eltife,Kevin,,Eltife,,,True,tx,upper,1,Republican,08bbeb4392b14111a72ce7fb44d9402b,http://www.legdir.legis.state.tx.us/FlashCardDocs/images/Senate/small/A1225.jpg,2010-06-19 03:51:42.061000,2013-03-01 04:34:34.801000
TXL000187,Robert Duncan,Robert,,Duncan,,,True,tx,upper,28,Republican,2444056091814f3fab546950ca630b3d,http://www.legdir.legis.state.tx.us/FlashCardDocs/images/Senate/small/A1165.jpg,2010-06-19 03:51:42.056000,2013-03-01 04:34:34.803000
TXL000202,Dan Patrick,Dan,,Patrick,,,True,tx,upper,7,Republican,b876eed375034c118aecde55e5404232,http://www.legdir.legis.state.tx.us/FlashCardDocs/images/Senate/small/A1430.jpg,2010-06-19 03:51:42.093000,2013-03-01 04:34:34.806000
TXL000213,Judith Zaffirini,Judith,,Zaffirini,,,True,tx,upper,21,Democratic,6c110ce2dbd94a24996b13c9e2343fc0,http://www.legdir.legis.state.tx.us/FlashCardDocs/images/Senate/small/A1700.jpg,2010-06-19 03:51:42.131000,2013-03-01 04:34:34.858000
