WAL000156,Dino Rossi,Dino,,Rossi,,,False,wa,,,,,http://www.leg.wa.gov/senate/senators/publishingimages/rossi.jpg,2012-07-11 07:54:29.551000,2013-01-10 00:22:37.040000
WAL000037,Craig Pridemore,Craig,,Pridemore,,,False,wa,,,,e030766d2f84481787bfeed6c7f13413,http://www.leg.wa.gov/senate/senators/publishingimages/pridemore.jpg,2011-02-25 17:48:48.166000,2013-01-10 00:22:37.029000
WAL000023,Jim Kastama,Jim,,Kastama,,,False,wa,,,,99f0c648b18749bd8fd2536ca95c6fc6,http://www.leg.wa.gov/senate/senators/publishingimages/kastama.jpg,2011-02-25 17:48:48.039000,2013-01-10 00:22:37.031000
WAL000025,Derek Kilmer,Derek,,Kilmer,,,False,wa,,,,c8820892a9a14cb58a7e6fe5d84ffdbd,http://www.leg.wa.gov/senate/senators/publishingimages/kilmer.jpg,2011-02-25 17:48:48.043000,2013-01-10 00:22:37.033000
WAL000036,Margarita Prentice,Margarita,,Prentice,,,False,wa,,,,1b936908c02e4fb2ab653d36d5dd8f23,http://www.leg.wa.gov/senate/senators/publishingimages/prentice.jpg,2011-02-25 17:48:48.164000,2013-01-10 00:22:37.032000
WAL000041,Phil Rockefeller,Phil,,Rockefeller,,,False,wa,,,,eb972d81e496459c847980d340d8b20b,http://www.leg.wa.gov/senate/senators/publishingimages/roach.jpg,2011-02-25 17:48:48.183000,2012-06-06 15:34:02.602000
WAL000048,Scott White,Scott,,White,,,False,wa,,,,a2d05027468e4f7985308a2fe72e70f5,http://www.leg.wa.gov/senate/senators/publishingimages/white.jpg,2011-02-25 17:48:48.196000,2012-06-06 15:35:48.731000
WAL000092,Jim Jacks,Jim,,Jacks,,,False,wa,,,,748751e19639491cb8d1d197f451422c,,2011-02-25 17:48:48.311000,2012-06-06 15:40:26.782000
WAL000039,Debbie Regala,Debbie,,Regala,,,False,wa,,,,5fe25bf72f8a49e598acd282ab5965db,http://www.leg.wa.gov/senate/senators/publishingimages/regala.jpg,2011-02-25 17:48:48.170000,2013-01-10 00:22:37.038000
WAL000017,Mary Margaret Haugen,Mary,Margaret,Haugen,,,False,wa,,,,65c84542a7cd46efb11560fb4cdf7d3f,http://www.leg.wa.gov/senate/senators/publishingimages/haugen.jpg,2011-02-25 17:48:48.019000,2013-01-10 00:22:37.039000
WAL000050,John Ahern,John,,Ahern,,,False,wa,,,,59dab6e28d2b4df8bb16a4dab556e089,http://www.leg.wa.gov/house/representatives/publishingimages/ahern.jpg,2011-02-25 17:48:48.199000,2013-01-10 00:22:37.005000
WAL000072,Mary Lou Dickerson,Mary Lou,,Dickerson,,,False,wa,,,,03d6e8460fa4407c957e42cd6bcae0c6,http://www.leg.wa.gov/house/representatives/publishingimages/dickerson.jpg,2011-02-25 17:48:48.248000,2013-01-10 00:22:37.007000
WAL000121,Tim Probst,Tim,,Probst,,,False,wa,,,,160f9310ff774be3acd1aa629fabbfaf,http://www.leg.wa.gov/house/representatives/publishingimages/probst.jpg,2011-02-25 17:48:48.378000,2013-01-10 00:22:37.008000
WAL000097,Phyllis Gutierrez Kenney,Phyllis,Gutierrez,Kenney,,,False,wa,,,,22541137d8214a8e9552da84908afa53,http://www.leg.wa.gov/house/representatives/publishingimages/kenney.jpg,2011-02-25 17:48:48.320000,2013-01-10 00:22:37.009000
WAL000102,Connie Ladenburg,Connie,,Ladenburg,,,False,wa,,,,fb8fea10f33740c1a06286d33723bcb8,http://www.leg.wa.gov/house/representatives/publishingimages/ladenburg.jpg,2011-02-25 17:48:48.329000,2013-01-10 00:22:37.010000
WAL000096,Troy Kelley,Troy,,Kelley,,,False,wa,,,,8302e0f3cb32452db65f80be6b62f052,http://www.leg.wa.gov/house/representatives/publishingimages/kelley.jpg,2011-02-25 17:48:48.318000,2013-01-10 00:22:37.011000
WAL000108,Mark Miloscia,Mark,,Miloscia,,,False,wa,,,,6dab4b512dfc4dc382323b4e6f434985,http://www.leg.wa.gov/house/representatives/publishingimages/miloscia.jpg,2011-02-25 17:48:48.340000,2013-01-10 00:22:37.012000
WAL000052,Glenn Anderson,Glenn,,Anderson,,,False,wa,,,,5663d5994fe14589a510b4fab8fc33a6,http://www.leg.wa.gov/house/representatives/publishingimages/anderson.jpg,2011-02-25 17:48:48.203000,2013-01-10 00:22:37.013000
WAL000085,Bob Hasegawa,Bob,,Hasegawa,,,False,wa,,,,dc1d88cbf6764b6092484a83a8585174,http://www.leg.wa.gov/house/representatives/publishingimages/hasegawa.jpg,2011-02-25 17:48:48.299000,2013-01-10 00:22:37.014000
WAL000107,Jim McCune,Jim,,McCune,,,False,wa,,,,68d662d61b9a46a1b1d1294f548e972b,http://www.leg.wa.gov/house/representatives/publishingimages/mccune.jpg,2011-02-25 17:48:48.338000,2013-01-10 00:22:37.016000
WAL000055,Mike Armstrong,Mike,,Armstrong,,,False,wa,,,,0d5ec6a8e0ca4afea3ae5c4dd49d3223,http://www.leg.wa.gov/house/representatives/publishingimages/armstrong.jpg,2011-02-25 17:48:48.208000,2013-01-10 00:22:37.017000
WAL000056,Katrina Asay,Katrina,,Asay,,,False,wa,,,,dad7be45a54740cda71d87821d4644a3,http://www.leg.wa.gov/house/representatives/publishingimages/asay.jpg,2011-02-25 17:48:48.210000,2013-01-10 00:22:37.018000
WAL000074,Deb Eddy,Deb,,Eddy,,,False,wa,,,,030f89a638804446978afdc0c46212d5,http://www.leg.wa.gov/house/representatives/publishingimages/eddy.jpg,2011-02-25 17:48:48.262000,2013-01-10 00:22:37.019000
WAL000076,Fred Finn,Fred,,Finn,,,False,wa,,,,9faf0ffa57d34466a59bae2320208291,http://www.leg.wa.gov/house/representatives/publishingimages/finn.jpg,2011-02-25 17:48:48.271000,2013-01-10 00:22:37.020000
WAL000070,Jeannie Darneille,Jeannie,,Darneille,,,False,wa,,,,c2779aab08f846ca989ffea220d3d23a,http://www.leg.wa.gov/house/representatives/publishingimages/darneille.jpg,2011-02-25 17:48:48.245000,2013-01-10 00:22:37.026000
WAL000086,Bill Hinkle,Bill,,Hinkle,,,False,wa,,,,cb4343dac2054d9c8a79f85d3c9cdc5a,http://www.leg.wa.gov/house/representatives/publishingimages/hinkle.jpg,2011-02-25 17:48:48.301000,2013-01-10 00:22:37.028000
WAL000009,Jerome Delvin,Jerome,,Delvin,,,False,wa,,,,2b3886b644d24cb19463e850937c54dd,http://www.leg.wa.gov/senate/senators/publishingimages/delvin.jpg,2011-02-25 17:48:48.005000,2013-02-06 15:13:17.282000
WAL000002,Jeff Baxter,Jeff,,Baxter,,,False,wa,,,,023e34da50ec4a8582634b6fbedd7699,http://www.leg.wa.gov/senate/senators/publishingimages/baxter.jpg,2011-02-25 17:48:47.981000,2012-07-12 17:23:48.642000
WAL000035,Cheryl Pflug,Cheryl,,Pflug,,,False,wa,,,,a5f714c8812c4520a37ec18d82051e24,http://www.leg.wa.gov/senate/senators/publishingimages/pflug.jpg,2011-02-25 17:48:48.163000,2012-07-12 17:27:39.083000
WAL000049,Joseph Zarelli,Joseph,,Zarelli,,,False,wa,,,,7fca8eead21a4a1dab807b2b5759f951,http://www.leg.wa.gov/senate/senators/publishingimages/zarelli.jpg,2011-02-25 17:48:48.197000,2012-06-06 15:32:49.633000
WAL000031,Bob Morton,Bob,,Morton,,,False,wa,,,,f4046e6fcdb14606b328348b580a1470,http://www.leg.wa.gov/senate/senators/publishingimages/morton.jpg,2011-02-25 17:48:48.053000,2013-01-10 00:22:37.034000
WAL000046,Dan Swecker,Dan,,Swecker,,,False,wa,,,,780e156d9e104b21a85f5dbaeb6af46e,http://www.leg.wa.gov/senate/senators/publishingimages/swecker.jpg,2011-02-25 17:48:48.192000,2013-01-10 00:22:37.035000
WAL000045,Val Stevens,Val,,Stevens,,,False,wa,,,,aedaade82b6247cf808ad39f5ade9113,http://www.leg.wa.gov/senate/senators/publishingimages/stevens.jpg,2011-02-25 17:48:48.190000,2013-01-10 00:22:37.037000
WAL000005,Lisa Brown,Lisa,,Brown,,,False,wa,,,,f51e112367174315bcc03411828c9853,http://www.leg.wa.gov/senate/senators/publishingimages/brown.jpg,2011-02-25 17:48:47.997000,2013-01-10 00:22:37.036000
WAL000160,Matt Manweller,Matt,,Manweller,,,True,wa,lower,13,Republican,ec99314d666147ed9b8d3de9a0cb7919,http://www.leg.wa.gov/house/representatives/publishingimages/manweller.jpg,2013-01-10 00:22:36.576000,2013-03-01 04:34:43.036000
WAL000071,Richard DeBolt,Richard,,DeBolt,,,True,wa,lower,20,Republican,9cbade82dfcc40d4aa8ccceef1192654,http://www.leg.wa.gov/house/representatives/publishingimages/debolt.jpg,2011-02-25 17:48:48.246000,2013-03-01 04:34:43.122000
WAL000135,Norma Smith,Norma,,Smith,,,True,wa,lower,10,Republican,6f4d55ad9d074d468af805aa707ad01a,http://www.leg.wa.gov/house/representatives/publishingimages/smith.jpg,2011-02-25 17:48:48.433000,2013-03-01 04:34:43.188000
WAL000183,Dawn Morrell,Dawn,,Morrell,,,True,wa,lower,25,Democratic,,http://www.leg.wa.gov/house/representatives/publishingimages/morrell.jpg,2013-01-15 00:36:10.126000,2013-03-01 04:34:43.205000
WAL000181,Drew MacEwen,Drew,,MacEwen,,,True,wa,lower,35,Republican,1563d05e06894166a81566eaf1818ac1,http://www.leg.wa.gov/house/representatives/publishingimages/macewen.jpg,2013-01-15 00:36:10.101000,2013-03-01 04:34:42.733000
WAL000177,Brad Hawkins,Brad,,Hawkins,,,True,wa,lower,12,Republican,1da2e864799d4842bd71b26d3aae32d8,http://www.leg.wa.gov/house/representatives/publishingimages/hawkins.jpg,2013-01-15 00:36:10.048000,2013-03-01 04:34:42.764000
WAL000173,Jessyn Farrell,Jessyn,,Farrell,,,True,wa,lower,46,Democratic,8e8d6baf6b4047d8b8b28a3e42e13772,http://www.leg.wa.gov/house/representatives/publishingimages/farrell.jpg,2013-01-15 00:36:09.800000,2013-03-01 04:34:43.241000
WAL000174,Jake Fey,Jake,,Fey,,,True,wa,lower,27,Democratic,,http://www.leg.wa.gov/house/representatives/publishingimages/fey.jpg,2013-01-15 00:36:09.806000,2013-03-01 04:34:43.225000
WAL000116,Jason Overstreet,Jason,,Overstreet,,,True,wa,lower,42,Republican,0877787e623849b6b633020052d346d9,http://www.leg.wa.gov/house/representatives/publishingimages/overstreet.jpg,2011-02-25 17:48:48.355000,2013-03-01 04:34:43.235000
WAL000090,Ross Hunter,Ross,,Hunter,,,True,wa,lower,48,Democratic,204c8d929dee440d8674069501768aa3,http://www.leg.wa.gov/house/representatives/publishingimages/hunter.jpg,2011-02-25 17:48:48.308000,2013-03-01 04:34:42.471000
WAL000154,Gerry Pollet,Gerry,,Pollet,,,True,wa,lower,46,Democratic,49004c3cc7614194a68cc130c6abbdae,http://www.leg.wa.gov/house/representatives/publishingimages/pollet.jpg,2011-12-08 05:25:59.172000,2013-03-01 04:34:42.933000
WAL000064,Judy Clibborn,Judy,,Clibborn,,,True,wa,lower,41,Democratic,5e59ec0b23d74b0e9511f2d9992c91a9,http://www.leg.wa.gov/house/representatives/publishingimages/clibborn.jpg,2011-02-25 17:48:48.234000,2013-03-01 04:34:43.223000
WAL000186,Marcus Riccelli,Marcus,,Riccelli,,,True,wa,lower,3,Democratic,1dfc51abf2aa4cddbc5f481f482d4188,http://www.leg.wa.gov/house/representatives/publishingimages/riccelli.jpg,2013-01-15 00:36:10.172000,2013-03-01 04:34:43.267000
WAL000187,David Sawyer,David,,Sawyer,,,True,wa,lower,29,Democratic,9cd2b05cd53d4d0cb3764270889d3cad,http://www.leg.wa.gov/house/representatives/publishingimages/sawyer.jpg,2013-01-15 00:36:10.185000,2013-03-01 04:34:43.169000
WAL000188,Elizabeth Scott,Elizabeth,,Scott,,,True,wa,lower,39,Republican,,http://www.leg.wa.gov/house/representatives/publishingimages/scott.jpg,2013-01-15 00:36:10.193000,2013-03-01 04:34:42.956000
WAL000063,Frank Chopp,Frank,,Chopp,,,True,wa,lower,43,Democratic,728e03b9feae4d5a89622d8c954d780f,http://www.leg.wa.gov/house/representatives/publishingimages/chopp.jpg,2011-02-25 17:48:48.232000,2013-03-01 04:34:43.118000
WAL000189,Monica Stonier,Monica,,Stonier,,,True,wa,lower,17,Democratic,,http://www.leg.wa.gov/house/representatives/publishingimages/stonier.jpg,2013-01-15 00:36:10.215000,2013-03-01 04:34:43.206000
WAL000190,Gael Tarleton,Gael,,Tarleton,,,True,wa,lower,36,Democratic,b9af83d656104dc7af6edbb64764bda3,http://www.leg.wa.gov/house/representatives/publishingimages/tarleton.jpg,2013-01-15 00:36:10.224000,2013-03-01 04:34:43.279000
WAL000162,Brandon Vick,Brandon,,Vick,,,True,wa,lower,18,Republican,,http://www.leg.wa.gov/house/representatives/publishingimages/vick.jpg,2013-01-10 00:22:36.821000,2013-03-01 04:34:43.210000
WAL000175,Roger Freeman,Roger,,Freeman,,,True,wa,lower,30,Democratic,ab67b659ead2431994e321c8fcfa79f3,http://www.leg.wa.gov/house/representatives/publishingimages/freeman.jpg,2013-01-15 00:36:10.021000,2013-03-01 04:34:43.245000
WAL000176,Cyrus Habib,Cyrus,,Habib,,,True,wa,lower,48,Democratic,b94625cbae134693ac7ec8ff97ce8eab,http://www.leg.wa.gov/house/representatives/publishingimages/habib.jpg,2013-01-15 00:36:10.032000,2013-03-01 04:34:43.247000
WAL000178,Dave Hayes,Dave,,Hayes,,,True,wa,lower,10,Republican,642598d067ea48d980e42375fa77972d,http://www.leg.wa.gov/house/representatives/publishingimages/hayes.jpg,2013-01-15 00:36:10.054000,2013-03-01 04:34:43.249000
WAL000180,Linda Kochmar,Linda,,Kochmar,,,True,wa,lower,30,Republican,93947cb61c8944f9813462089e268f72,http://www.leg.wa.gov/house/representatives/publishingimages/kochmar.jpg,2013-01-15 00:36:10.086000,2013-03-01 04:34:43.255000
WAL000184,Steve O'Ban,Steve,,O'Ban,,,True,wa,lower,28,Republican,,,2013-01-15 00:36:10.140000,2013-03-01 04:34:43.265000
WAL000075,Susan Fagan,Susan,,Fagan,,,True,wa,lower,9,Republican,dc0e6798f2b74b5baf4271539af4654f,http://www.leg.wa.gov/house/representatives/publishingimages/fagan.jpg,2011-02-25 17:48:48.264000,2013-03-01 04:34:43.136000
WAL000073,Hans Dunshee,Hans,,Dunshee,,,True,wa,lower,44,Democratic,0e32e2c142754e3e9b6c83c136b5fea1,http://www.leg.wa.gov/house/representatives/publishingimages/dunshee.jpg,2011-02-25 17:48:48.250000,2013-03-01 04:34:42.675000
WAL000084,Paul Harris,Paul,,Harris,,,True,wa,lower,17,Republican,eac72b87345745af83eefd1bde694ae3,http://www.leg.wa.gov/house/representatives/publishingimages/harris.jpg,2011-02-25 17:48:48.297000,2013-03-01 04:34:42.909000
WAL000093,Laurie Jinkins,Laurie,,Jinkins,,,True,wa,lower,27,Democratic,9c3fbdbabe834aacb2c943aeb12c2ee4,http://www.leg.wa.gov/house/representatives/publishingimages/jinkins.jpg,2011-02-25 17:48:48.313000,2013-03-01 04:34:42.981000
WAL000114,Timm Ormsby,Timm,,Ormsby,,,True,wa,lower,3,Democratic,599a2d3be0b1443fb31b52e0ea8d5126,http://www.leg.wa.gov/house/representatives/publishingimages/ormsby.jpg,2011-02-25 17:48:48.352000,2013-03-01 04:34:43.049000
WAL000062,Bruce Chandler,Bruce,,Chandler,,,True,wa,lower,15,Republican,b9e7b2e4a1964787bcc18454084ed729,http://www.leg.wa.gov/house/representatives/publishingimages/chandler.jpg,2011-02-25 17:48:48.231000,2013-03-01 04:34:42.652000
WAL000088,Zack Hudgins,Zack,,Hudgins,,,True,wa,lower,11,Democratic,37799b9d4f9548ba9b361bd51cbff760,http://www.leg.wa.gov/house/representatives/publishingimages/hudgins.jpg,2011-02-25 17:48:48.304000,2013-03-01 04:34:43.197000
WAL000091,Christopher Hurst,Christopher,,Hurst,,,True,wa,lower,31,Democratic,93c00d3402484494a18ef71cf3dac48e,http://www.leg.wa.gov/house/representatives/publishingimages/hurst.jpg,2011-02-25 17:48:48.310000,2013-03-01 04:34:42.850000
WAL000145,Judy Warnick,Judy,,Warnick,,,True,wa,lower,13,Republican,d5fd52ce2ffb49da86983057d7cf758d,http://www.leg.wa.gov/house/representatives/publishingimages/warnick.jpg,2011-02-25 17:48:48.462000,2013-03-01 04:34:42.787000
WAL000129,Sharon Tomiko Santos,Sharon,Tomiko,Santos,,,True,wa,lower,37,Democratic,9fa15246d57349c9afdbe8897eb14a72,http://www.leg.wa.gov/house/representatives/publishingimages/santos.jpg,2011-02-25 17:48:48.404000,2013-03-01 04:34:42.747000
WAL000095,Ruth Kagi,Ruth,,Kagi,,,True,wa,lower,32,Democratic,724f43eaa973470ea763c777af05e8bd,http://www.leg.wa.gov/house/representatives/publishingimages/kagi.jpg,2011-02-25 17:48:48.317000,2013-03-01 04:34:42.808000
WAL000144,Maureen Walsh,Maureen,,Walsh,,,True,wa,lower,16,Republican,a8785ab6d3b146f39c3026ad1b92768a,http://www.leg.wa.gov/house/representatives/publishingimages/walsh.jpg,2011-02-25 17:48:48.450000,2013-03-01 04:34:43.212000
WAL000068,Cathy Dahlquist,Cathy,,Dahlquist,,,True,wa,lower,31,Republican,66781f16a69345d48d8e236cb20a42fb,http://www.leg.wa.gov/house/representatives/publishingimages/dahlquist.jpg,2011-02-25 17:48:48.241000,2013-03-01 04:34:43.192000
WAL000081,Kathy Haigh,Kathy,,Haigh,,,True,wa,lower,35,Democratic,64172eecfa114e0fadc6df86a09866ec,http://www.leg.wa.gov/house/representatives/publishingimages/haigh.jpg,2011-02-25 17:48:48.280000,2013-03-01 04:34:42.761000
WAL000104,Kristine Lytton,Kristine,,Lytton,,,True,wa,lower,40,Democratic,5ca350ab48fb4938bb0666d1623fa2b7,http://www.leg.wa.gov/house/representatives/publishingimages/lytton.jpg,2011-02-25 17:48:48.333000,2013-03-01 04:34:42.836000
WAL000106,John McCoy,John,,McCoy,,,True,wa,lower,38,Democratic,6e814dd7fbb346adbfb6be15724dcbf6,http://www.leg.wa.gov/house/representatives/publishingimages/mccoy.jpg,2011-02-25 17:48:48.336000,2013-03-01 04:34:42.797000
WAL000157,Liz Pike,Liz,,Pike,,,True,wa,lower,18,Republican,5115bfee5ee44278832f8e90d2e86252,http://www.leg.wa.gov/house/representatives/publishingimages/pike.jpg,2012-08-29 08:03:56.816000,2013-03-01 04:34:42.801000
WAL000141,Steve Tharinger,Steve,,Tharinger,,,True,wa,lower,24,Democratic,2abcab992c13454b8e1783d52b512f8c,http://www.leg.wa.gov/house/representatives/publishingimages/tharinger.jpg,2011-02-25 17:48:48.445000,2013-03-01 04:34:42.925000
WAL000112,Terry Nealey,Terry,,Nealey,,,True,wa,lower,16,Republican,,http://www.leg.wa.gov/house/representatives/publishingimages/nealey.jpg,2011-02-25 17:48:48.347000,2013-03-01 04:34:43.157000
WAL000066,Cary Condotta,Cary,,Condotta,,,True,wa,lower,12,Republican,d69534f3720b4ca990496835e3391023,http://www.leg.wa.gov/house/representatives/publishingimages/condotta.jpg,2011-02-25 17:48:48.238000,2013-03-01 04:34:43.041000
WAL000059,Brian Blake,Brian,,Blake,,,True,wa,lower,19,Democratic,a3398ec7c2924a75b672a298bf0c429f,http://www.leg.wa.gov/house/representatives/publishingimages/blake.jpg,2011-02-25 17:48:48.225000,2013-03-01 04:34:42.858000
WAL000089,Sam Hunt,Sam,,Hunt,,,True,wa,lower,22,Democratic,5ae94babdac245c28d738629cac1ce92,http://www.leg.wa.gov/house/representatives/publishingimages/hunt.jpg,2011-02-25 17:48:48.306000,2013-03-01 04:34:42.870000
WAL000172,Steve Bergquist,Steve,,Bergquist,,,True,wa,lower,11,Democratic,2cdb874860e941dca45f5bcb8aaf1d4e,http://www.leg.wa.gov/house/representatives/publishingimages/bergquist.jpg,2013-01-15 00:36:09.769000,2013-03-01 04:34:43.239000
WAL000060,Vincent Buys,Vincent,,Buys,,,True,wa,lower,42,Republican,3fa788f20c744356a919f3b575db8145,http://www.leg.wa.gov/house/representatives/publishingimages/buys.jpg,2011-02-25 17:48:48.227000,2013-03-01 04:34:43.063000
WAL000140,David Taylor,David,,Taylor,,,True,wa,lower,15,Republican,eba4378b100f4d8c9370711b8caea229,http://www.leg.wa.gov/house/representatives/publishingimages/taylor.jpg,2011-02-25 17:48:48.443000,2013-03-01 04:34:43.059000
WAL000051,Gary Alexander,Gary,,Alexander,,,True,wa,lower,2,Republican,ef6ba850db544a93a2d097d4d794a5bf,http://www.leg.wa.gov/house/representatives/publishingimages/alexander.jpg,2011-02-25 17:48:48.201000,2013-03-01 04:34:42.878000
WAL000143,Kevin Van De Wege,Kevin,,Van De Wege,,,True,wa,lower,24,Democratic,67c62c3f86fb4d3692bc921d13958867,http://www.leg.wa.gov/house/representatives/publishingimages/vandewege.jpg,2011-02-25 17:48:48.448000,2013-03-01 04:34:43.177000
WAL000065,Eileen Cody,Eileen,,Cody,,,True,wa,lower,34,Democratic,4b5876e7aecd47cb9a6fffa55a591564,http://www.leg.wa.gov/house/representatives/publishingimages/cody.jpg,2011-02-25 17:48:48.236000,2013-03-01 04:34:42.894000
WAL000130,Joe Schmick,Joe,,Schmick,,,True,wa,lower,9,Republican,c8608379c66a47d88704adcd752540d0,http://www.leg.wa.gov/house/representatives/publishingimages/schmick.jpg,2011-02-25 17:48:48.406000,2013-03-01 04:34:42.899000
WAL000053,Jan Angel,Jan,,Angel,,,True,wa,lower,26,Republican,c400048d32a24d1fbd30e0816be30751,http://www.leg.wa.gov/house/representatives/publishingimages/angel.jpg,2011-02-25 17:48:48.204000,2013-03-01 04:34:43.237000
WAL000127,Charles Ross,Charles,,Ross,,,True,wa,lower,14,Republican,1a0a6dd9a4d549a5856abb4445618b37,http://www.leg.wa.gov/house/representatives/publishingimages/ross.jpg,2011-02-25 17:48:48.401000,2013-03-01 04:34:43.094000
WAL000134,Shelly Short,Shelly,,Short,,,True,wa,lower,7,Republican,c512529a8a6546cda0350bd9a714bab7,http://www.leg.wa.gov/house/representatives/publishingimages/short.jpg,2011-02-25 17:48:48.431000,2013-03-01 04:34:43.051000
WAL000147,Hans Zeiger,Hans,,Zeiger,,,True,wa,lower,25,Republican,617d8098be7e4c72a0442252f984627b,http://www.leg.wa.gov/house/representatives/publishingimages/zeiger.jpg,2011-02-25 17:48:48.466000,2013-03-01 04:34:43.282000
WAL000094,Norm Johnson,Norm,,Johnson,,,True,wa,lower,14,Republican,10742a842e4342829d7f7d809ae44d24,http://www.leg.wa.gov/house/representatives/publishingimages/johnson.jpg,2011-02-25 17:48:48.315000,2013-03-01 04:34:43.251000
WAL000119,Jamie Pedersen,Jamie,,Pedersen,,,True,wa,lower,43,Democratic,6ff2e33c2b574e5db31669e2d276b66e,http://www.leg.wa.gov/house/representatives/publishingimages/pedersen.jpg,2011-02-25 17:48:48.374000,2013-03-01 04:34:42.970000
WAL000079,Roger Goodman,Roger,,Goodman,,,True,wa,lower,45,Democratic,5bae0bca6ee24cea83b88692783fd029,http://www.leg.wa.gov/house/representatives/publishingimages/goodman.jpg,2011-02-25 17:48:48.277000,2013-03-01 04:34:43.076000
WAL000087,Mike Hope,Mike,,Hope,,,True,wa,lower,44,Republican,603e70f49e254039aa78c9be87ebb5dd,http://www.leg.wa.gov/house/representatives/publishingimages/hope.jpg,2011-02-25 17:48:48.303000,2013-03-01 04:34:43.088000
WAL000098,Steve Kirby,Steve,,Kirby,,,True,wa,lower,29,Democratic,cc400114f6f045159ce531123950f4a3,http://www.leg.wa.gov/house/representatives/publishingimages/kirby.jpg,2011-02-25 17:48:48.322000,2013-03-01 04:34:42.983000
WAL000099,Brad Klippert,Brad,,Klippert,,,True,wa,lower,8,Republican,60bc7f9ff60d450abe8797c9e087e7ae,http://www.leg.wa.gov/house/representatives/publishingimages/klippert.jpg,2011-02-25 17:48:48.324000,2013-03-01 04:34:43.253000
WAL000115,Tina Orwall,Tina,,Orwall,,,True,wa,lower,33,Democratic,d11835c21aa047a197f02ce31ab27f57,http://www.leg.wa.gov/house/representatives/publishingimages/orwall.jpg,2011-02-25 17:48:48.353000,2013-03-01 04:34:43.159000
WAL000124,Mary Helen Roberts,Mary Helen,,Roberts,,,True,wa,lower,21,Democratic,778c62e5ddb14a3a9cfed32c024079c2,http://www.leg.wa.gov/house/representatives/publishingimages/roberts.jpg,2011-02-25 17:48:48.396000,2013-03-01 04:34:43.165000
WAL000133,Matt Shea,Matt,,Shea,,,True,wa,lower,4,Republican,b10fe45950f14d0eb56564c0a4b70c24,http://www.leg.wa.gov/house/representatives/publishingimages/shea.jpg,2011-02-25 17:48:48.429000,2013-03-01 04:34:43.275000
WAL000132,Mike Sells,Mike,,Sells,,,True,wa,lower,38,Democratic,2d8658d3ad544e5183210431c45fa289,http://www.leg.wa.gov/house/representatives/publishingimages/sells.jpg,2011-02-25 17:48:48.428000,2013-03-01 04:34:43.273000
WAL000054,Sherry Appleton,Sherry,,Appleton,,,True,wa,lower,23,Democratic,2b5cf578affe4271bce0187566434c6a,http://www.leg.wa.gov/house/representatives/publishingimages/appleton.jpg,2011-02-25 17:48:48.206000,2013-03-01 04:34:43.084000
WAL000111,Luis Moscoso,Luis,,Moscoso,,,True,wa,lower,1,Democratic,9217ce67f1504136bb4197afde4df092,http://www.leg.wa.gov/house/representatives/publishingimages/moscoso.jpg,2011-02-25 17:48:48.345000,2013-03-01 04:34:43.229000
WAL000080,Tami Green,Tami,,Green,,,True,wa,lower,28,Democratic,58ecefe03eb14162a8f7b64561a7f9a2,http://www.leg.wa.gov/house/representatives/publishingimages/green.jpg,2011-02-25 17:48:48.278000,2013-03-01 04:34:43.138000
WAL000103,Marko Liias,Marko,,Liias,,,True,wa,lower,21,Democratic,c89a01c4a28e42258a4425162f8258d4,http://www.leg.wa.gov/house/representatives/publishingimages/liias.jpg,2011-02-25 17:48:48.331000,2013-03-01 04:34:43.227000
WAL000120,Eric Pettigrew,Eric,,Pettigrew,,,True,wa,lower,37,Democratic,f2447d61638a467e8596c65a0f608ef3,http://www.leg.wa.gov/house/representatives/publishingimages/pettigrew.jpg,2011-02-25 17:48:48.376000,2013-03-01 04:34:43.161000
WAL000122,Chris Reykdal,Chris,,Reykdal,,,True,wa,lower,22,Democratic,9542b014802f4bc0831f34505f0ca1e2,http://www.leg.wa.gov/house/representatives/publishingimages/reykdal.jpg,2011-02-25 17:48:48.379000,2013-03-01 04:34:43.163000
WAL000128,Cindy Ryu,Cindy,,Ryu,,,True,wa,lower,32,Democratic,f6155b3d7f5f48209c940e8511121253,http://www.leg.wa.gov/house/representatives/publishingimages/ryu.jpg,2011-02-25 17:48:48.403000,2013-03-01 04:34:43.271000
WAL000136,Larry Springer,Larry,,Springer,,,True,wa,lower,45,Democratic,ec8febe1ba084e4099191daf1ca408b8,http://www.leg.wa.gov/house/representatives/publishingimages/springer.jpg,2011-02-25 17:48:48.435000,2013-03-01 04:34:43.171000
WAL000138,Pat Sullivan,Pat,,Sullivan,,,True,wa,lower,47,Democratic,482a7aabca804321a4aeaaf37286911d,http://www.leg.wa.gov/house/representatives/publishingimages/sullivan.jpg,2011-02-25 17:48:48.438000,2013-03-01 04:34:43.173000
WAL000146,J.T. Wilcox,J.T.,,Wilcox,,,True,wa,lower,2,Republican,f18fa77696f24fc0be9e276cd74a0e3f,http://www.leg.wa.gov/house/representatives/publishingimages/wilcox.jpg,2011-02-25 17:48:48.464000,2013-03-01 04:34:43.179000
WAL000110,Jeff Morris,Jeff,,Morris,,,True,wa,lower,40,Democratic,ed7a84352c8548d2b71027ed886b9fc4,http://www.leg.wa.gov/house/representatives/publishingimages/morris.jpg,2011-02-25 17:48:48.343000,2013-03-01 04:34:43.263000
WAL000067,Larry Crouse,Larry,,Crouse,,,True,wa,lower,4,Republican,c824fccaf2774e7aa029e089eb594cd7,http://www.leg.wa.gov/house/representatives/publishingimages/crouse.jpg,2011-02-25 17:48:48.239000,2013-03-01 04:34:43.190000
WAL000105,Marcie Maxwell,Marcie,,Maxwell,,,True,wa,lower,41,Democratic,a187a9f3a48b4a0f8490ef7f5d9fc1e1,http://www.leg.wa.gov/house/representatives/publishingimages/maxwell.jpg,2011-02-25 17:48:48.334000,2013-03-01 04:34:43.202000
WAL000148,Sharon Wylie,Sharon,,Wylie,,,True,wa,lower,49,Democratic,65b9c138c196463299db3d8f43dc3777,http://www.leg.wa.gov/house/representatives/publishingimages/wylie.jpg,2011-04-15 04:17:36.215000,2013-03-01 04:34:43.214000
WAL000083,Mark Hargrove,Mark,,Hargrove,,,True,wa,lower,47,Republican,5653cf57293b469b9601a173002fe5c1,http://www.leg.wa.gov/house/representatives/publishingimages/hargrove.jpg,2011-02-25 17:48:48.296000,2013-03-01 04:34:43.233000
WAL000077,Joe Fitzgibbon,Joe,,Fitzgibbon,,,True,wa,lower,34,Democratic,9533d16a10564c42bf64b7a42fe656ee,http://www.leg.wa.gov/house/representatives/publishingimages/fitzgibbon.jpg,2011-02-25 17:48:48.273000,2013-03-01 04:34:43.243000
WAL000109,Jim Moeller,Jim,,Moeller,,,True,wa,lower,49,Democratic,5a7cf43fe1bd4932986d19c4e4a294a7,http://www.leg.wa.gov/house/representatives/publishingimages/moeller.jpg,2011-02-25 17:48:48.342000,2013-03-01 04:34:43.261000
WAL000182,Chad Magendanz,Chad,,Magendanz,,,True,wa,lower,5,Republican,84f3a35f71504b599373da708c2b699a,http://www.leg.wa.gov/house/representatives/publishingimages/magendanz.jpg,2013-01-15 00:36:10.109000,2013-03-01 04:34:43.200000
WAL000100,Joel Kretz,Joel,,Kretz,,,True,wa,lower,7,Republican,aff0914a037a4085a7618f7cea15c87a,http://www.leg.wa.gov/house/representatives/publishingimages/kretz.jpg,2011-02-25 17:48:48.326000,2013-03-01 04:34:43.257000
WAL000113,Ed Orcutt,Ed,,Orcutt,,,True,wa,lower,20,Republican,7840fb12a85d4c0dba2e65d2b0881d2d,http://www.leg.wa.gov/house/representatives/publishingimages/orcutt.jpg,2011-02-25 17:48:48.350000,2013-03-01 04:34:43.231000
WAL000150,Drew Hansen,Drew,,Hansen,,,True,wa,lower,23,Democratic,8514ff673c294ede932b10089bc3ce7b,http://www.leg.wa.gov/house/representatives/publishingimages/hansen.jpg,2011-09-21 04:55:20.643000,2013-03-01 04:34:42.972000
WAL000101,Dan Kristiansen,Dan,,Kristiansen,,,True,wa,lower,39,Republican,bc16509b790e419bbd759ea8db9c4bff,http://www.leg.wa.gov/house/representatives/publishingimages/kristiansen.jpg,2011-02-25 17:48:48.327000,2013-03-01 04:34:43.259000
WAL000125,Jay Rodne,Jay,,Rodne,,,True,wa,lower,5,Republican,d906d2ad8a5f4202bcd34bdda3aa6104,http://www.leg.wa.gov/house/representatives/publishingimages/rodne.jpg,2011-02-25 17:48:48.397000,2013-03-01 04:34:43.269000
WAL000139,Dean Takko,Dean,,Takko,,,True,wa,lower,19,Democratic,c7ac7e988af54c83b546e3827df61e57,http://www.leg.wa.gov/house/representatives/publishingimages/takko.jpg,2011-02-25 17:48:48.440000,2013-03-01 04:34:43.277000
WAL000142,Dave Upthegrove,Dave,,Upthegrove,,,True,wa,lower,33,Democratic,e3a366ec979a42a1b8f2127f895521a7,http://www.leg.wa.gov/house/representatives/publishingimages/upthegrove.jpg,2011-02-25 17:48:48.447000,2013-03-01 04:34:43.280000
WAL000179,Jeff Holy,Jeff,,Holy,,,True,wa,lower,6,Republican,367e4445d0cc4ae09c096da56c8b119e,http://www.leg.wa.gov/house/representatives/publishingimages/holy.jpg,2013-01-15 00:36:10.061000,2013-03-01 04:34:43.140000
WAL000137,Derek Stanford,Derek,,Stanford,,,True,wa,lower,1,Democratic,087231c2e8b14103a2978746c1a397a3,http://www.leg.wa.gov/house/representatives/publishingimages/stanford.jpg,2011-02-25 17:48:48.436000,2013-03-01 04:34:42.677000
WAL000061,Reuven Carlyle,Reuven,,Carlyle,,,True,wa,lower,36,Democratic,95555d6b3003403f9b005fd84fd269db,http://www.leg.wa.gov/house/representatives/publishingimages/carlyle.jpg,2011-02-25 17:48:48.229000,2013-03-01 04:34:42.880000
WAL000082,Larry Haler,Larry,,Haler,,,True,wa,lower,8,Republican,3d2d64c9f50247bd8181563c5b94b541,http://www.leg.wa.gov/house/representatives/publishingimages/haler.jpg,2011-02-25 17:48:48.294000,2013-03-01 04:34:42.935000
WAL000131,Larry Seaquist,Larry,,Seaquist,,,True,wa,lower,26,Democratic,f77bc4a70f284c1198a637e2840e95dc,http://www.leg.wa.gov/house/representatives/publishingimages/seaquist.jpg,2011-02-25 17:48:48.408000,2013-03-01 04:34:42.931000
WAL000117,Kevin Parker,Kevin,,Parker,,,True,wa,lower,6,Republican,66ab8bc9cab04984a4214b0c2a969275,http://www.leg.wa.gov/house/representatives/publishingimages/parker.jpg,2011-02-25 17:48:48.357000,2013-03-01 04:34:42.780000
WAL000015,Nick Harper,Nick,,Harper,,,True,wa,upper,38,Democratic,05d6c1650e154d3ea9ff92f54a44bc61,http://www.leg.wa.gov/senate/senators/publishingimages/harper.jpg,2011-02-25 17:48:48.015000,2013-03-01 04:34:42.365000
WAL000014,James Hargrove,James,,Hargrove,,,True,wa,upper,24,Democratic,01230ddd0a94492a9aa1d37ebfe8401f,http://www.leg.wa.gov/senate/senators/publishingimages/hargrove.jpg,2011-02-25 17:48:48.013000,2013-03-01 04:34:42.390000
WAL000004,Don Benton,Don,,Benton,,,True,wa,upper,17,Republican,3233e42aae814ba386f163b3120b76d2,http://www.leg.wa.gov/senate/senators/publishingimages/benton.jpg,2011-02-25 17:48:47.984000,2013-03-01 04:34:42.349000
WAL000020,Steve Hobbs,Steve,,Hobbs,,,True,wa,upper,44,Democratic,9dcb4b0ef5ee46ee975c077c0330eaae,http://www.leg.wa.gov/senate/senators/publishingimages/hobbs.jpg,2011-02-25 17:48:48.024000,2013-03-01 04:34:42.352000
WAL000165,John Braun,John,,Braun,,,True,wa,upper,20,Republican,b323c98c991e482092ddfc2cb115dc5c,http://www.leg.wa.gov/senate/senators/publishingimages/braun.jpg,2013-01-15 00:36:09.659000,2013-03-01 04:34:42.397000
WAL000158,Mark Mullet,Mark,,Mullet,,,True,wa,upper,5,Democratic,5d3951f5c536467691418559ab3d0b01,http://www.leg.wa.gov/senate/senators/publishingimages/mullet.jpg,2013-01-10 00:22:36.160000,2013-03-01 04:34:42.371000
WAL000026,Curtis King,Curtis,,King,,,True,wa,upper,14,Republican,87e6a73f88b34523a8834ac04cb20b74,http://www.leg.wa.gov/senate/senators/publishingimages/king.jpg,2011-02-25 17:48:48.045000,2013-03-01 04:34:42.347000
WAL000003,Randi Becker,Randi,,Becker,,,True,wa,upper,2,Republican,ea82612522c1463ca377e9b64cf57306,http://www.leg.wa.gov/senate/senators/publishingimages/becker.jpg,2011-02-25 17:48:47.982000,2013-03-01 04:34:42.395000
WAL000152,Mike Padden,Mike,,Padden,,,True,wa,upper,4,Republican,ccadc68588c14cb09fc723e85b0f8eb2,http://www.leg.wa.gov/senate/senators/publishingimages/padden.jpg,2011-11-30 05:05:53.764000,2013-03-01 04:34:42.422000
WAL000018,Mike Hewitt,Mike,,Hewitt,,,True,wa,upper,16,Republican,42f909e8f3c54f00b43a76ccf8ec9df1,http://www.leg.wa.gov/senate/senators/publishingimages/hewitt.jpg,2011-02-25 17:48:48.020000,2013-03-01 04:34:42.413000
WAL000010,Tracey Eide,Tracey,,Eide,,,True,wa,upper,30,Democratic,1ec06170d24347d4899db09a62106be9,http://www.leg.wa.gov/senate/senators/publishingimages/eide.jpg,2011-02-25 17:48:48.006000,2013-03-01 04:34:42.345000
WAL000019,Andy Hill,Andy,,Hill,,,True,wa,upper,45,Republican,d192fb4fe6684661987c9bb8be7311dc,http://www.leg.wa.gov/senate/senators/publishingimages/hill.jpg,2011-02-25 17:48:48.022000,2013-03-01 04:34:42.384000
WAL000033,Sharon Nelson,Sharon,,Nelson,,,True,wa,upper,34,Democratic,5c5d2c31367848ae928a20707c7707de,http://www.leg.wa.gov/senate/senators/publishingimages/nelson.jpg,2011-02-25 17:48:48.057000,2013-03-01 04:34:42.391000
WAL000032,Ed Murray,Ed,,Murray,,,True,wa,upper,43,Democratic,213dc9939a7a4c07a5cba6efdd480cc2,http://www.leg.wa.gov/senate/senators/publishingimages/murray.jpg,2011-02-25 17:48:48.055000,2013-03-01 04:34:42.419000
WAL000038,Kevin Ranker,Kevin,,Ranker,,,True,wa,upper,40,Democratic,56fa37fa60c64a919104382bdd736ac5,http://www.leg.wa.gov/senate/senators/publishingimages/ranker.jpg,2011-02-25 17:48:48.168000,2013-03-01 04:34:42.426000
WAL000191,Nathan Schlicher,Nathan,,Schlicher,,,True,wa,upper,26,Democratic,,http://www.leg.wa.gov/senate/senators/publishingimages/schlicher.jpg,2013-01-22 01:25:51.105000,2013-03-01 04:34:42.375000
WAL000058,Andy Billig,Andy,,Billig,,,True,wa,upper,3,Democratic,609a53e87fea4fcdbd66dc682634549f,http://www.leg.wa.gov/senate/senators/publishingimages/billig.jpg,2011-02-25 17:48:48.224000,2013-03-01 04:34:42.356000
WAL000034,Linda Evans Parlette,Linda,Evans,Parlette,,,True,wa,upper,12,Republican,ca25e37e31df4cf58da414fef14d6466,http://www.leg.wa.gov/senate/senators/publishingimages/parlette.jpg,2011-02-25 17:48:48.059000,2013-03-01 04:34:42.424000
WAL000040,Pam Roach,Pam,,Roach,,,True,wa,upper,31,Republican,7b9136008ef14f6fade75e6d3a25f25e,http://www.leg.wa.gov/senate/senators/publishingimages/roach.jpg,2011-02-25 17:48:48.182000,2013-03-01 04:34:42.256000
WAL000169,Bob Hasegawa,Bob,,Hasegawa,,,True,wa,upper,11,Democratic,dc1d88cbf6764b6092484a83a8585174,http://www.leg.wa.gov/senate/senators/publishingimages/hasegawa.jpg,2013-01-15 00:36:09.703000,2013-03-01 04:34:42.405000
WAL000123,Ann Rivers,Ann,,Rivers,,,True,wa,upper,18,Republican,580196f91738441bb28b2a7bf6f33513,http://www.leg.wa.gov/senate/senators/publishingimages/rivers.jpg,2011-02-25 17:48:48.381000,2013-03-01 04:34:42.428000
WAL000078,David Frockt,David,,Frockt,,,True,wa,upper,46,Democratic,32ffa07ba71542b4938f25ebdffb149e,http://www.leg.wa.gov/senate/senators/publishingimages/frockt.jpg,2011-02-25 17:48:48.275000,2013-03-01 04:34:42.305000
WAL000171,John Smith,John,,Smith,,,True,wa,upper,7,Republican,,http://www.leg.wa.gov/senate/senators/publishingimages/smith.jpg,2013-01-15 00:36:09.755000,2013-03-01 04:34:42.379000
WAL000166,Annette Cleveland,Annette,,Cleveland,,,True,wa,upper,49,Democratic,2233129272aa48708d67a80a434e00f3,http://www.leg.wa.gov/senate/senators/publishingimages/cleveland.jpg,2013-01-15 00:36:09.668000,2013-03-01 04:34:42.198000
WAL000192,Sharon Brown,Sharon,,Brown,,,True,wa,upper,8,Republican,,http://www.leg.wa.gov/senate/senators/publishingimages/brown.jpg,2013-02-06 03:28:46.258000,2013-03-01 04:34:42.358000
WAL000069,Bruce Dammeier,Bruce,,Dammeier,,,True,wa,upper,25,Republican,0e93c580edd54c7fa14a766053958337,http://www.leg.wa.gov/senate/senators/publishingimages/dammeier.jpg,2011-02-25 17:48:48.243000,2013-03-01 04:34:42.401000
WAL000021,Janéa Holmquist Newbry,Janéa,,Holmquist Newbry,,,True,wa,upper,13,Republican,45d91232562d4000b09cc511660e00c2,http://www.leg.wa.gov/senate/senators/publishingimages/holmquistnewbry.jpg,2011-02-25 17:48:48.026000,2013-03-01 04:34:42.336000
WAL000001,Michael Baumgartner,Michael,,Baumgartner,,,True,wa,upper,6,Republican,210d2111fdd44ca6902aecf8865dd155,http://www.leg.wa.gov/senate/senators/publishingimages/baumgartner.jpg,2011-02-25 17:48:47.979000,2013-03-01 04:34:42.386000
WAL000044,Paull Shin,Paull,,Shin,,,True,wa,upper,21,Democratic,c18b3bc7810e477b9b3423b7019867de,http://www.leg.wa.gov/senate/senators/publishingimages/shin.jpg,2011-02-25 17:48:48.189000,2013-03-01 04:34:42.340000
WAL000022,Jim Honeyford,Jim,,Honeyford,,,True,wa,upper,15,Republican,598abb66ec584a57adb3a9f660e2ea9b,http://www.leg.wa.gov/senate/senators/publishingimages/honeyford.jpg,2011-02-25 17:48:48.037000,2013-03-01 04:34:42.388000
WAL000029,Steve Litzow,Steve,,Litzow,,,True,wa,upper,41,Republican,e48c48c8c68f4f8caba83bd621eddd10,http://www.leg.wa.gov/senate/senators/publishingimages/litzow.jpg,2011-02-25 17:48:48.050000,2013-03-01 04:34:42.369000
WAL000126,Christine Rolfes,Christine,,Rolfes,,,True,wa,upper,23,Democratic,58880306fc6e4a3098e3011ecaea1f4d,http://www.leg.wa.gov/senate/senators/publishingimages/rolfes.jpg,2011-02-25 17:48:48.399000,2013-03-01 04:34:42.373000
WAL000028,Jeanne Kohl-Welles,Jeanne,,Kohl-Welles,,,True,wa,upper,36,Democratic,cd36c351c5e94f1b937b96205f3c0f52,http://www.leg.wa.gov/senate/senators/publishingimages/kohl-welles.jpg,2011-02-25 17:48:48.048000,2013-03-01 04:34:42.417000
WAL000047,Rodney Tom,Rodney,,Tom,,,True,wa,upper,48,Democratic,915eb1875f544603a0eba2e6218e628f,http://www.leg.wa.gov/senate/senators/publishingimages/tom.jpg,2011-02-25 17:48:48.194000,2013-03-01 04:34:42.433000
WAL000030,Rosemary McAuliffe,Rosemary,,McAuliffe,,,True,wa,upper,1,Democratic,297c9008eb6c4e678aa58e207ecf2ada,http://www.leg.wa.gov/senate/senators/publishingimages/mcauliffe.jpg,2011-02-25 17:48:48.052000,2013-03-01 04:34:42.221000
WAL000118,Kirk Pearson,Kirk,,Pearson,,,True,wa,upper,39,Republican,ed142396399d458781f11b90ca5f6a11,http://www.leg.wa.gov/senate/senators/publishingimages/pearson.jpg,2011-02-25 17:48:48.359000,2013-03-01 04:34:42.261000
WAL000043,Tim Sheldon,Tim,,Sheldon,,,True,wa,upper,35,Democratic,0b471a7b612444499fbe0e06f2167109,http://www.leg.wa.gov/senate/senators/publishingimages/sheldon.jpg,2011-02-25 17:48:48.187000,2013-03-01 04:34:42.377000
WAL000168,Jeannie Darneille,Jeannie,,Darneille,,,True,wa,upper,27,Democratic,c2779aab08f846ca989ffea220d3d23a,http://www.leg.wa.gov/senate/senators/publishingimages/darneille.jpg,2013-01-15 00:36:09.683000,2013-03-01 04:34:42.295000
WAL000042,Mark Schoesler,Mark,,Schoesler,,,True,wa,upper,9,Republican,cf17dda357894c1ebdc6e7b067960c32,http://www.leg.wa.gov/senate/senators/publishingimages/schoesler.jpg,2011-02-25 17:48:48.185000,2013-03-01 04:34:42.430000
WAL000007,Maralyn Chase,Maralyn,,Chase,,,True,wa,upper,32,Democratic,83b15d164087426185d8cb5414064241,http://www.leg.wa.gov/senate/senators/publishingimages/chase.jpg,2011-02-25 17:48:48.001000,2013-03-01 04:34:42.332000
WAL000008,Steve Conway,Steve,,Conway,,,True,wa,upper,29,Democratic,c80a6c73aaa149bdbeacae77c55875eb,http://www.leg.wa.gov/senate/senators/publishingimages/conway.jpg,2011-02-25 17:48:48.003000,2013-03-01 04:34:42.399000
WAL000013,Karen Fraser,Karen,,Fraser,,,True,wa,upper,22,Democratic,4fc8722afb204a8eb8aa7fdc87d7c0e7,http://www.leg.wa.gov/senate/senators/publishingimages/fraser.jpg,2011-02-25 17:48:48.012000,2013-03-01 04:34:42.403000
WAL000011,Doug Ericksen,Doug,,Ericksen,,,True,wa,upper,42,Republican,138b386b5ef44661a9b298ad7cd7016f,http://www.leg.wa.gov/senate/senators/publishingimages/ericksen.jpg,2011-02-25 17:48:48.008000,2013-03-01 04:34:42.363000
WAL000057,Barbara Bailey,Barbara,,Bailey,,,True,wa,upper,10,Republican,3a98a36909584f87b1bac6103b6df786,http://www.leg.wa.gov/senate/senators/publishingimages/bailey.jpg,2011-02-25 17:48:48.222000,2013-03-01 04:34:42.393000
WAL000006,Mike Carrell,Mike,,Carrell,,,True,wa,upper,28,Republican,3f8e4a542b7d4c6b94495addf341b1cd,http://www.leg.wa.gov/senate/senators/publishingimages/carrell.jpg,2011-02-25 17:48:47.999000,2013-03-01 04:34:42.361000
WAL000027,Adam Kline,Adam,,Kline,,,True,wa,upper,37,Democratic,1b6e903f80ed4fdea4654b566f70a612,http://www.leg.wa.gov/senate/senators/publishingimages/kline.jpg,2011-02-25 17:48:48.046000,2013-03-01 04:34:42.273000
WAL000024,Karen Keiser,Karen,,Keiser,,,True,wa,upper,33,Democratic,39935344a2ab40a4a46e95d2c61a3f4f,http://www.leg.wa.gov/senate/senators/publishingimages/keiser.jpg,2011-02-25 17:48:48.041000,2013-03-01 04:34:42.415000
WAL000016,Brian Hatfield,Brian,,Hatfield,,,True,wa,upper,19,Democratic,a402a9bebe284c4e883e77532b0b10c2,http://www.leg.wa.gov/senate/senators/publishingimages/hatfield.jpg,2011-02-25 17:48:48.017000,2013-03-01 04:34:42.411000
WAL000012,Joe Fain,Joe,,Fain,,,True,wa,upper,47,Republican,05ea7ca8c2c14b4faaa0ff0f489514af,http://www.leg.wa.gov/senate/senators/publishingimages/fain.jpg,2011-02-25 17:48:48.010000,2013-03-01 04:34:42.354000
