ARL000024,Linda Collins-Smith,Linda,,Collins-Smith,,,False,ar,,,,942a30bd3bca43f69891e81bd7866ed8,http://www.arkleg.state.ar.us/assembly/2011/Member%20Pictures/Collins-Smith.jpg,2011-05-31 16:27:50.299000,2013-01-10 00:09:05.441000
ARL000004,Tommy Lee Baker,Tommy Lee,,Baker,,,False,ar,,,,,http://www.arkleg.state.ar.us/assembly/2011/Member%20Pictures/Baker_t.jpg,2011-05-31 16:27:50.185000,2013-01-10 00:09:05.402000
ARL000135,Hudson Hallum,Hudson,,Hallum,,,False,ar,,,,,http://www.arkleg.state.ar.us/assembly/2011/Member%20Pictures/Hallum.jpg,2011-07-20 02:30:07.151000,2013-01-10 00:09:05.680000
ARL000008,Lori Benedict,Lori,,Benedict,,,False,ar,,,,d53fde25240c4e0bad7ba924312809ac,http://www.arkleg.state.ar.us/assembly/2011/Member%20Pictures/Benedict.jpg,2011-05-31 16:27:50.199000,2013-01-10 00:09:05.415000
ARL000014,Jerry R. Brown,Jerry R.,,Brown,,,False,ar,,,,5bf261d7b4b94c6c942cccaced8b74a6,http://www.arkleg.state.ar.us/assembly/2011/Member%20Pictures/Brown_j.jpg,2011-05-31 16:27:50.253000,2013-01-10 00:09:05.427000
ARL000025,Larry Cowling,Larry,,Cowling,,,False,ar,,,,9f9723a8035f44b2b5f46d7feffe80b8,http://www.arkleg.state.ar.us/assembly/2011/Member%20Pictures/Cowling_l.jpg,2011-05-31 16:27:50.300000,2013-01-10 00:09:05.442000
ARL000034,Efrem Elliott,Efrem,,Elliott,,,False,ar,,,,332c946416a14198a99c9ee2161568e4,http://www.arkleg.state.ar.us/assembly/2011/Member%20Pictures/Elliott_e.jpg,2011-05-31 16:27:50.349000,2013-01-10 00:09:05.451000
ARL000041,Ed Garner,Ed,,Garner,,,False,ar,,,,7686ea9bd26b46109ae2aacdccbe7a28,http://www.arkleg.state.ar.us/assembly/2011/Member%20Pictures/Garner.jpg,2011-05-31 16:27:50.398000,2013-01-10 00:09:05.459000
ARL000042,Billy W. Gaskill,Billy W.,,Gaskill,,,False,ar,,,,89343105fdfa403587cb183de177eb03,http://www.arkleg.state.ar.us/assembly/2011/Member%20Pictures/Gaskill.jpg,2011-05-31 16:27:50.400000,2013-01-10 00:09:05.460000
ARL000044,Clark Hall,Clark,,Hall,,,False,ar,,,,a5a52b35ddb84043ac629099a62679bd,http://www.arkleg.state.ar.us/assembly/2011/Member%20Pictures/Hall.jpg,2011-05-31 16:27:50.405000,2013-01-10 00:09:05.463000
ARL000046,Steve Harrelson,Steve,,Harrelson,,,False,ar,,,,8b873c4fe5ab4cebba60c5c4c4c15b22,http://www.arkleg.state.ar.us/assembly/2011/Member%20Pictures/Harrelson_s.jpg,2011-05-31 16:27:50.410000,2013-01-10 00:09:05.465000
ARL000053,Jon Hubbard,Jon,,Hubbard,,,False,ar,,,,dcdd6c120c624512b7073b90d2825682,http://www.arkleg.state.ar.us/assembly/2011/Member%20Pictures/Hubbard.jpg,2011-05-31 16:27:50.531000,2013-01-10 00:09:05.473000
ARL000061,Gene Jeffress,Gene,,Jeffress,,,False,ar,,,,a9a64b0327c74e02b16d610568c31767,http://www.arkleg.state.ar.us/assembly/2011/Member%20Pictures/Jeffress_g.jpg,2011-05-31 16:27:50.569000,2013-01-10 00:09:05.483000
ARL000063,Josh Johnston,Josh,,Johnston,,,False,ar,,,,3cb6698a1bce4f76be01c14208e07126,http://www.arkleg.state.ar.us/assembly/2011/Member%20Pictures/Johnston.jpg,2011-05-31 16:27:50.573000,2013-01-10 00:09:05.484000
ARL000081,Loy Mauch,Loy,,Mauch,,,False,ar,,,,67eb758e9be24179a1dfd0ec6eb51321,http://www.arkleg.state.ar.us/assembly/2011/Member%20Pictures/Mauch.jpg,2011-05-31 16:27:50.644000,2013-01-10 00:09:05.583000
ARL000091,Mike Patterson,Mike,,Patterson,,,False,ar,,,,23f85faad8c84862a8172e377e21b52d,http://www.arkleg.state.ar.us/assembly/2011/Member%20Pictures/Patterson.jpg,2011-05-31 16:27:50.694000,2013-01-10 00:09:05.595000
ARL000092,Tracy Pennartz,Tracy,,Pennartz,,,False,ar,,,,997ba889ab1a4a35be91cde74cad076f,http://www.arkleg.state.ar.us/assembly/2011/Member%20Pictures/Pennartz.jpg,2011-05-31 16:27:50.696000,2013-01-10 00:09:05.596000
ARL000095,Leslee Milam Post,Leslee Milam,,Post,,,False,ar,,,,d55806e2a7cc41998ff46f89c30f3169,http://www.arkleg.state.ar.us/assembly/2011/Member%20Pictures/Post.jpg,2011-05-31 16:27:50.701000,2013-01-10 00:09:05.600000
ARL000097,Bill Pritchard,Bill,,Pritchard,,,False,ar,,,,0247f4ab8ae34755875f0941a6963a0c,http://www.arkleg.state.ar.us/assembly/2011/Member%20Pictures/Pritchard_b.jpg,2011-05-31 16:27:50.706000,2013-01-10 00:09:05.606000
ARL000101,Johnnie J. Roebuck,Johnnie J.,,Roebuck,,,False,ar,,,,33a6e30f21e0419185cfb699df18984c,http://www.arkleg.state.ar.us/assembly/2011/Member%20Pictures/Roebuck_j.jpg,2011-05-31 16:27:50.732000,2013-01-10 00:09:05.612000
ARL000102,Tiffany Rogers,Tiffany,,Rogers,,,False,ar,,,,3095bc8ef4834dab92b5e4bad594ea3a,http://www.arkleg.state.ar.us/assembly/2011/Member%20Pictures/Rogers_t.jpg,2011-05-31 16:27:50.736000,2013-01-10 00:09:05.614000
ARL000108,Garry L. Smith,Garry L.,,Smith,,,False,ar,,,,a31498f41aa74850aff21298b5f1e3e0,http://www.arkleg.state.ar.us/assembly/2011/Member%20Pictures/Smith_g.jpg,2011-05-31 16:27:50.748000,2013-01-10 00:09:05.623000
ARL000110,Tracy Steele,Tracy,,Steele,,,False,ar,,,,e5f222e6757646488921ec12a4323f43,http://www.arkleg.state.ar.us/assembly/2011/Member%20Pictures/Steele_t.jpg,2011-05-31 16:27:50.785000,2013-01-10 00:09:05.627000
ARL000120,Charolette Wagner,Charolette,,Wagner,,,False,ar,,,,3fcc427767ee46968b5033fb825c4412,http://www.arkleg.state.ar.us/assembly/2011/Member%20Pictures/Wagner.jpg,2011-05-31 16:27:50.808000,2013-01-10 00:09:05.665000
ARL000125,Ruth Whitaker,Ruth,,Whitaker,,,False,ar,,,,4a3415061f584a1f802fd8ace9765b90,http://www.arkleg.state.ar.us/assembly/2011/Member%20Pictures/Whitaker.jpg,2011-05-31 16:27:50.820000,2013-01-10 00:09:05.669000
ARL000001,Fred Allen,Fred,,Allen,,,False,ar,,,,4adbd66e7577458583abe88403b4362f,http://www.arkleg.state.ar.us/assembly/2011/Member%20Pictures/Allen.jpg,2011-05-31 16:27:50.077000,2013-01-10 00:09:05.385000
ARL000005,Gilbert Baker,Gilbert,,Baker,,,False,ar,,,,76a5b593a607456e813438eac959d28f,http://www.arkleg.state.ar.us/assembly/2011/Member%20Pictures/Baker_g.jpg,2011-05-31 16:27:50.187000,2013-01-10 00:09:05.411000
ARL000012,Toni Bradford,Toni,,Bradford,,,False,ar,,,,46827660e0db48f8a22cfe52e39721ec,http://www.arkleg.state.ar.us/assembly/2011/Member%20Pictures/Bradford_t.jpg,2011-05-31 16:27:50.248000,2013-01-10 00:09:05.421000
ARL000027,Jack Crumbly,Jack,,Crumbly,,,False,ar,,,,6010e7b88c5a4417a3d99ac2f7038351,http://www.arkleg.state.ar.us/assembly/2011/Member%20Pictures/Crumbly.jpg,2011-05-31 16:27:50.314000,2013-01-10 00:09:05.443000
ARL000039,Mike Fletcher,Mike,,Fletcher,,,False,ar,,,,fc35cb5c4b1e41fba16c66972ba24874,http://www.arkleg.state.ar.us/assembly/2011/Member%20Pictures/Fletcher.jpg,2011-05-31 16:27:50.393000,2013-01-10 00:09:05.456000
ARL000048,Kim Hendren,Kim,,Hendren,,,False,ar,,,,56a60da90d89462ca6fe73deea1d6ff0,http://www.arkleg.state.ar.us/assembly/2011/Member%20Pictures/Hendren.jpg,2011-05-31 16:27:50.507000,2013-01-10 00:09:05.467000
ARL000054,Donna Hutchinson,Donna,,Hutchinson,,,False,ar,,,,ebe0e95036c44373b54ae2fc7a49ff3d,http://www.arkleg.state.ar.us/assembly/2011/Member%20Pictures/Hutchinson_d.jpg,2011-05-31 16:27:50.533000,2013-01-10 00:09:05.474000
ARL000056,Barry Hyde,Barry,,Hyde,,,False,ar,,,,c95b5e7e190649a58b5004ae14e8d792,http://www.arkleg.state.ar.us/assembly/2011/Member%20Pictures/Hyde.jpg,2011-05-31 16:27:50.537000,2013-01-10 00:09:05.477000
ARL000060,Jimmy Jeffress,Jimmy,,Jeffress,,,False,ar,,,,dc200c61466f47da918010b986fbec27,http://www.arkleg.state.ar.us/assembly/2011/Member%20Pictures/Jeffress_j.jpg,2011-05-31 16:27:50.566000,2013-01-10 00:09:05.482000
ARL000069,Randy Laverty,Randy,,Laverty,,,False,ar,,,,b16c5e0570934327bf56841be3aa065e,http://www.arkleg.state.ar.us/assembly/2011/Member%20Pictures/Laverty.jpg,2011-05-31 16:27:50.588000,2013-01-10 00:09:05.492000
ARL000076,Buddy Lovell,Buddy,,Lovell,,,False,ar,,,,05008b1f375d4c0190e0e5a37cc8d143,http://www.arkleg.state.ar.us/assembly/2011/Member%20Pictures/Lovell.jpg,2011-05-31 16:27:50.632000,2013-01-10 00:09:05.576000
ARL000077,Jim Luker,Jim,,Luker,,,False,ar,,,,94d4c070d5464762a871d2654c76113d,http://www.arkleg.state.ar.us/assembly/2011/Member%20Pictures/Luker.jpg,2011-05-31 16:27:50.634000,2013-01-10 00:09:05.577000
ARL000078,Sue Madison,Sue,,Madison,,,False,ar,,,,c57dd890699b44969540968f6488e6fe,http://www.arkleg.state.ar.us/assembly/2011/Member%20Pictures/Madison.jpg,2011-05-31 16:27:50.637000,2013-01-10 00:09:05.579000
ARL000080,Percy Malone,Percy,,Malone,,,False,ar,,,,2e3f18ad705f4fb8b5af49b80efa453c,http://www.arkleg.state.ar.us/assembly/2011/Member%20Pictures/Malone_p.jpg,2011-05-31 16:27:50.641000,2013-01-10 00:09:05.582000
ARL000087,Robert S. Moore Jr.,Robert S.,,Moore,Jr.,,False,ar,,,,fb06ccbf117a4861a20805c3a0ddfbaa,http://www.arkleg.state.ar.us/assembly/2011/Member%20Pictures/Moore.jpg,2011-05-31 16:27:50.676000,2013-01-10 00:09:05.590000
ARL000096,"David ""Bubba"" Powers","David ""Bubba""",,Powers,,,False,ar,,,,49a26566cbce4b6a91ab585596287310,http://www.arkleg.state.ar.us/assembly/2011/Member%20Pictures/Powers.jpg,2011-05-31 16:27:50.703000,2013-01-10 00:09:05.604000
ARL000103,Mary Anne Salmon,Mary Anne,,Salmon,,,False,ar,,,,6df5f5384cc349209d800f5a53b42448,http://www.arkleg.state.ar.us/assembly/2011/Member%20Pictures/Salmon.jpg,2011-05-31 16:27:50.738000,2013-01-10 00:09:05.615000
ARL000111,Randy Stewart,Randy,,Stewart,,,False,ar,,,,7b2891fae0304d298c5ab389d0ae27eb,http://www.arkleg.state.ar.us/assembly/2011/Member%20Pictures/Stewart.jpg,2011-05-31 16:27:50.787000,2013-01-10 00:09:05.628000
ARL000113,Tim Summers,Tim,,Summers,,,False,ar,,,,6b0a28ecae2f4eba9afeca9b042ffd97,http://www.arkleg.state.ar.us/assembly/2011/Member%20Pictures/Summers.jpg,2011-05-31 16:27:50.792000,2013-01-10 00:09:05.644000
ARL000114,Jerry Taylor,Jerry,,Taylor,,,False,ar,,,,044299536d0840e48643da9d09cb60fe,http://www.arkleg.state.ar.us/assembly/2011/Member%20Pictures/Taylor_j.jpg,2011-05-31 16:27:50.795000,2013-01-10 00:09:05.646000
ARL000118,Linda S. Tyler,Linda S.,,Tyler,,,False,ar,,,,32d8ae21ab484a549881ce3ef011a3a6,http://www.arkleg.state.ar.us/assembly/2011/Member%20Pictures/Tyler.jpg,2011-05-31 16:27:50.805000,2013-01-10 00:09:05.664000
ARL000123,Kathy Webb,Kathy,,Webb,,,False,ar,,,,59b1093363d34f4cb97c7767ed98d9d7,http://www.arkleg.state.ar.us/assembly/2011/Member%20Pictures/Webb.jpg,2011-05-31 16:27:50.815000,2013-01-10 00:09:05.666000
ARL000238,Sue Scott,Sue,,Scott,,,True,ar,lower,95,Republican,1cb9ef9de87e44ecb981d63f13b06994,http://www.arkleg.state.ar.us/assembly/2013/Member%20Pictures/Scott.jpg,2013-01-10 00:09:04.591000,2013-03-01 01:23:13.010000
ARL000228,John Payton,John,,Payton,,,True,ar,lower,64,Republican,c8989de53d0a4019a8215d83602f6869,http://www.arkleg.state.ar.us/assembly/2013/Member%20Pictures/Payton.jpg,2013-01-10 00:09:04.441000,2013-03-01 01:23:13.328000
ARL000226,Micah S. Neal,Micah S.,,Neal,,,True,ar,lower,89,Republican,c9cc1aa85eef490d962504eb590ba7c7,http://www.arkleg.state.ar.us/assembly/2013/Member%20Pictures/Neal.jpg,2013-01-10 00:09:04.416000,2013-03-01 01:23:13.026000
ARL000166,Andy Davis,Andy,,Davis,,,True,ar,lower,31,Republican,34b73dfb6ca946d4906eb934493d1b96,http://www.arkleg.state.ar.us/assembly/2013/Member%20Pictures/Davis.jpg,2013-01-10 00:09:03.518000,2013-03-01 01:23:13.318000
ARL000029,Gary Deffenbaugh,Gary,,Deffenbaugh,,,True,ar,lower,79,Republican,2f39b41802f944ba9cdd09945c487b5a,http://www.arkleg.state.ar.us/assembly/2013/Member%20Pictures/Deffenbaugh.jpg,2011-05-31 16:27:50.338000,2013-03-01 01:23:12.700000
ARL000090,Betty Overbey,Betty,,Overbey,,,True,ar,lower,69,Democratic,8c953643c8f74c5a9f0e75c3d3549c75,http://www.arkleg.state.ar.us/assembly/2013/Member%20Pictures/Overbey_b.jpg,2011-05-31 16:27:50.685000,2013-03-01 01:23:13.566000
ARL000180,Charlene Fite,Charlene,,Fite,,,True,ar,lower,80,Republican,18a8b447a06d4193b9d35105550402b6,http://www.arkleg.state.ar.us/assembly/2013/Member%20Pictures/Fite.jpg,2013-01-10 00:09:03.687000,2013-03-01 01:23:13.018000
ARL000150,Ken Bragg,Ken,,Bragg,,,True,ar,lower,15,Republican,5206bdfc3c954bb5b496a03610f3ad5f,http://www.arkleg.state.ar.us/assembly/2013/Member%20Pictures/Bragg.jpg,2013-01-10 00:09:03.400000,2013-03-01 01:23:13.455000
ARL000177,Joe Farrer,Joe,,Farrer,,,True,ar,lower,44,Republican,3a93a037661047c7a5d05e5e3e526cda,http://www.arkleg.state.ar.us/assembly/2013/Member%20Pictures/Farrer.jpg,2013-01-10 00:09:03.659000,2013-03-01 01:23:13.326000
ARL000124,Bruce Westerman,Bruce,,Westerman,,,True,ar,lower,22,Republican,8436fd7ecb074f93b71d06a219f73572,http://www.arkleg.state.ar.us/assembly/2013/Member%20Pictures/Westerman.jpg,2011-05-31 16:27:50.818000,2013-03-01 01:23:13.560000
ARL000047,Justin T. Harris,Justin T.,,Harris,,,True,ar,lower,81,Republican,0f77e8176f5443f586d9b955d04d2b0c,http://www.arkleg.state.ar.us/assembly/2013/Member%20Pictures/Harris.jpg,2011-05-31 16:27:50.412000,2013-03-01 01:23:13.189000
ARL000143,Bob Ballinger,Bob,,Ballinger,,,True,ar,lower,97,Republican,be55fc5f95b942d59fa842942be74ebc,http://www.arkleg.state.ar.us/assembly/2013/Member%20Pictures/Ballinger.jpg,2013-01-10 00:09:03.284000,2013-03-01 01:23:13.020000
ARL000234,Chris Richey,Chris,,Richey,,,True,ar,lower,12,Democratic,386993394d0947d1895985be81550414,http://www.arkleg.state.ar.us/assembly/2013/Member%20Pictures/Richey.jpg,2013-01-10 00:09:04.555000,2013-03-01 01:23:13.572000
ARL000172,Dan M. Douglas,Dan M.,,Douglas,,,True,ar,lower,91,Republican,95d3bddc40534ef198943e1d3daa5ca3,http://www.arkleg.state.ar.us/assembly/2013/Member%20Pictures/Douglas_d.jpg,2013-01-10 00:09:03.619000,2013-03-01 01:23:13.333000
ARL000214,Mark Lowery,Mark,,Lowery,,,True,ar,lower,39,Republican,6d72601c912a49c79c7900a1dfbcb587,http://www.arkleg.state.ar.us/assembly/2013/Member%20Pictures/Lowery.jpg,2013-01-10 00:09:04.301000,2013-03-01 01:23:12.712000
ARL000141,John Baine,John,,Baine,,,True,ar,lower,7,Democratic,71e9cdd9f4fe48b88d93e6f75e2daa8f,http://www.arkleg.state.ar.us/assembly/2013/Member%20Pictures/Baine.jpg,2013-01-10 00:09:03.270000,2013-03-01 01:23:13.022000
ARL000192,Mike Holcomb,Mike,,Holcomb,,,True,ar,lower,10,Democratic,bec35ef55d52411e8f9caf3c22a71fb8,http://www.arkleg.state.ar.us/assembly/2013/Member%20Pictures/Holcomb.jpg,2013-01-10 00:09:04.052000,2013-03-01 01:23:13.312000
ARL000183,Bill Gossage,Bill,,Gossage,,,True,ar,lower,82,Republican,0c4c594f8d36460e80bc8205bd9c4018,http://www.arkleg.state.ar.us/assembly/2013/Member%20Pictures/Gossage.jpg,2013-01-10 00:09:03.716000,2013-03-01 01:23:13.459000
ARL000170,Jim Dotson,Jim,,Dotson,,,True,ar,lower,93,Republican,ed79fa4c1596454782b700ecc0f44793,http://www.arkleg.state.ar.us/assembly/2013/Member%20Pictures/Dotson.jpg,2013-01-10 00:09:03.544000,2013-03-01 01:23:13.574000
ARL000201,Joe Jett,Joe,,Jett,,,True,ar,lower,56,Democratic,28cf06d1e51a4121b8ee7e9cf20f7f15,http://www.arkleg.state.ar.us/assembly/2013/Member%20Pictures/Jett.jpg,2013-01-10 00:09:04.117000,2013-03-01 01:23:13.416000
ARL000249,David Whitaker,David,,Whitaker,,,True,ar,lower,85,Democratic,5f00ff3cb9ea4c3aac588ab9b6c32783,http://www.arkleg.state.ar.us/assembly/2013/Member%20Pictures/Whitaker_d.jpg,2013-01-10 00:09:04.807000,2013-03-01 01:23:13.320000
ARL000086,Stephen Meeks,Stephen,,Meeks,,,True,ar,lower,67,Republican,f2e2dad8536c4cf2a60892b18830859b,http://www.arkleg.state.ar.us/assembly/2013/Member%20Pictures/Meeks_s.jpg,2011-05-31 16:27:50.674000,2013-03-01 01:23:13.434000
ARL000195,Douglas House,Douglas,,House,,,True,ar,lower,40,Republican,32906b7524584bc984b614a8afa96c8f,http://www.arkleg.state.ar.us/assembly/2013/Member%20Pictures/House.jpg,2013-01-10 00:09:04.073000,2013-03-01 01:23:13.447000
ARL000164,Harold Copenhaver,Harold,,Copenhaver,,,True,ar,lower,58,Democratic,97b405928bba4d55937b4159db71f158,http://www.arkleg.state.ar.us/assembly/2013/Member%20Pictures/Copenhaver.jpg,2013-01-10 00:09:03.495000,2013-03-01 01:23:13.449000
ARL000171,Charlotte Vining Douglas,Charlotte Vining,,Douglas,,,True,ar,lower,75,Republican,e334797898e94459af278c9c99f9eb9f,http://www.arkleg.state.ar.us/assembly/2013/Member%20Pictures/Douglas_c.jpg,2013-01-10 00:09:03.612000,2013-03-01 01:23:12.710000
ARL000185,Fonda Hawthorne,Fonda,,Hawthorne,,,True,ar,lower,4,Democratic,329062f59e29468db07b81af762ea741,http://www.arkleg.state.ar.us/assembly/2013/Member%20Pictures/Hawthorne.jpg,2013-01-10 00:09:03.737000,2013-03-01 01:23:13.310000
ARL000243,Brent Talley,Brent,,Talley,,,True,ar,lower,3,Democratic,6d49c3af593649b6bfa9a84d16ef00cd,http://www.arkleg.state.ar.us/assembly/2013/Member%20Pictures/Talley.jpg,2013-01-10 00:09:04.644000,2013-03-01 01:23:12.716000
ARL000036,Jon S. Eubanks,Jon S.,,Eubanks,,,True,ar,lower,74,Republican,bd49edaca02943a0b0ec153f165fdf3b,http://www.arkleg.state.ar.us/assembly/2013/Member%20Pictures/Eubanks.jpg,2011-05-31 16:27:50.369000,2013-03-01 01:23:12.702000
ARL000059,Lane Jean,Lane,,Jean,,,True,ar,lower,2,Republican,677d9411db254297824e6413955dcb8c,http://www.arkleg.state.ar.us/assembly/2013/Member%20Pictures/Jean.jpg,2011-05-31 16:27:50.563000,2013-03-01 01:23:13.436000
ARL000152,Mary Broadaway,Mary,,Broadaway,,,True,ar,lower,57,Democratic,,http://www.arkleg.state.ar.us/assembly/2013/Member%20Pictures/Broadaway.jpg,2013-01-10 00:09:03.421000,2013-03-01 01:23:13.030000
ARL000247,Wes Wagner,Wes,,Wagner,,,True,ar,lower,54,Democratic,04a2ec9125d14e3197500953b97605c4,http://www.arkleg.state.ar.us/assembly/2013/Member%20Pictures/Wagner_w.jpg,2013-01-10 00:09:04.774000,2013-03-01 01:23:13.589000
ARL000137,Randy Alexander,Randy,,Alexander,,,True,ar,lower,88,Republican,1aa32f9edb5346c89204b52469716bce,http://www.arkleg.state.ar.us/assembly/2013/Member%20Pictures/Alexander.jpg,2013-01-10 00:09:03.232000,2013-03-01 01:23:13.451000
ARL000219,Mark D. McElroy,Mark D.,,McElroy,,,True,ar,lower,11,Democratic,67e7f76b11fb43ccbbe42320d975727a,http://www.arkleg.state.ar.us/assembly/2013/Member%20Pictures/McElroy.jpg,2013-01-10 00:09:04.353000,2013-03-01 01:23:13.012000
ARL000215,Stephen Magie,Stephen,,Magie,,,True,ar,lower,72,Democratic,,http://www.arkleg.state.ar.us/assembly/2013/Member%20Pictures/Magie.jpg,2013-01-10 00:09:04.312000,2013-03-01 01:23:13.016000
ARL000235,Warwick Sabin,Warwick,,Sabin,,,True,ar,lower,33,Democratic,41453c9a3afe41e78cc0d942935fdf90,http://www.arkleg.state.ar.us/assembly/2013/Member%20Pictures/Sabin.jpg,2013-01-10 00:09:04.562000,2013-03-01 01:23:13.331000
ARL000178,Deborah Ferguson,Deborah,,Ferguson,,,True,ar,lower,51,Democratic,96f4fcbec50d4634ac07d1b99bc06c37,http://www.arkleg.state.ar.us/assembly/2013/Member%20Pictures/Ferguson.jpg,2013-01-10 00:09:03.666000,2013-03-01 01:23:13.209000
ARL000252,Richard Womack,Richard,,Womack,,,True,ar,lower,18,Republican,d412c79a8b264adaa6bbe73550c31788,http://www.arkleg.state.ar.us/assembly/2013/Member%20Pictures/Womack.jpg,2013-01-10 00:09:04.848000,2013-03-01 01:23:13.207000
ARL000189,David Hillman,David,,Hillman,,,True,ar,lower,13,Democratic,f09c8dca4e0544ca878fbe5af2ca5b97,http://www.arkleg.state.ar.us/assembly/2013/Member%20Pictures/Hillman.jpg,2013-01-10 00:09:03.775000,2013-03-01 01:23:13.323000
ARL000072,Homer Lenderman,Homer,,Lenderman,,,True,ar,lower,53,Democratic,685c61c44f584331954151b34aa368d4,http://www.arkleg.state.ar.us/assembly/2013/Member%20Pictures/Lenderman.jpg,2011-05-31 16:27:50.594000,2013-03-01 01:23:12.698000
ARL000205,David Kizzia,David,,Kizzia,,,True,ar,lower,26,Democratic,62366f5338ec4abfaaf75ce7319627d6,http://www.arkleg.state.ar.us/assembly/2013/Member%20Pictures/Kizzia.jpg,2013-01-10 00:09:04.168000,2013-03-01 01:23:13.014000
ARL000224,Josh Miller,Josh,,Miller,,,True,ar,lower,66,Republican,a475f21b12e84938a42e2fe662cc6df9,http://www.arkleg.state.ar.us/assembly/2013/Member%20Pictures/Miller.jpg,2013-01-10 00:09:04.401000,2013-03-01 01:23:13.578000
ARL000191,Monte Hodges,Monte,,Hodges,,,True,ar,lower,55,Democratic,6f926f6977164c6d9856c55a2efd1368,http://www.arkleg.state.ar.us/assembly/2013/Member%20Pictures/Hodges.jpg,2013-01-10 00:09:04.040000,2013-03-01 01:23:13.032000
ARL000202,Patti Julian,Patti,,Julian,,,True,ar,lower,38,Democratic,1dd97befa9c448c782a6032f3c245691,http://www.arkleg.state.ar.us/assembly/2013/Member%20Pictures/Julian.jpg,2013-01-10 00:09:04.134000,2013-03-01 01:23:13.314000
ARL000140,Eddie L. Armstrong,Eddie L.,,Armstrong,,,True,ar,lower,37,Democratic,,http://www.arkleg.state.ar.us/assembly/2013/Member%20Pictures/Armstrong_e.jpg,2013-01-10 00:09:03.256000,2013-03-01 01:23:13.453000
ARL000139,Charles L. Armstrong,Charles L.,,Armstrong,,,True,ar,lower,30,Democratic,11f212ed59084bb7b3375e0087ea7e89,http://www.arkleg.state.ar.us/assembly/2013/Member%20Pictures/Armstrong_c.jpg,2013-01-10 00:09:03.248000,2013-03-01 01:23:12.714000
ARL000075,Fredrick J. Love,Fredrick J.,,Love,,,True,ar,lower,29,Democratic,d44bd71960fa48db9166b2f213bf8cff,http://www.arkleg.state.ar.us/assembly/2013/Member%20Pictures/Love.jpg,2011-05-31 16:27:50.629000,2013-03-01 01:23:13.185000
ARL000197,John K. Hutchison,John K.,,Hutchison,,,True,ar,lower,52,Republican,d5bd7a44db2344e9af14a9daf912667f,http://www.arkleg.state.ar.us/assembly/2013/Member%20Pictures/Hutchison.jpg,2013-01-10 00:09:04.086000,2013-03-01 01:23:13.587000
ARL000220,George B. McGill,George B.,,McGill,,,True,ar,lower,78,Democratic,1d7001ff58b44beba8430f205445cfbd,http://www.arkleg.state.ar.us/assembly/2013/Member%20Pictures/McGill.jpg,2013-01-10 00:09:04.369000,2013-03-01 01:23:13.316000
ARL000240,Frederick Smith,Frederick,,Smith,,,True,ar,lower,50,Green,,http://www.arkleg.state.ar.us/assembly/2013/Member%20Pictures/Smith_f.jpg,2013-01-10 00:09:04.620000,2013-03-01 01:23:13.302000
ARL000133,Marshall Wright,Marshall,,Wright,,,True,ar,lower,49,Democratic,8a04740af0b24c6a8841665ca75a9ea4,http://www.arkleg.state.ar.us/assembly/2013/Member%20Pictures/Wright.jpg,2011-05-31 16:27:50.844000,2013-03-01 01:23:12.987000
ARL000117,Tommy Thompson,Tommy,,Thompson,,,True,ar,lower,65,Democratic,d75c1945c23740fd9ab44ab20f0228ee,http://www.arkleg.state.ar.us/assembly/2013/Member%20Pictures/Thompson_t.jpg,2011-05-31 16:27:50.802000,2013-03-01 01:23:13.445000
ARL000030,Jody Dickinson,Jody,,Dickinson,,,True,ar,lower,47,Democratic,2dfd797d54be4b649a3954f65bed1e07,http://www.arkleg.state.ar.us/assembly/2013/Member%20Pictures/Dickinson_j.jpg,2011-05-31 16:27:50.340000,2013-03-01 01:23:12.689000
ARL000007,Nate Bell,Nate,,Bell,,,True,ar,lower,20,Republican,bf52fee57b234e86958793aeede4cfd6,http://www.arkleg.state.ar.us/assembly/2013/Member%20Pictures/Bell.jpg,2011-05-31 16:27:50.197000,2013-03-01 01:23:13.570000
ARL000144,Scott Baltz,Scott,,Baltz,,,True,ar,lower,61,Democratic,fd171d11a72c458dbee09d078b4556ff,http://www.arkleg.state.ar.us/assembly/2013/Member%20Pictures/Baltz.jpg,2013-01-10 00:09:03.290000,2013-03-01 01:23:13.304000
ARL000043,Jeremy Gillam,Jeremy,,Gillam,,,True,ar,lower,45,Republican,7d70e3a724a44046b1a044c626c56ab4,http://www.arkleg.state.ar.us/assembly/2013/Member%20Pictures/Gillam.jpg,2011-05-31 16:27:50.402000,2013-03-01 01:23:13.007000
ARL000128,Darrin Williams,Darrin,,Williams,,,True,ar,lower,36,Democratic,690f8a313ffb44a789726e6f6aa54aec,http://www.arkleg.state.ar.us/assembly/2013/Member%20Pictures/Williams.jpg,2011-05-31 16:27:50.826000,2013-03-01 01:23:12.995000
ARL000121,John W. Walker,John W.,,Walker,,,True,ar,lower,34,Democratic,38bcb89524ab478687c74f5894870d26,http://www.arkleg.state.ar.us/assembly/2013/Member%20Pictures/Walker.jpg,2011-05-31 16:27:50.810000,2013-03-01 01:23:13.568000
ARL000127,"Henry ""Hank"" Wilkins IV","Henry ""Hank""",,Wilkins,IV,,True,ar,lower,17,Democratic,ebcd607202e74b158c9739065b2611aa,http://www.arkleg.state.ar.us/assembly/2013/Member%20Pictures/Wilkins_h.jpg,2011-05-31 16:27:50.824000,2013-03-01 01:23:13.180000
ARL000079,Stephanie Malone,Stephanie,,Malone,,,True,ar,lower,77,Republican,b2681f23361347db8e9b5202386f47fc,http://www.arkleg.state.ar.us/assembly/2013/Member%20Pictures/Malone_s.jpg,2011-05-31 16:27:50.639000,2013-03-01 01:23:13.178000
ARL000019,John Catlett,John,,Catlett,,,True,ar,lower,73,Democratic,c8739d1e999b463f88b903a5c3e266a9,http://www.arkleg.state.ar.us/assembly/2013/Member%20Pictures/Catlett.jpg,2011-05-31 16:27:50.284000,2013-03-01 01:23:13.557000
ARL000100,Terry Rice,Terry,,Rice,,,True,ar,lower,21,Republican,80a2c7ed09e24beb92ece5fda3379c72,http://www.arkleg.state.ar.us/assembly/2013/Member%20Pictures/Rice.jpg,2011-05-31 16:27:50.729000,2013-03-01 01:23:13.295000
ARL000064,Allen Kerr,Allen,,Kerr,,,True,ar,lower,32,Republican,b7e23f1baa39427c86719edf8161d62e,http://www.arkleg.state.ar.us/assembly/2013/Member%20Pictures/Kerr.jpg,2011-05-31 16:27:50.576000,2013-03-01 01:23:13.553000
ARL000085,David Meeks,David,,Meeks,,,True,ar,lower,70,Republican,9e17066e8bf04221b750e13b248c6d9c,http://www.arkleg.state.ar.us/assembly/2013/Member%20Pictures/Meeks_d.jpg,2011-05-31 16:27:50.652000,2013-03-01 01:23:13.199000
ARL000013,David L. Branscum,David L.,,Branscum,,,True,ar,lower,83,Republican,928776320efe4687bbe3b16ac57a3b6b,http://www.arkleg.state.ar.us/assembly/2013/Member%20Pictures/Branscum.jpg,2011-05-31 16:27:50.251000,2013-03-01 01:23:13.196000
ARL000099,James Ratliff,James,,Ratliff,,,True,ar,lower,60,Democratic,eb7e4a4d1ea043339bd5ece27eadc117,http://www.arkleg.state.ar.us/assembly/2013/Member%20Pictures/Ratliff.jpg,2011-05-31 16:27:50.717000,2013-03-01 01:23:12.706000
ARL000071,Greg Leding,Greg,,Leding,,,True,ar,lower,86,Democratic,a99b002e9e9f4fc494750fe9c0ef3c0f,http://www.arkleg.state.ar.us/assembly/2013/Member%20Pictures/Leding.jpg,2011-05-31 16:27:50.592000,2013-03-01 01:23:13.183000
ARL000106,Matthew Shepherd,Matthew J.,,Shepherd,,,True,ar,lower,6,Republican,c968cf613ce147398d5553c12df8971b,http://www.arkleg.state.ar.us/assembly/2013/Member%20Pictures/Shepherd.jpg,2011-05-31 16:27:50.743000,2013-03-01 01:23:13.003000
ARL000073,Kelley Linck,Kelley,,Linck,,,True,ar,lower,99,Republican,17f77b78c84c496ebfbc502ae21424bf,http://www.arkleg.state.ar.us/assembly/2013/Member%20Pictures/Linck.jpg,2011-05-31 16:27:50.602000,2013-03-01 01:23:13.187000
ARL000045,Kim Hammer,Kim,,Hammer,,,True,ar,lower,28,Republican,d61dd9114ebc48eba93c8877daa903f2,http://www.arkleg.state.ar.us/assembly/2013/Member%20Pictures/Hammer.jpg,2011-05-31 16:27:50.407000,2013-03-01 01:23:13.194000
ARL000082,Andy Mayberry,Andy,,Mayberry,,,True,ar,lower,27,Republican,4c43a1cec96a4ce481dd4ed9550b9533,http://www.arkleg.state.ar.us/assembly/2013/Member%20Pictures/Mayberry.jpg,2011-05-31 16:27:50.646000,2013-03-01 01:23:13.201000
ARL000107,Mary L. Slinkard,Mary L.,,Slinkard,,,True,ar,lower,92,Republican,01b0696026314531a17c0c53a5589872,http://www.arkleg.state.ar.us/assembly/2013/Member%20Pictures/Slinkard.jpg,2011-05-31 16:27:50.746000,2013-03-01 01:23:12.999000
ARL000068,Sheilla E. Lampkin,Sheilla E.,,Lampkin,,,True,ar,lower,9,Democratic,78b865bb7a874a7887c3564035c3a196,http://www.arkleg.state.ar.us/assembly/2013/Member%20Pictures/Lampkin.jpg,2011-05-31 16:27:50.585000,2013-03-01 01:23:12.704000
ARL000022,Ann V. Clemmer,Ann V.,,Clemmer,,,True,ar,lower,23,Republican,dbabb281dbb54ec8a3142682f7ce4827,http://www.arkleg.state.ar.us/assembly/2013/Member%20Pictures/Clemmer.jpg,2011-05-31 16:27:50.294000,2013-03-01 01:23:13.548000
ARL000050,Debra M. Hobbs,Debra M.,,Hobbs,,,True,ar,lower,94,Republican,b56c2228de384281bdb8828289ca2b0c,http://www.arkleg.state.ar.us/assembly/2013/Member%20Pictures/Hobbs.jpg,2011-05-31 16:27:50.524000,2013-03-01 01:23:13.544000
ARL000009,Mark Biviano,Mark,,Biviano,,,True,ar,lower,46,Republican,b6c7bc53e4eb4b0a944e0132f365662e,http://www.arkleg.state.ar.us/assembly/2013/Member%20Pictures/Biviano.jpg,2011-05-31 16:27:50.223000,2013-03-01 01:23:12.914000
ARL000052,Karen S. Hopper,Karen S.,,Hopper,,,True,ar,lower,100,Republican,312aada038c44a1e8e8cc40934a94d5d,http://www.arkleg.state.ar.us/assembly/2013/Member%20Pictures/Hopper.jpg,2011-05-31 16:27:50.529000,2013-03-01 01:23:13.546000
ARL000026,Bruce Cozart,Bruce,,Cozart,,,True,ar,lower,24,Republican,d86d5b4e5d274f3eb2e60220e5b3f2e5,http://www.arkleg.state.ar.us/assembly/2013/Member%20Pictures/Cozart.jpg,2011-05-31 16:27:50.312000,2013-03-01 01:23:12.708000
ARL000084,James McLean,James,,McLean,,,True,ar,lower,63,Democratic,c80737867d5e4426ab0ce9503da96a41,http://www.arkleg.state.ar.us/assembly/2013/Member%20Pictures/McLean.jpg,2011-05-31 16:27:50.650000,2013-03-01 01:23:12.753000
ARL000028,Robert E. Dale,Robert E.,,Dale,,,True,ar,lower,68,Republican,05c9e46112834deb9a1db24da67cebd6,http://www.arkleg.state.ar.us/assembly/2013/Member%20Pictures/Dale.jpg,2011-05-31 16:27:50.316000,2013-03-01 01:23:12.859000
ARL000017,"Les ""Skip"" Carnine","Les ""Skip""",,Carnine,,,True,ar,lower,90,Republican,0bf4ec723a224dfba4c0d8cc40fe8f82,http://www.arkleg.state.ar.us/assembly/2013/Member%20Pictures/Carnine.jpg,2011-05-31 16:27:50.279000,2013-03-01 01:23:12.866000
ARL000119,John T. Vines,John T.,,Vines,,,True,ar,lower,25,Democratic,2002b71429dd47ef918106d05124888a,http://www.arkleg.state.ar.us/assembly/2013/Member%20Pictures/Vines.jpg,2011-05-31 16:27:50.806000,2013-03-01 01:23:12.990000
ARL000132,Tommy Wren,Tommy,,Wren,,,True,ar,lower,62,Democratic,d189e7375e9641018242c8ae158764b4,http://www.arkleg.state.ar.us/assembly/2013/Member%20Pictures/Wren.jpg,2011-05-31 16:27:50.842000,2013-03-01 01:23:13.438000
ARL000131,James L. Word,James L.,,Word,,,True,ar,lower,16,Democratic,ee1d7e3d924945ee8ac7a5a8d403ab89,http://www.arkleg.state.ar.us/assembly/2013/Member%20Pictures/Word.jpg,2011-05-31 16:27:50.841000,2013-03-01 01:23:13.170000
ARL000093,Mark Perry,Mark,,Perry,,,True,ar,lower,42,Democratic,f0dd91fb17464b7290ee18c9fa74a3df,http://www.arkleg.state.ar.us/assembly/2013/Member%20Pictures/Perry.jpg,2011-05-31 16:27:50.697000,2013-03-01 01:23:13.175000
ARL000006,Jonathan Barnett,Jonathan,,Barnett,,,True,ar,lower,87,Republican,e13b4f8a692e4845bb17cb9140d760b9,http://www.arkleg.state.ar.us/assembly/2013/Member%20Pictures/Barnett.jpg,2011-05-31 16:27:50.189000,2013-03-01 01:23:13.287000
ARL000109,Nate Steel,Nate,,Steel,,,True,ar,lower,19,Democratic,66c17ea2c8514b1b92948dc1e1bde93b,http://www.arkleg.state.ar.us/assembly/2013/Member%20Pictures/Steel.jpg,2011-05-31 16:27:50.767000,2013-03-01 01:23:13.001000
ARL000016,John Burris,John,,Burris,,,True,ar,lower,98,Republican,30cc38e0dcf442b4b05d28d67bb9f660,http://www.arkleg.state.ar.us/assembly/2013/Member%20Pictures/Burris_j.jpg,2011-05-31 16:27:50.257000,2013-03-01 01:23:13.165000
ARL000088,Reginald Murdock,Reginald,,Murdock,,,True,ar,lower,48,Democratic,8d8e763ecace4aaebb954822abfe7fc7,http://www.arkleg.state.ar.us/assembly/2013/Member%20Pictures/Murdock.jpg,2011-05-31 16:27:50.678000,2013-03-01 01:23:13.167000
ARL000126,Butch Wilkins,Butch,,Wilkins,,,True,ar,lower,59,Democratic,80b44ff658644443a2dff563a74e34bf,http://www.arkleg.state.ar.us/assembly/2013/Member%20Pictures/Wilkins_b.jpg,2011-05-31 16:27:50.822000,2013-03-01 01:23:13.530000
ARL000122,Jeff Wardlaw,Jeff,,Wardlaw,,,True,ar,lower,8,Democratic,7ce3103735cb4a4783a61a6cb44d3915,http://www.arkleg.state.ar.us/assembly/2013/Member%20Pictures/Wardlaw.jpg,2011-05-31 16:27:50.813000,2013-03-01 01:23:13.191000
ARL000049,"Mary P. ""Prissy"" Hickerson","Mary P. ""Prissy""",,Hickerson,,,True,ar,lower,1,Republican,04d163498faf4213936589668e77a3d3,http://www.arkleg.state.ar.us/assembly/2013/Member%20Pictures/Hickerson.jpg,2011-05-31 16:27:50.509000,2013-03-01 01:23:13.564000
ARL000037,David Fielding,David,,Fielding,,,True,ar,lower,5,Democratic,290cf540660b46f193123e66a46502b9,http://www.arkleg.state.ar.us/assembly/2013/Member%20Pictures/Fielding.jpg,2011-05-31 16:27:50.388000,2013-03-01 01:23:13.300000
ARL000083,Walls McCrary,Walls,,McCrary,,,True,ar,lower,14,Democratic,4e85e9138fca47179d18cff8dabe2e1b,http://www.arkleg.state.ar.us/assembly/2013/Member%20Pictures/McCrary.jpg,2011-05-31 16:27:50.648000,2013-03-01 01:23:13.290000
ARL000070,Andrea Lea,Andrea,,Lea,,,True,ar,lower,71,Republican,09464fc1e8754d038670a06cbb521cfd,http://www.arkleg.state.ar.us/assembly/2013/Member%20Pictures/Lea.jpg,2011-05-31 16:27:50.590000,2013-03-01 01:23:13.526000
ARL000018,Davy Carter,Davy,,Carter,,,True,ar,lower,43,Republican,926bcbd30b8c460b94aec863ebd8595b,http://www.arkleg.state.ar.us/assembly/2013/Member%20Pictures/Carter.jpg,2011-05-31 16:27:50.282000,2013-03-01 01:23:13.423000
ARL000023,Charlie Collins,Charlie,,Collins,,,True,ar,lower,84,Republican,7ff0fc64ee0e44b9bd6f2bbbf57e5e69,http://www.arkleg.state.ar.us/assembly/2013/Member%20Pictures/Collins.jpg,2011-05-31 16:27:50.297000,2013-03-01 01:23:13.413000
ARL000003,Duncan Baird,Duncan,,Baird,,,True,ar,lower,96,Republican,9d399a2f70104aeca89b7fa8e291c7f4,http://www.arkleg.state.ar.us/assembly/2013/Member%20Pictures/Baird.jpg,2011-05-31 16:27:50.164000,2013-03-01 01:23:13.538000
ARL000002,Denny Altes,Denny,,Altes,,,True,ar,lower,76,Republican,19d280ff3cc04df9a0ff265ff7826e9a,http://www.arkleg.state.ar.us/assembly/2013/Member%20Pictures/Altes_d.jpg,2011-05-31 16:27:50.144000,2013-03-01 01:23:13.555000
ARL000089,Jim Nickels,Jim,,Nickels,,,True,ar,lower,41,Democratic,97f3f6b92e4b49718ec6136b7583eeda,http://www.arkleg.state.ar.us/assembly/2013/Member%20Pictures/Nickels.jpg,2011-05-31 16:27:50.682000,2013-03-01 01:23:13.550000
ARL000032,John Charles Edwards,John Charles,,Edwards,,,True,ar,lower,35,Democratic,23595d57630242dc91db547dc3497dea,http://www.arkleg.state.ar.us/assembly/2013/Member%20Pictures/Edwards_j.jpg,2011-05-31 16:27:50.344000,2013-03-01 01:23:12.756000
ARL000188,Jimmy Hickey,Jimmy,,Hickey,,,True,ar,upper,11,Republican,21cc741bcec1460db40422fb09084b0c,http://www.arkleg.state.ar.us/assembly/2013/Member%20Pictures/Hickey.jpg,2013-01-10 00:09:03.767000,2013-03-01 01:23:14.197000
ARL000186,Jim Hendren,Jim,,Hendren,,,True,ar,upper,2,Republican,80e5f5bda746475dbf90108620fe92e1,http://www.arkleg.state.ar.us/assembly/2013/Member%20Pictures/Hendren_j.jpg,2013-01-10 00:09:03.744000,2013-03-01 01:23:14.195000
ARL000216,Bruce Maloch,Bruce,,Maloch,,,True,ar,upper,12,Democratic,e02a5e6e2d0849aeac3e1c0c8c7b0e16,http://www.arkleg.state.ar.us/assembly/2013/Member%20Pictures/Maloch.jpg,2013-01-10 00:09:04.319000,2013-03-01 01:23:14.054000
ARL000161,Alan Clark,Alan,,Clark,,,True,ar,upper,13,Republican,9de426685305495c8853ea4dc9cdd79a,http://www.arkleg.state.ar.us/assembly/2013/Member%20Pictures/Clark_a.jpg,2013-01-10 00:09:03.476000,2013-03-01 01:23:14.053000
ARL000155,Ronald Caldwell,Ronald,,Caldwell,,,True,ar,upper,23,Republican,,http://www.arkleg.state.ar.us/assembly/2013/Member%20Pictures/Caldwell.jpg,2013-01-10 00:09:03.440000,2013-03-01 01:23:14.033000
ARL000130,Jon Woods,Jon,,Woods,,,True,ar,upper,7,Republican,82608b63f9604df59dc52109fda4d1b7,http://www.arkleg.state.ar.us/assembly/2013/Member%20Pictures/Woods_j.jpg,2011-05-31 16:27:50.839000,2013-03-01 01:23:13.877000
ARL000187,Bart Hester,Bart,,Hester,,,True,ar,upper,1,Republican,70375438137744ed988ecfb7d0a399e1,http://www.arkleg.state.ar.us/assembly/2013/Member%20Pictures/Hester.jpg,2013-01-10 00:09:03.752000,2013-03-01 01:23:14.064000
ARL000129,Eddie Joe Williams,Eddie Joe,,Williams,,,True,ar,upper,29,Republican,6bdd21ae1f304c4a9bde3fbc53b4b8f0,http://www.arkleg.state.ar.us/assembly/2013/Member%20Pictures/Williams_e.jpg,2011-05-31 16:27:50.836000,2013-03-01 01:23:14.078000
ARL000031,Jonathan Dismang,Jonathan,,Dismang,,,True,ar,upper,28,Republican,cefa0b634e954862a92353d3ed26b9b0,http://www.arkleg.state.ar.us/assembly/2013/Member%20Pictures/Dismang_j.jpg,2011-05-31 16:27:50.342000,2013-03-01 01:23:13.914000
ARL000038,Jake Files,Jake,,Files,,,True,ar,upper,8,Republican,d11d79d58de448d1914ae7cf7f1b8b9b,http://www.arkleg.state.ar.us/assembly/2013/Member%20Pictures/Files.jpg,2011-05-31 16:27:50.391000,2013-03-01 01:23:14.191000
ARL000062,David Johnson,David,,Johnson,,,True,ar,upper,32,Democratic,052b8471c42249009cf81a0dbbc5d08e,http://www.arkleg.state.ar.us/assembly/2013/Member%20Pictures/Johnson_d.jpg,2011-05-31 16:27:50.571000,2013-03-01 01:23:14.088000
ARL000112,Gary Stubblefield,Gary,,Stubblefield,,,True,ar,upper,6,Republican,5b8d266b7e654ccf82c39dd7b0293783,http://www.arkleg.state.ar.us/assembly/2013/Member%20Pictures/Stubblefield_g.jpg,2011-05-31 16:27:50.790000,2013-03-01 01:23:14.094000
ARL000010,Cecile Bledsoe,Cecile,,Bledsoe,,,True,ar,upper,3,Republican,86ed85e88d8c4d4d830014406e2cb996,http://www.arkleg.state.ar.us/assembly/2013/Member%20Pictures/Bledsoe.jpg,2011-05-31 16:27:50.237000,2013-03-01 01:23:13.999000
ARL000074,Uvalde Lindsey,Uvalde,,Lindsey,,,True,ar,upper,4,Democratic,824005c850384244af04c0ef64ddf7b0,http://www.arkleg.state.ar.us/assembly/2013/Member%20Pictures/Lindsey_u.jpg,2011-05-31 16:27:50.606000,2013-03-01 01:23:14.050000
ARL000066,Bryan B. King,Bryan,,King,,,True,ar,upper,5,Republican,de0a51e386f04e31ad9c31371735f177,http://www.arkleg.state.ar.us/assembly/2013/Member%20Pictures/King_b.jpg,2011-05-31 16:27:50.581000,2013-03-01 01:23:14.098000
ARL000057,Keith M. Ingram,Keith,,Ingram,,,True,ar,upper,24,Democratic,d4c71c3a69774bd6a6c3c9609d08af5f,http://www.arkleg.state.ar.us/assembly/2013/Member%20Pictures/Ingram_k.jpg,2011-05-31 16:27:50.545000,2013-03-01 01:23:14.019000
ARL000015,David Burnett,David,,Burnett,,,True,ar,upper,22,Democratic,0b778ac3c7b5404f9c4bbec57f0839c2,http://www.arkleg.state.ar.us/assembly/2013/Member%20Pictures/Burnett.jpg,2011-05-31 16:27:50.255000,2013-03-01 01:23:14.028000
ARL000051,Bruce Holland,Bruce,,Holland,,,True,ar,upper,9,Republican,7115217199b74814a1b96587f25ce9ca,http://www.arkleg.state.ar.us/assembly/2013/Member%20Pictures/Holland.jpg,2011-05-31 16:27:50.526000,2013-03-01 01:23:14.048000
ARL000035,Jane English,Jane,,English,,,True,ar,upper,34,Republican,359e46f86f964da7967bcb0bc053d26b,http://www.arkleg.state.ar.us/assembly/2013/Member%20Pictures/English_j.jpg,2011-05-31 16:27:50.367000,2013-03-01 01:23:14.080000
ARL000033,Joyce Elliott,Joyce,,Elliott,,,True,ar,upper,31,Democratic,00f95d7c30a14ffba84130f80b1e581c,http://www.arkleg.state.ar.us/assembly/2013/Member%20Pictures/Elliott.jpg,2011-05-31 16:27:50.347000,2013-03-01 01:23:14.041000
ARL000055,Jeremy Hutchinson,Jeremy,,Hutchinson,,,True,ar,upper,33,Republican,34077a6b5c604768970aeb0fc1adce51,http://www.arkleg.state.ar.us/assembly/2013/Member%20Pictures/Hutchinson_j.jpg,2011-05-31 16:27:50.535000,2013-03-01 01:23:13.857000
ARL000115,Larry Teague,Larry,,Teague,,,True,ar,upper,10,Democratic,4166b1da3f274ea48157bd066cd4ed1a,http://www.arkleg.state.ar.us/assembly/2013/Member%20Pictures/Teague.jpg,2011-05-31 16:27:50.796000,2013-03-01 01:23:14.183000
ARL000040,Stephanie Flowers,Stephanie,,Flowers,,,True,ar,upper,25,Democratic,029b52ca0b554bbc8030a8417e987889,http://www.arkleg.state.ar.us/assembly/2013/Member%20Pictures/Flowers_s.jpg,2011-05-31 16:27:50.396000,2013-03-01 01:23:14.046000
ARL000105,David J. Sanders,David J.,,Sanders,,,True,ar,upper,15,Republican,4e2346c6efda463cb43e732ef54798df,http://www.arkleg.state.ar.us/assembly/2013/Member%20Pictures/Sanders_d.jpg,2011-05-31 16:27:50.741000,2013-03-01 01:23:14.023000
ARL000058,Missy Irvin,Missy,,Irvin,,,True,ar,upper,18,Republican,19db32b7baae4e6aae8d3d005ea40839,http://www.arkleg.state.ar.us/assembly/2013/Member%20Pictures/Irvin.jpg,2011-05-31 16:27:50.561000,2013-03-01 01:23:14.012000
ARL000020,Eddie L. Cheatham,Eddie,,Cheatham,,,True,ar,upper,26,Democratic,4380a7222cac4bdcad8c025ebec71248,http://www.arkleg.state.ar.us/assembly/2013/Member%20Pictures/Cheatham_e.jpg,2011-05-31 16:27:50.290000,2013-03-01 01:23:14.066000
ARL000065,Johnny Key,Johnny,,Key,,,True,ar,upper,17,Republican,23cefb60c650428bace4bb338bcec8f3,http://www.arkleg.state.ar.us/assembly/2013/Member%20Pictures/Key_j.jpg,2011-05-31 16:27:50.578000,2013-03-01 01:23:14.004000
ARL000116,Robert Thompson,Robert,,Thompson,,,True,ar,upper,20,Democratic,3192477e7196445880519aede076c5bd,http://www.arkleg.state.ar.us/assembly/2013/Member%20Pictures/Thompson_r.jpg,2011-05-31 16:27:50.799000,2013-03-01 01:23:14.083000
ARL000011,Paul Bookout,Paul,,Bookout,,,True,ar,upper,21,Democratic,7c30e0c2aec4487eb64c35aa4e5e58cc,http://www.arkleg.state.ar.us/assembly/2013/Member%20Pictures/Bookout.jpg,2011-05-31 16:27:50.246000,2013-03-01 01:23:13.995000
ARL000134,David Wyatt,David,,Wyatt,,,True,ar,upper,19,Democratic,91ecb238a17e497aae63878b126e09f7,http://www.arkleg.state.ar.us/assembly/2013/Member%20Pictures/Wyatt_d.jpg,2011-05-31 16:27:50.846000,2013-03-01 01:23:14.111000
ARL000104,Bill Sample,Bill,,Sample,,,True,ar,upper,14,Republican,3dede0f798de4613bef1d786801c7a6f,http://www.arkleg.state.ar.us/assembly/2013/Member%20Pictures/Sample_b.jpg,2011-05-31 16:27:50.739000,2013-03-01 01:23:14.105000
ARL000098,Jason Rapert,Jason,,Rapert,,,True,ar,upper,35,Republican,0207ee6da17f4013b23b75ee58971c33,http://www.arkleg.state.ar.us/assembly/2013/Member%20Pictures/Rapert.jpg,2011-05-31 16:27:50.715000,2013-03-01 01:23:14.044000
ARL000021,Linda Chesterfield,Linda,,Chesterfield,,,True,ar,upper,30,Democratic,6d6851bb4b9746be85f2dc6193b35280,http://www.arkleg.state.ar.us/assembly/2013/Member%20Pictures/Chesterfield_l.jpg,2011-05-31 16:27:50.292000,2013-03-01 01:23:14.188000
ARL000094,Bobby J. Pierce,Bobby J.,,Pierce,,,True,ar,upper,27,Democratic,d92fe72299ff47e7a45c4f72c180857f,http://www.arkleg.state.ar.us/assembly/2013/Member%20Pictures/Pierce_b.jpg,2011-05-31 16:27:50.699000,2013-03-01 01:23:14.193000
ARL000067,Michael Lamoureux,Michael,,Lamoureux,,,True,ar,upper,16,Republican,153af6bbb7b14c89bf24245982810a91,http://www.arkleg.state.ar.us/assembly/2013/Member%20Pictures/Lamoureux_m.jpg,2011-05-31 16:27:50.583000,2013-03-01 01:23:14.010000
