AZL000005,Manuel V. Alvarez,Manuel,V.,Alvarez,,Manny,False,az,,,,ee222f6614354ced88d5165b9dc2afea,http://www.azleg.gov/alisImages/MemberPhotos/48leg/House/ALVAREZ.gif,2011-01-21 19:37:19.568000,2011-01-21 19:37:19.833000
AZL000003,Carolyn S. Allen,Carolyn,S.,Allen,,,False,az,,,,b5ad6a641c594d96a184d5fae4fd6863,http://www.azleg.gov/alisImages/MemberPhotos/49leg/Senate/ALLEN_C.gif,2011-01-21 19:37:19.564000,2011-01-21 19:37:19.839000
AZL000007,David Braswell,David,,Braswell,,,False,az,,,,858b9b98423740879fb6d81b7b51f7ce,http://www.azleg.gov/alisImages/MemberPhotos/49leg/Senate/BRASWELL.gif,2011-01-21 19:37:19.572000,2011-01-21 19:37:19.838000
AZL000009,Robert Burns,Robert,,Burns,,Bob,False,az,,,,f9a99517f3c1402caa3e1e998a682437,http://www.azleg.gov/alisImages/MemberPhotos/48leg/Senate/BURNS.gif,2011-01-21 19:37:19.576000,2011-01-21 19:37:19.840000
AZL000081,Doug Quelland,Doug,,Quelland,,,False,az,,,,80d1ca11b83e4e4fb083a6ed8ff0cf42,http://www.azleg.gov/alisImages/MemberPhotos/49leg/House/QUELLAND.gif,2011-01-21 19:37:19.753000,2011-01-21 19:37:19.791000
AZL000091,Rae Waters,Rae,,Waters,,,False,az,,,,fa277cb995314da4b8b4f80824eb60d7,http://www.azleg.gov/alisImages/MemberPhotos/49leg/House/WATERS.gif,2011-01-21 19:37:19.773000,2011-01-21 19:37:19.800000
AZL000097,Nancy Young Wright,Nancy Young,,Wright,,,False,az,,,,f4c355cdf5c8474cbae86ded0d9b0e1e,http://www.azleg.gov/alisImages/MemberPhotos/49leg/House/YOUNG_WRIGHT.gif,2011-01-21 19:37:19.785000,2011-01-21 19:37:19.815000
AZL000008,Ed Bunch,Ed,,Bunch,,,False,az,,,,,http://www.azleg.gov/alisImages/MemberPhotos/49leg/Senate/BUNCH.gif,2011-01-21 19:37:19.574000,2011-01-21 19:37:19.839000
AZL000013,Maria Garcia,Maria,,Garcia,,,False,az,,,,,,2011-01-21 19:37:19.584000,2011-01-21 19:37:19.834000
AZL000195,Nicholas  Fontana,Nicholas,,Fontana,,,False,az,,,,,,2012-05-01 03:24:51.376000,2013-01-15 16:25:10.182000
AZL000042,Tom Boone,Tom,,Boone,,,False,az,,,,8d8108c37bec46f6afdd831aa1164038,http://www.azleg.gov/alisImages/MemberPhotos/48leg/House/BOONE.gif,2011-01-21 19:37:19.655000,2011-01-21 19:37:19.821000
AZL000044,Jack A. Brown,Jack,A.,Brown,,,False,az,,,,c4d09af1a49f4560804ed88d1ae9af71,http://www.azleg.gov/alisImages/MemberPhotos/48leg/House/BROWN.gif,2011-01-21 19:37:19.659000,2011-01-21 19:37:19.822000
AZL000048,Cloves C. Campbell Jr.,Cloves,C.,Campbell,Jr.,,False,az,,,,11b02a9570ff47a0b5e3320293812e49,http://www.azleg.gov/alisImages/MemberPhotos/49leg/House/CAMPBELL_CL.gif,2011-01-21 19:37:19.666000,2011-01-21 19:37:19.796000
AZL000052,Sam Crump,Sam,,Crump,,,False,az,,,,d2f01fbe6cdb4505aced16fe3981395d,http://www.azleg.gov/alisImages/MemberPhotos/48leg/House/CRUMP.gif,2011-01-21 19:37:19.675000,2011-01-21 19:37:19.824000
AZL000053,Christopher Deschene,Christopher,,Deschene,,,False,az,,,,777a041e6dc74178a11428551896c9b4,http://www.azleg.gov/alisImages/MemberPhotos/49leg/House/DESCHENE.gif,2011-01-21 19:37:19.677000,2011-01-21 19:37:19.799000
AZL000056,Patricia V. Fleming,Patricia,V.,Fleming,,,False,az,,,,57bcccd7d0c54edf89db6e4cd9fb03c0,http://www.azleg.gov/alisImages/MemberPhotos/49leg/House/FLEMING.gif,2011-01-21 19:37:19.683000,2011-01-21 19:37:19.815000
AZL000057,Martha Garcia,Martha,,Garcia,,,False,az,,,,292d5a221c0e4305990569213025c8f6,http://www.azleg.gov/alisImages/MemberPhotos/48leg/House/GARCIA_M.gif,2011-01-21 19:37:19.685000,2011-01-21 19:37:19.794000
AZL000061,Laurin Hendrix,Laurin,,Hendrix,,,False,az,,,,c12158ae93c843bc8fb7cc811c57bac4,http://www.azleg.gov/alisImages/MemberPhotos/49leg/House/HENDRIX.gif,2011-01-21 19:37:19.693000,2011-01-21 19:37:19.802000
AZL000064,Bill Konopnicki,Bill,,Konopnicki,,,False,az,,,,7956c3c6f6d6443a8c1709d44e74055b,http://www.azleg.gov/alisImages/MemberPhotos/48leg/House/KONOPNICKI.gif,2011-01-21 19:37:19.699000,2011-01-21 19:37:19.822000
AZL000066,Phil Lopes,Phil,,Lopes,,,False,az,,,,50b05ef94d1e454fbb647d0f91ba02bb,http://www.azleg.gov/alisImages/MemberPhotos/48leg/House/LOPES.gif,2011-01-21 19:37:19.702000,2011-01-21 19:37:19.816000
AZL000068,Lucy Mason,Lucy,,Mason,,,False,az,,,,4b3a35cf0d604b538b782e39eecc5b50,http://www.azleg.gov/alisImages/MemberPhotos/48leg/House/MASON.gif,2011-01-21 19:37:19.706000,2011-01-21 19:37:19.789000
AZL000074,Ben R. Miranda,Ben R.,,Miranda,,,False,az,,,,9fc9a7b3248e4252989003fdb1a997bb,http://www.azleg.gov/alisImages/MemberPhotos/48leg/House/MIRANDA_B.gif,2011-01-21 19:37:19.738000,2011-01-21 19:37:19.796000
AZL000077,Warde V. Nichols,Warde,V.,Nichols,,,False,az,,,,13d399b1e425402cb9f1ed7600186d7d,http://www.azleg.gov/alisImages/MemberPhotos/48leg/House/NICHOLS.gif,2011-01-21 19:37:19.746000,2011-01-21 19:37:19.801000
AZL000131,Ben Arredondo,Ben,,Arredondo,,,False,az,,,,cfe76c5ea557473088f5646f05a9528c,,2011-01-21 20:09:48.105000,2013-01-04 00:02:05.521000
AZL000036,Kirk D Adams,Kirk,D,Adams,,,False,az,,,,0483a55ba05f42ee8aac079962cfe9e8,http://www.azleg.gov/alisImages/MemberPhotos/50leg/House/ADAMS.gif,2011-01-21 19:37:19.628000,2011-01-21 19:37:19.799000
AZL000026,Richard Miranda,Richard,,Miranda,,,False,az,,,,65f5c0293c9a488a870c7b488f8a8430,http://www.azleg.gov/alisImages/MemberPhotos/48leg/Senate/MIRANDA.gif,2011-01-21 19:37:19.609000,2012-06-01 18:33:18.020000
AZL000029,Russell Pearce,Russell,,Pearce,,,False,az,,,,a9a38f1700334033b369356f99dbc451,http://www.azleg.gov/alisImages/MemberPhotos/50leg/Senate/PEARCE_R.gif,2011-01-21 19:37:19.614000,2012-06-01 18:32:38.842000
AZL000002,Kyrsten Sinema,Kyrsten,,Sinema,,,False,az,,,,fb2909039bdf4305a743f620f60a9304,http://www.azleg.gov/alisImages/MemberPhotos/50leg/Senate/SINEMA.gif,2011-01-21 19:37:19.562000,2011-01-21 19:37:19.833000
AZL000010,Meg Burton Cahill,Meg Burton,,Cahill,,,False,az,,,,0f238954c21a40e6b37ce9948beec465,http://www.azleg.gov/alisImages/MemberPhotos/49leg/Senate/BURTON_CAHILL.gif,2011-01-21 19:37:19.578000,2011-01-21 19:37:19.830000
AZL000011,Ken Cheuvront,Ken,,Cheuvront,,,False,az,,,,6c7d66763c5f48eeb2b39d3db9037302,http://www.azleg.gov/alisImages/MemberPhotos/49leg/Senate/CHEUVRONT.gif,2011-01-21 19:37:19.580000,2011-01-21 19:37:19.829000
AZL000012,Jorge Luis Garcia,Jorge Luis,,Garcia,,,False,az,,,,d0d53ea764e24c209658df3d3fdbd2fb,http://www.azleg.gov/alisImages/MemberPhotos/49leg/Senate/GARCIA.gif,2011-01-21 19:37:19.582000,2011-01-21 19:37:19.835000
AZL000014,Pamela Gorman,Pamela,,Gorman,,,False,az,,,,2a22228de7294dbf9ce493fca08cefc0,http://www.azleg.gov/alisImages/MemberPhotos/48leg/Senate/GORMAN.gif,2011-01-21 19:37:19.586000,2011-01-21 19:37:19.838000
AZL000016,Chuck Gray,Chuck,,Gray,,,False,az,,,,a8d0531f604140719037683e4dd93c2b,http://www.azleg.gov/alisImages/MemberPhotos/49leg/Senate/GRAY_C.gif,2011-01-21 19:37:19.590000,2011-01-21 19:37:19.831000
AZL000020,John Huppenthal,John,,Huppenthal,,,False,az,,,,8ed396bd17644c7b8a72e75d471cac7a,http://www.azleg.gov/alisImages/MemberPhotos/49leg/Senate/HUPPENTHAL.gif,2011-01-21 19:37:19.597000,2011-01-21 19:37:19.831000
AZL000032,Jay Tibshraeny,Jay,,Tibshraeny,,,False,az,,,,0193aa4b168f4997a62e35d5464370eb,http://www.azleg.gov/alisImages/MemberPhotos/49leg/Senate/TIBSHRAENY.gif,2011-01-21 19:37:19.620000,2011-01-21 19:37:19.832000
AZL000039,Ray Barnes,Ray,,Barnes,,,False,az,,,,c57595f3343e4ebc9f069fc12a15e66b,http://www.azleg.gov/alisImages/MemberPhotos/48leg/House/BARNES.gif,2011-01-21 19:37:19.634000,2011-01-21 19:37:19.824000
AZL000004,Sylvia Allen,Sylvia,,Allen,,,False,az,,,,434d86a19a234574a4eb5930b9f8c6da,http://www.azleg.gov/alisImages/MemberPhotos/50leg/Senate/ALLEN.gif,2011-01-21 19:37:19.566000,2013-01-15 15:50:42.289000
AZL000017,Linda Gray,Linda,,Gray,,,False,az,,,,550bdd2139ef45099f00b3fbc04e8ad2,http://www.azleg.gov/alisImages/MemberPhotos/50leg/Senate/GRAY.gif,2011-01-21 19:37:19.591000,2013-01-15 15:51:48.989000
AZL000112,Lori Klein,Lori,,Klein,,,False,az,,,,1722f86187234413a1c62fcb0b63a0f2,http://www.azleg.gov/alisImages/MemberPhotos/50leg/Senate/KLEIN.gif,2011-01-21 20:09:48.069000,2013-01-15 15:51:33.122000
AZL000190,Jerry Lewis,Jerry,,Lewis,,,False,az,,,,28795e9247044298b03f9d67e60bb56f,http://www.azleg.gov/alisImages/MemberPhotos/50leg/Senate/LEWIS.gif,2011-12-01 01:41:50.497000,2013-01-15 15:58:49.715000
AZL000067,David Lujan,David,,Lujan,,,False,az,,,,2ad0c920324547ca8287abe2fa1affd3,http://www.azleg.gov/alisImages/MemberPhotos/50leg/Senate/LUJAN.gif,2011-01-21 19:37:19.704000,2013-01-15 15:54:40.067000
AZL000084,David Schapira,David,,Schapira,,,False,az,,,,fc7a2972292a41d78dd2631a85191eba,http://www.azleg.gov/alisImages/MemberPhotos/50leg/Senate/SCHAPIRA.gif,2011-01-21 19:37:19.759000,2013-01-15 15:54:43.270000
AZL000001,Paula Aboud,Paula,,Aboud,,,False,az,,,,2e3b31b79c3c4eabaf6f2fde05b9cb83,http://www.azleg.gov/alisImages/MemberPhotos/50leg/Senate/ABOUD.gif,2011-01-21 19:37:19.560000,2013-01-15 15:54:45.927000
AZL000006,Frank Antenori,Frank,,Antenori,,,False,az,,,,6f475e18e2ef48578e8db372601a3558,http://www.azleg.gov/alisImages/MemberPhotos/49leg/House/ANTENORI.gif,2011-01-21 19:37:19.570000,2013-01-15 16:01:27.115000
AZL000027,John Nelson,John,,Nelson,,,False,az,,,,162580e4a04641ee99a7e405c923319c,http://www.azleg.gov/alisImages/MemberPhotos/50leg/Senate/NELSON.gif,2011-01-21 19:37:19.611000,2013-01-16 15:40:36.689000
AZL000157,Peggy Judd,Peggy,,Judd,,,False,az,,,,c5855fa8ac6843e38165f5b36c3b74a5,http://www.azleg.gov/alisImages/MemberPhotos/50leg/House/JUDD.gif,2011-01-21 20:09:48.179000,2013-01-15 16:23:39.468000
AZL000028,Jonathan Paton,Jonathan,,Paton,,,False,az,,,,7c3149060125475daadd78fa6b19ce95,http://www.azleg.gov/alisImages/MemberPhotos/48leg/House/PATON.gif,2011-01-21 19:37:19.613000,2011-01-21 19:37:19.836000
AZL000015,Ron Gould,Ron,,Gould,,,False,az,,,,766d601c7fdb4ef68459de35263987e8,http://www.azleg.gov/alisImages/MemberPhotos/50leg/Senate/GOULD.gif,2011-01-21 19:37:19.588000,2013-01-15 15:50:51.313000
AZL000062,Russell Jones,Russell,,Jones,,,False,az,,,,a37f1928c05948bba50929d64488ed5e,http://www.azleg.gov/alisImages/MemberPhotos/50leg/House/JONES.gif,2011-01-21 19:37:19.695000,2013-01-15 16:33:20.931000
AZL000181,Steve Urie,Steve,,Urie,,,False,az,,,,3ba54a93d1b2416e986da796e3306fde,http://www.azleg.gov/alisImages/MemberPhotos/50leg/House/URIE.gif,2011-01-21 20:09:48.246000,2013-01-15 16:21:19.124000
AZL000071,Nancy McLain,Nancy,,McLain,,,False,az,,,,0544eb2e6ad8421b950c192d141d4b8a,http://www.azleg.gov/alisImages/MemberPhotos/50leg/House/MCLAIN.gif,2011-01-21 19:37:19.712000,2013-01-15 16:15:28.958000
AZL000176,David Burnell Smith,David,Burnell,Smith,,,False,az,,,,f2c279aa13db410085bc079e21c577e1,http://www.azleg.gov/alisImages/MemberPhotos/50leg/House/SMITH_D.gif,2011-01-21 20:09:48.227000,2013-01-15 16:15:37.995000
AZL000094,Vic Williams,Vic,,Williams,,,False,az,,,,33cb9d233b924c0d89f403d3b9c021aa,http://www.azleg.gov/alisImages/MemberPhotos/50leg/House/WILLIAMS.gif,2011-01-21 19:37:19.779000,2013-01-15 16:23:52.346000
AZL000092,Jim Weiers,Jim,,Weiers,,,False,az,,,,459dc972ecf04965a924e66645a120cf,http://www.azleg.gov/alisImages/MemberPhotos/50leg/House/WEIERS_J.gif,2011-01-21 19:37:19.775000,2013-01-15 16:17:53.129000
AZL000145,John Fillmore,John,,Fillmore,,,False,az,,,,f44b9d07d0b743bcb76bf15f40ec911e,http://www.azleg.gov/alisImages/MemberPhotos/50leg/House/FILLMORE.gif,2011-01-21 20:09:48.147000,2013-01-15 16:23:42.599000
AZL000171,Terri Proud,Terri,,Proud,,,False,az,,,,2da66791ebb64dab951f440e10a01df5,http://www.azleg.gov/alisImages/MemberPhotos/50leg/House/PROUD.gif,2011-01-21 20:09:48.217000,2013-01-15 16:23:46.889000
AZL000083,Amanda Reeve,Amanda,,Reeve,,,False,az,,,,823be0e4232646838504b774ad7044b1,,2011-01-21 19:37:19.757000,2013-01-15 16:33:17.173000
AZL000038,Cecil P Ash,Cecil,P,Ash,,,False,az,,,,cbb4bcbc2cf24e89920801aa18ea8ce4,http://www.azleg.gov/alisImages/MemberPhotos/50leg/House/ASH.gif,2011-01-21 19:37:19.632000,2013-01-15 16:20:43.958000
AZL000060,Matt Heinz,Matt,,Heinz,,,False,az,,,,c1d3d26144884d7f845746ff4eb68c7a,http://www.azleg.gov/alisImages/MemberPhotos/50leg/House/HEINZ.gif,2011-01-21 19:37:19.691000,2013-01-15 16:25:13.708000
AZL000049,Tom Chabin,Tom,,Chabin,,,False,az,,,,c9875ee66a0d4088995855f6f384bf14,http://www.azleg.gov/alisImages/MemberPhotos/50leg/House/CHABIN.gif,2011-01-21 19:37:19.669000,2013-01-15 16:11:56.567000
AZL000090,Ted Vogt,Ted,,Vogt,,,False,az,,,,fabeae570894461a8f2802438cde9bb2,http://www.azleg.gov/alisImages/MemberPhotos/50leg/House/VOGT.gif,2011-01-21 19:37:19.771000,2013-01-15 16:33:23.894000
AZL000019,Jack Harper,Jack,,Harper,,,False,az,,,,ae963395d8cc49c38dc8fa7aa4d19d70,http://www.azleg.gov/alisImages/MemberPhotos/50leg/House/HARPER.gif,2011-01-21 19:37:19.595000,2013-01-15 16:15:31.556000
AZL000050,Steve Court,Steve,,Court,,,False,az,,,,1d8d9ba5140d45ca96e4f87da66f1d5c,http://www.azleg.gov/alisImages/MemberPhotos/49leg/House/COURT.gif,2011-01-21 19:37:19.671000,2013-01-15 16:20:41.587000
AZL000093,Jerry Weiers,Jerry,,Weiers,,,False,az,,,,1179532de7db4de6843b043d7a8ba511,http://www.azleg.gov/alisImages/MemberPhotos/50leg/House/WEIERS_JP.gif,2011-01-21 19:37:19.777000,2013-01-15 16:17:58.758000
AZL000103,Scott Bundgaard,Scott,,Bundgaard,,,False,az,,,,5909883e1ce44867a6aa967554f73564,http://www.azleg.gov/alisImages/MemberPhotos/50leg/Senate/BUNDGAARD.gif,2011-01-21 20:09:48.026000,2012-06-01 18:32:02.861000
AZL000079,Daniel Patterson,Daniel,,Patterson,,,False,az,,,,b2fa5408c8e8475392956cf6866967e3,http://www.azleg.gov/alisImages/MemberPhotos/50leg/House/PATTERSON.gif,2011-01-21 19:37:19.750000,2012-06-01 18:34:25.916000
AZL000031,Rebecca Rios,Rebecca,,Rios,,,False,az,,,,71e483e07ae2462680e3e4e16a42a03d,http://www.azleg.gov/alisImages/MemberPhotos/49leg/Senate/RIOS.gif,2011-01-21 19:37:19.618000,2011-01-21 19:37:19.833000
AZL000022,Barbara Leff,Barbara,,Leff,,,False,az,,,,d65af7cce546405ba76702cc12db5258,http://www.azleg.gov/alisImages/MemberPhotos/49leg/Senate/LEFF.gif,2011-01-21 19:37:19.601000,2011-01-21 19:37:19.827000
AZL000033,Thayer Verschoor,Thayer,,Verschoor,,,False,az,,,,5cb02f2cce9e4d1696d92a05dc63d69d,http://www.azleg.gov/alisImages/MemberPhotos/49leg/Senate/VERSCHOOR.gif,2011-01-21 19:37:19.622000,2011-01-21 19:37:19.832000
AZL000034,Jim Waring,Jim,,Waring,,,False,az,,,,dff09818247e49ab81c3090d580e127a,http://www.azleg.gov/alisImages/MemberPhotos/48leg/Senate/WARING.gif,2011-01-21 19:37:19.624000,2011-01-21 19:37:19.839000
AZL000278,Ethan Orr,Ethan,,Orr,,,True,az,lower,9,Republican,c6913cc8f6274250911568b97fc75a6a,,2013-01-12 00:05:07.337000,2013-03-01 01:02:34.855000
AZL000242,Sonny Borrelli,Sonny,,Borrelli,,,True,az,lower,5,Republican,3cf9f8193fe4404f94ada3aa81789f0a,,2013-01-12 00:05:07.069000,2013-03-01 01:02:34.950000
AZL000262,Lydia Hern치ndez,Lydia,,Hern치ndez,,,True,az,lower,29,Democratic,4811c9d05dd64ffbaea846723a0a7041,,2013-01-12 00:05:07.220000,2013-03-01 01:02:34.767000
AZL000243,Paul Boyer,Paul,,Boyer,,,True,az,lower,20,Republican,54e085e3717d4caeb552b3d8bd8280ad,,2013-01-12 00:05:07.076000,2013-03-01 01:02:34.782000
AZL000248,Doug Coleman,Doug,,Coleman,,,True,az,lower,16,Republican,0e8d4efba2d54ae791b41b090345c1d8,,2013-01-12 00:05:07.121000,2013-03-01 01:02:34.802000
AZL000265,Jonathan Larkin,Jonathan,,Larkin,,,True,az,lower,30,Democratic,b200f51dd116415f91fe2a398b96f98b,,2013-01-12 00:05:07.241000,2013-03-01 01:02:34.806000
AZL000271,Juan Mendez,Juan,,Mendez,,,True,az,lower,26,Democratic,0a97b09a80d34324b0949fb8a51af74b,,2013-01-12 00:05:07.286000,2013-03-01 01:02:34.900000
AZL000280,Jamescita Peshlakai,Jamescita,,Peshlakai,,,True,az,lower,7,Democratic,5499e2c1db5e481d9ea4c262f8081e83,,2013-01-12 00:05:07.354000,2013-03-01 01:02:34.888000
AZL000239,John Allen,John,,Allen,,,True,az,lower,15,Republican,ed2f54a77fd54fe1922ac0dc46417bba,,2013-01-12 00:05:07.048000,2013-03-01 01:02:34.845000
AZL000294,Kelly Townsend,Kelly,,Townsend,,,True,az,lower,16,Republican,19dfcce6fbad492cb79dcf0599dd25f1,,2013-01-12 00:05:07.481000,2013-03-01 01:02:34.908000
AZL000267,David Livingston,David,,Livingston,,,True,az,lower,22,Republican,33bbdddbff0044c8b699b82d44d94435,,2013-01-12 00:05:07.254000,2013-03-01 01:02:34.884000
AZL000246,Mark A. Cardenas,Mark A.,,Cardenas,,,True,az,lower,19,Democratic,25e101d82c834bbb9c2ce66da26d8f13,,2013-01-12 00:05:07.098000,2013-03-01 01:02:34.962000
AZL000279,Lisa Otondo,Lisa,,Otondo,,,True,az,lower,4,Democratic,1df663f8b8e147d48d3148c5133259e4,,2013-01-12 00:05:07.344000,2013-03-01 01:02:34.938000
AZL000264,Adam Kwasman,Adam,,Kwasman,,,True,az,lower,11,Republican,eac3fb3655be48078cc04a58d5796def,,2013-01-12 00:05:07.234000,2013-03-01 01:02:34.966000
AZL000126,Steve Smith,Steve,,Smith,,,True,az,lower,11,Republican,d2ed21815e1042b0b8e94c37d3ea7e89,http://www.azleg.gov/alisImages/MemberPhotos/50leg/Senate/SMITH.gif,2011-01-21 20:09:48.095000,2013-03-01 01:02:34.906000
AZL000133,Brenda Barton,Brenda,,Barton,,,True,az,lower,6,Republican,914698c50cc54991a7632e4e2fa424a9,http://www.azleg.gov/alisImages/MemberPhotos/50leg/House/BARTON.gif,2011-01-21 20:09:48.108000,2013-03-01 01:02:34.948000
AZL000134,Kate Brophy McGee,Kate,,Brophy McGee,,,True,az,lower,28,Republican,a9d6e8de636f4aad8e9455815af5e7b1,http://www.azleg.gov/alisImages/MemberPhotos/50leg/House/BROPHY_MCGEE.gif,2011-01-21 20:09:48.120000,2013-03-01 01:02:34.783000
AZL000147,Ruben Gallego,Ruben,,Gallego,,,True,az,lower,27,Democratic,e450dc6d084e45ceaa1a7f347a39a1a8,http://www.azleg.gov/alisImages/MemberPhotos/50leg/House/GALLEGO.gif,2011-01-21 20:09:48.160000,2013-03-01 01:02:34.964000
AZL000289,T.J. Shope,T.J.,,Shope,,,True,az,lower,8,Republican,,,2013-01-12 00:05:07.427000,2013-03-01 01:02:34.717000
AZL000275,Darin Mitchell,Darin,,Mitchell,,,True,az,lower,13,Republican,0acd99b72f194b218d4c67bca6472104,,2013-01-12 00:05:07.315000,2013-03-01 01:02:34.886000
AZL000250,Andrea Dalessandro,Andrea,,Dalessandro,,,True,az,lower,2,Democratic,f8eef07cceff4ef6a211515af16e6815,,2013-01-12 00:05:07.135000,2013-03-01 01:02:34.894000
AZL000252,Juan Carlos Escamilla,Juan Carlos,,Escamilla,,,True,az,lower,4,Democratic,7880939ee5bd40a48731313bf3a48e92,,2013-01-12 00:05:07.149000,2013-03-01 01:02:34.952000
AZL000281,Warren Petersen,Warren,,Petersen,,,True,az,lower,12,Republican,fcf25a77bb444b6f9e9ba84ac6335e6e,,2013-01-12 00:05:07.362000,2013-03-01 01:02:34.974000
AZL000269,Stefanie Mach,Stefanie,,Mach,,,True,az,lower,10,Democratic,b3a2bfde262545b596dd5db79c5e5762,,2013-01-12 00:05:07.271000,2013-03-01 01:02:34.657000
AZL000164,Catherine H Miranda,Catherine,H,Miranda,,,True,az,lower,27,Democratic,d097aaae593a447797a794c7d0b2ee5d,http://www.azleg.gov/alisImages/MemberPhotos/50leg/House/MIRANDA_C.gif,2011-01-21 20:09:48.204000,2013-03-01 01:02:34.687000
AZL000146,Tom Forese,Thomas,,Forese,,,True,az,lower,17,Republican,564e78fada3349f18ddd7c2a20040264,http://www.azleg.gov/alisImages/MemberPhotos/50leg/House/FORESE.gif,2011-01-21 20:09:48.159000,2013-03-01 01:02:34.765000
AZL000141,Jeff Dial,Jeff,,Dial,,,True,az,lower,18,Republican,db424c39b7964be89c99f0ca7a53517c,http://www.azleg.gov/alisImages/MemberPhotos/50leg/House/DIAL.gif,2011-01-21 20:09:48.139000,2013-03-01 01:02:34.934000
AZL000024,Debbie McCune Davis,Debbie,,McCune Davis,,,True,az,lower,30,Democratic,60023d1a068449ff92e1e7ec15ff386e,http://www.azleg.gov/alisImages/MemberPhotos/50leg/House/MCCUNE_DAVIS.gif,2011-01-21 19:37:19.605000,2013-03-01 01:02:34.823000
AZL000085,Carl Seel,Carl,,Seel,,,True,az,lower,20,Republican,fc7a2972292a41d78dd2631a85191eba,http://www.azleg.gov/alisImages/MemberPhotos/50leg/House/SEEL.gif,2011-01-21 19:37:19.761000,2013-03-01 01:02:34.904000
AZL000130,Lela Alston,Lela,,Alston,,,True,az,lower,24,Democratic,d8649d8cc19c401e8f321eb32f346a35,http://www.azleg.gov/alisImages/MemberPhotos/50leg/House/ALSTON.gif,2011-01-21 20:09:48.103000,2013-03-01 01:02:34.800000
AZL000162,Javan Mesnard,Javan,,Mesnard,,JD,True,az,lower,17,Republican,c6791bcc6b534ef8b407efbab6089fde,http://www.azleg.gov/alisImages/MemberPhotos/50leg/House/MESNARD.gif,2011-01-21 20:09:48.200000,2013-03-01 01:02:34.970000
AZL000080,Frank Pratt,Frank,,Pratt,,,True,az,lower,8,Republican,36f8d92871ab48578148103d0c8469d9,http://www.azleg.gov/alisImages/MemberPhotos/50leg/House/PRATT.gif,2011-01-21 19:37:19.751000,2013-03-01 01:02:34.711000
AZL000173,Bob Robson,Bob,,Robson,,,True,az,lower,18,Republican,dd8766652445409884e732c7320da60a,http://www.azleg.gov/alisImages/MemberPhotos/50leg/House/ROBSON.gif,2011-01-21 20:09:48.221000,2013-03-01 01:02:34.925000
AZL000137,Heather Carter,Heather,,Carter,,,True,az,lower,15,Republican,4a9ea14b7891455c8f352d2d54d4b429,http://www.azleg.gov/alisImages/MemberPhotos/50leg/House/CARTER.gif,2011-01-21 20:09:48.126000,2013-03-01 01:02:34.785000
AZL000058,Doris Goodale,Doris,,Goodale,,,True,az,lower,5,Republican,cf0c93125efb42d5a5ddfd9adbf3793e,http://www.azleg.gov/alisImages/MemberPhotos/49leg/House/GOODALE.gif,2011-01-21 19:37:19.687000,2013-03-01 01:02:34.851000
AZL000072,Eric Meyer,Eric,,Meyer,,,True,az,lower,28,Democratic,91c53872a9a54716884b8819dee86ff0,http://www.azleg.gov/alisImages/MemberPhotos/50leg/House/MEYER.gif,2011-01-21 19:37:19.715000,2013-03-01 01:02:34.791000
AZL000188,Justin Pierce,Justin,,Pierce,,,True,az,lower,25,Republican,d1ca3cbdb9f54ef8bdb1e3e211337c51,http://www.azleg.gov/alisImages/MemberPhotos/50leg/House/PIERCE.gif,2011-05-26 01:39:57.755000,2013-03-01 01:02:34.890000
AZL000144,Eddie Farnsworth,Eddie,,Farnsworth,,,True,az,lower,12,Republican,096d3e6d8ffc4a259322e961cd569f25,http://www.azleg.gov/alisImages/MemberPhotos/50leg/House/FILLMORE.gif,2011-01-21 20:09:48.145000,2013-03-01 01:02:34.913000
AZL000148,Sally Ann Gonzales,Sally Ann,,Gonzales,,,True,az,lower,3,Democratic,ffdd442e2c0c4b6d9c655b9edd25a3fc,http://www.azleg.gov/alisImages/MemberPhotos/50leg/House/GONZALES.gif,2011-01-21 20:09:48.162000,2013-03-01 01:02:34.896000
AZL000063,John Kavanagh,John,,Kavanagh,,,True,az,lower,23,Republican,21bfc200f35740939b86e4c633db5aaf,http://www.azleg.gov/alisImages/MemberPhotos/50leg/House/KAVANAGH.gif,2011-01-21 19:37:19.697000,2013-03-01 01:02:34.769000
AZL000167,Justin Olson,Justin,,Olson,,,True,az,lower,25,Republican,ff0d8c7bf1574018a1774a6a25ea1b4d,http://www.azleg.gov/alisImages/MemberPhotos/50leg/House/OLSON.gif,2011-01-21 20:09:48.210000,2013-03-01 01:02:34.972000
AZL000142,Karen Fann,Karen,,Fann,,,True,az,lower,1,Republican,44061d80c675472e8851c3af431262f8,http://www.azleg.gov/alisImages/MemberPhotos/50leg/House/FANN.gif,2011-01-21 20:09:48.141000,2013-03-01 01:02:34.954000
AZL000174,Macario Saldate IV,Macario,,Saldate,IV,,True,az,lower,3,Democratic,2d6d05e58450453596f9016df15e09c1,http://www.azleg.gov/alisImages/MemberPhotos/50leg/House/SALDATE.gif,2011-01-21 20:09:48.223000,2013-03-01 01:02:34.809000
AZL000185,Bruce Wheeler,Bruce,,Wheeler,,,True,az,lower,10,Democratic,e59a4a27d46542b39a36ee8aafef526a,http://www.azleg.gov/alisImages/MemberPhotos/50leg/House/WHEELER.gif,2011-01-21 20:09:48.253000,2013-03-01 01:02:34.976000
AZL000059,David Gowan,David,,Gowan,,,True,az,lower,14,Republican,09d1962d936b461dab461f20f9dfde3b,http://www.azleg.gov/alisImages/MemberPhotos/50leg/House/GOWAN.gif,2011-01-21 19:37:19.689000,2013-03-01 01:02:34.936000
AZL000075,Steve Montenegro,Steve,,Montenegro,,,True,az,lower,13,Republican,5bb668aec7d1479895c56285d2e5723e,http://www.azleg.gov/alisImages/MemberPhotos/49leg/House/MONTENEGRO.gif,2011-01-21 19:37:19.740000,2013-03-01 01:02:34.902000
AZL000180,Michelle Ugenti,Michelle,,Ugenti,,,True,az,lower,23,Republican,f92fbf89181849ccae37f4897982e9ea,http://www.azleg.gov/alisImages/MemberPhotos/50leg/House/UGENTI.gif,2011-01-21 20:09:48.244000,2013-03-01 01:02:34.777000
AZL000018,Albert Hale,Albert,,Hale,,,True,az,lower,7,Democratic,36c65d5a789c45c8ade5c3d0d1e84855,http://www.azleg.gov/alisImages/MemberPhotos/50leg/House/HALE.gif,2011-01-21 19:37:19.593000,2013-03-01 01:02:34.919000
AZL000087,David W Stevens,David,W,Stevens,,,True,az,lower,14,Republican,6ba6512142c94d37b075938c18958034,http://www.azleg.gov/alisImages/MemberPhotos/50leg/House/STEVENS.gif,2011-01-21 19:37:19.765000,2013-03-01 01:02:34.942000
AZL000047,Chad Campbell,Chad,,Campbell,,,True,az,lower,24,Democratic,c9875ee66a0d4088995855f6f384bf14,http://www.azleg.gov/alisImages/MemberPhotos/50leg/House/CAMPBELL.gif,2011-01-21 19:37:19.664000,2013-03-01 01:02:34.631000
AZL000088,Andrew M Tobin,Andrew,M,Tobin,,,True,az,lower,1,Republican,1e54beaa4fb74821a052557ebf01af72,http://www.azleg.gov/alisImages/MemberPhotos/50leg/House/TOBIN.gif,2011-01-21 19:37:19.767000,2013-03-01 01:02:34.927000
AZL000151,Rick Gray,Rick,,Gray,,,True,az,lower,21,Republican,2a5baae429924b58bc49016db6c86651,http://www.azleg.gov/alisImages/MemberPhotos/50leg/House/GRAY_R.gif,2011-01-21 20:09:48.168000,2013-03-01 01:02:34.956000
AZL000065,Debbie Lesko,Debbie,,Lesko,,,True,az,lower,21,Republican,71801cb3018f4c83a29b6f85be02ac1d,http://www.azleg.gov/alisImages/MemberPhotos/50leg/House/LESKO.gif,2011-01-21 19:37:19.701000,2013-03-01 01:02:34.968000
AZL000255,Rosanna Gabald칩n,Rosanna,,Gabald칩n,,,True,az,lower,2,Democratic,,,2013-01-12 00:05:07.172000,2013-03-01 01:02:34.748000
AZL000291,Victoria Steele,Victoria,,Steele,,,True,az,lower,9,Democratic,a4ff45f76dc543ec9b663f7623937a8f,,2013-01-12 00:05:07.447000,2013-03-01 01:02:34.958000
AZL000288,Andrew Sherwood,Andrew,,Sherwood,,,True,az,lower,26,Democratic,ea267eb82abd4a508410bf00745d8d7b,,2013-01-12 00:05:07.420000,2013-03-01 01:02:34.940000
AZL000293,Bob Thorpe,Bob,,Thorpe,,,True,az,lower,6,Republican,211b6e9d313f4f299ede6dfa97550b71,,2013-01-12 00:05:07.462000,2013-03-01 01:02:34.944000
AZL000194,Martin  J. Quezada,Martin ,J.,Quezada,,,True,az,lower,29,Democratic,4c7cf043e4f1433b9936c5ecee539d3a,http://www.azleg.gov/alisImages/MemberPhotos/50leg/House/QUEZADA.gif,2012-03-06 02:45:09.783000,2013-03-01 01:02:34.923000
AZL000249,Lupe Chavira Contreras,Lupe Chavira,,Contreras,,,True,az,lower,19,Democratic,592a7690164f46e088372bf2bb43546c,,2013-01-12 00:05:07.129000,2013-03-01 01:02:34.847000
AZL000193,Phil Lovas,Phil,,Lovas,,,True,az,lower,22,Republican,a79a230a65744fccae08345f3f2ef3f8,,2012-02-23 02:49:58.485000,2013-03-01 01:02:34.822000
AZL000041,Andy Biggs,Andy,,Biggs,,,True,az,upper,12,Republican,ab865b11fe4a4fb79c5a81ca8f149156,http://www.azleg.gov/alisImages/MemberPhotos/50leg/Senate/BIGGS.gif,2011-01-21 19:37:19.653000,2013-03-01 01:02:34.546000
AZL000046,Olivia Cajero Bedford,Olivia,,Cajero Bedford,,,True,az,upper,3,Democratic,caa9355b9b8c4cdd86f0539e6af731e8,http://www.azleg.gov/alisImages/MemberPhotos/50leg/Senate/CAJERO_BEDFORD.gif,2011-01-21 19:37:19.663000,2013-03-01 01:02:34.548000
AZL000051,Rich Crandall,Rich,,Crandall,,,True,az,upper,16,Republican,06d711005de84e12942a05ed88ec9d43,http://www.azleg.gov/alisImages/MemberPhotos/50leg/Senate/CRANDALL.gif,2011-01-21 19:37:19.673000,2013-03-01 01:02:34.596000
AZL000054,Adam Driggs,Adam,,Driggs,,,True,az,upper,28,Republican,18cebe3cc2e04488a6fe13ea4ee43c71,http://www.azleg.gov/alisImages/MemberPhotos/50leg/Senate/DRIGGS.gif,2011-01-21 19:37:19.679000,2013-03-01 01:02:34.564000
AZL000023,Linda Lopez,Linda,,Lopez,,,True,az,upper,2,Democratic,530159b27a7249b29e9ae02fcfe6988d,http://www.azleg.gov/alisImages/MemberPhotos/50leg/Senate/LOPEZ.gif,2011-01-21 19:37:19.603000,2013-03-01 01:02:34.556000
AZL000069,John McComish,John,,McComish,,,True,az,upper,18,Republican,5e29757801c849abac6609aec91f52a2,http://www.azleg.gov/alisImages/MemberPhotos/50leg/Senate/MCCOMISH.gif,2011-01-21 19:37:19.708000,2013-03-01 01:02:34.558000
AZL000073,Robert Meza,Robert,,Meza,,,True,az,upper,30,Democratic,74b8870bc9a94f2891f3b77ec30eb4cd,http://www.azleg.gov/alisImages/MemberPhotos/49leg/House/MEZA.gif,2011-01-21 19:37:19.716000,2013-03-01 01:02:34.443000
AZL000030,Steve Pierce,Steve,,Pierce,,,True,az,upper,1,Republican,d6c6cffa3ba94601870591ab21be0026,http://www.azleg.gov/alisImages/MemberPhotos/50leg/Senate/PIERCE_S.gif,2011-01-21 19:37:19.616000,2013-03-01 01:02:34.602000
AZL000082,Michele Reagan,Michele,,Reagan,,,True,az,upper,23,Republican,dffdaee3c88b4f59b9bc78eda9de873f,http://www.azleg.gov/alisImages/MemberPhotos/50leg/Senate/REAGAN.gif,2011-01-21 19:37:19.755000,2013-03-01 01:02:34.445000
AZL000095,Steven Yarbrough,Steven,,Yarbrough,,,True,az,upper,17,Republican,45601eafeb5340189a6e0136dd6680fd,http://www.azleg.gov/alisImages/MemberPhotos/50leg/Senate/YARBROUGH.gif,2011-01-21 19:37:19.781000,2013-03-01 01:02:34.587000
AZL000140,Chester Crandell,Chester,,Crandell,,,True,az,upper,6,Republican,b4f6b1006b104c19804203ca3eda6f6e,http://www.azleg.gov/alisImages/MemberPhotos/50leg/House/CRANDELL.gif,2011-01-21 20:09:48.131000,2013-03-01 01:02:34.532000
AZL000124,Don Shooter,Don,,Shooter,,,True,az,upper,13,Republican,fe8270c6dc2c48ca8e2fafdbaaf8d7f8,http://www.azleg.gov/alisImages/MemberPhotos/50leg/Senate/SHOOTER.gif,2011-01-21 20:09:48.092000,2013-03-01 01:02:34.542000
AZL000107,Steve Gallardo,Steve,,Gallardo,,,True,az,upper,29,Democratic,ef91e2033f4c4b73800bafb94d4986af,http://www.azleg.gov/alisImages/MemberPhotos/50leg/Senate/GALLARDO.gif,2011-01-21 20:09:48.060000,2013-03-01 01:02:34.494000
AZL000040,Nancy K Barto,Nancy,K,Barto,,,True,az,upper,15,Republican,4c0f6feedca249a98e555fd39d4488c9,http://www.azleg.gov/alisImages/MemberPhotos/50leg/Senate/BARTO.gif,2011-01-21 19:37:19.636000,2013-03-01 01:02:34.488000
AZL000111,Jack Jackson Jr.,Jack,,Jackson,Jr.,,True,az,upper,7,Democratic,4ed36d94975b4766b3faf311caa19df1,http://www.azleg.gov/alisImages/MemberPhotos/50leg/Senate/JACKSON.gif,2011-01-21 20:09:48.067000,2013-03-01 01:02:34.583000
AZL000070,Barbara McGuire,Barbara,,McGuire,,,True,az,upper,8,Democratic,22879f038d2f429ba6ea7a6f7f4e61a1,http://www.azleg.gov/alisImages/MemberPhotos/48leg/House/NICHOLS.gif,2011-01-21 19:37:19.710000,2013-03-01 01:02:34.600000
AZL000021,Leah Landrum Taylor,Leah,,Landrum Taylor,,,True,az,upper,27,Democratic,27863e5f3f844cea8b2e166c0cd0ef03,http://www.azleg.gov/alisImages/MemberPhotos/50leg/Senate/LANDRUM_TAYLOR.gif,2011-01-21 19:37:19.599000,2013-03-01 01:02:34.554000
AZL000076,Rick Murphy,Rick,,Murphy,,,True,az,upper,21,Republican,5273e33c4f10482bb872ee16bd8a6a04,http://www.azleg.gov/alisImages/MemberPhotos/50leg/Senate/MURPHY.gif,2011-01-21 19:37:19.744000,2013-03-01 01:02:34.496000
AZL000025,Al Melvin,Al,,Melvin,,,True,az,upper,11,Republican,79d538dfa4de48a5aaf2df39b5ceb331,http://www.azleg.gov/alisImages/MemberPhotos/50leg/Senate/MELVIN.gif,2011-01-21 19:37:19.607000,2013-03-01 01:02:34.585000
AZL000110,Gail Griffin,Gail,,Griffin,,,True,az,upper,14,Republican,b563dcff8ac34fcaa521f19820afd197,http://www.azleg.gov/alisImages/MemberPhotos/50leg/Senate/GRIFFIN.gif,2011-01-21 20:09:48.065000,2013-03-01 01:02:34.552000
AZL000078,Lynne Pancrazi,Lynne,,Pancrazi,,,True,az,upper,4,Democratic,899638e52f9e4558ae757467ad11577d,http://www.azleg.gov/alisImages/MemberPhotos/50leg/House/PANCRAZI.gif,2011-01-21 19:37:19.747000,2013-03-01 01:02:34.540000
AZL000089,Anna Tovar,Anna,,Tovar,,,True,az,upper,19,Democratic,41cf32e23e6849909ecfb913c3685ca8,http://www.azleg.gov/alisImages/MemberPhotos/50leg/House/TOVAR.gif,2011-01-21 19:37:19.769000,2013-03-01 01:02:34.500000
AZL000096,Kimberly Yee,Kimberly,,Yee,,,True,az,upper,20,Republican,7dfbd3c2cdd246f791c8c75895ba14a3,http://www.azleg.gov/alisImages/MemberPhotos/50leg/House/YEE.gif,2011-01-21 19:37:19.783000,2013-03-01 01:02:34.509000
AZL000035,Edward Ableser,Edward,,Ableser,,,True,az,upper,26,Democratic,3da9f98c524e4fde979223a53c5ab90d,http://www.azleg.gov/alisImages/MemberPhotos/50leg/House/ABLESER.gif,2011-01-21 19:37:19.626000,2013-03-01 01:02:34.592000
AZL000155,Katie Hobbs,Katie,,Hobbs,,,True,az,upper,24,Democratic,9904e6b949e2408986450f4b918b4c0c,http://www.azleg.gov/alisImages/MemberPhotos/50leg/House/HOBBS.gif,2011-01-21 20:09:48.175000,2013-03-01 01:02:34.478000
AZL000055,Steve Farley,Steve,,Farley,,,True,az,upper,9,Democratic,d66d6ae783054de29adaf0d4552d5e53,http://www.azleg.gov/alisImages/MemberPhotos/50leg/House/FARLEY.gif,2011-01-21 19:37:19.681000,2013-03-01 01:02:34.598000
AZL000236,Bob Worsley,Bob,,Worsley,,,True,az,upper,25,Republican,5a3c5760096d4284a8e7f662ff11d4f5,http://www.azleg.gov/alisImages/MemberPhotos/51leg/Senate/WORSLEY.gif,2013-01-12 00:05:06.968000,2013-03-01 01:02:34.604000
AZL000235,Kelli Ward,Kelli,,Ward,,,True,az,upper,5,Republican,f2ca9d4ce7ca4155a965cf87db6276b5,http://www.azleg.gov/alisImages/MemberPhotos/51leg/Senate/WARD.gif,2013-01-12 00:05:06.961000,2013-03-01 01:02:34.482000
AZL000043,David Bradley,David,,Bradley,,,True,az,upper,10,Democratic,97c2b308ff4a4ecf8ec80532ed32d09e,http://www.azleg.gov/alisImages/MemberPhotos/49leg/House/BRADLEY.gif,2011-01-21 19:37:19.657000,2013-03-01 01:02:34.490000
AZL000045,Judy Burges,Judy,M,Burges,,,True,az,upper,22,Republican,97b343ad133a454a81155f00f6c69423,http://www.azleg.gov/alisImages/MemberPhotos/49leg/House/BURGES.gif,2011-01-21 19:37:19.660000,2013-03-01 01:02:34.594000
