MSL000032,Bennie L Turner,Bennie,L,Turner,,,False,ms,,,,61204ffc456d422ea1a7f6f0f94cb186,http://billstatus.ls.state.ms.us/members/senate/turner.jpg,2010-12-10 00:05:11.585000,2013-01-24 15:58:40.660000
MSL000060,Kevin McGee,Kevin,,McGee,,,False,ms,,,,651ae67ad54b40ac88fe341295420531,http://billstatus.ls.state.ms.us/members/house/mcgee.jpg,2010-12-10 00:05:11.665000,2013-01-14 16:16:28
MSL000144,Wilbert L Jones,Wilbert,L,Jones,,,False,ms,,,,,http://billstatus.ls.state.ms.us/members/house/jones_(82nd).jpg,2010-12-10 00:05:11.854000,2012-01-05 00:05:51.469000
MSL000012,Alan Nunnelee,Alan,,Nunnelee,,,False,ms,,,,279a1470b34849edba13fc7f4a359558,,2010-12-10 00:05:11.551000,2012-01-05 00:05:51.849000
MSL000016,Eric Powell,Eric,,Powell,,,False,ms,,,,a14c0c5c366345118a386b95855e542d,http://billstatus.ls.state.ms.us/members/senate/powell.jpg,2010-12-10 00:05:11.558000,2012-01-05 00:05:51.844000
MSL000030,Jack Gordon,Jack,,Gordon,,,False,ms,,,,fd08a2f8401d4963a8fca7fe0b37ccf2,http://billstatus.ls.state.ms.us/members/senate/gordon.jpg,2010-12-10 00:05:11.581000,2012-01-05 00:05:51.853000
MSL000035,Johnnie E Walls Jr.,Johnnie,E,Walls,Jr.,,False,ms,,,,9ba3b09be46944bcb8aedcbc5aa08ff8,,2010-12-10 00:05:11.590000,2012-01-05 00:05:51.847000
MSL000052,Noal Akins,Noal,,Akins,,,False,ms,,,,9284cc5ac7f74ebbb2ed248c9f65a4a4,http://billstatus.ls.state.ms.us/members/house/akins.jpg,2010-12-10 00:05:11.652000,2012-01-05 00:05:51.471000
MSL000062,Tracy Arinder,Tracy,,Arinder,,,False,ms,,,,6b7d806c335b4cf093da75f02ec9f187,http://billstatus.ls.state.ms.us/members/house/arinder.jpg,2010-12-10 00:05:11.669000,2012-01-05 00:05:51.458000
MSL000072,Larry Baker,Larry,,Baker,,,False,ms,,,,5c8a45aff12c43fbb564949199116414,http://billstatus.ls.state.ms.us/members/house/baker_(8th).jpg,2010-12-10 00:05:11.700000,2012-01-05 00:05:51.281000
MSL000079,Frank Hamilton,Frank,,Hamilton,,,False,ms,,,,e85d23bfcb2e4ae1af4dc11e85a2b988,http://billstatus.ls.state.ms.us/members/house/hamilton_(109th).jpg,2010-12-10 00:05:11.712000,2012-01-05 00:05:51.751000
MSL000096,Mary Ann Stevens,Mary Ann,,Stevens,,,False,ms,,,,486e1e142cf149e2b6a2b021206ac6c0,http://billstatus.ls.state.ms.us/members/house/stevens.jpg,2010-12-10 00:05:11.751000,2012-01-05 00:05:51.756000
MSL000105,Billy Nicholson,Billy,,Nicholson,,,False,ms,,,,17f823b6fc274e2c9e20e90a40fbdff1,http://billstatus.ls.state.ms.us/members/house/nicholson.jpg,2010-12-10 00:05:11.765000,2012-01-05 00:05:51.812000
MSL000110,David Norquist,David,,Norquist,,,False,ms,,,,2ab48eaf281e4acca4b5bafd98964e20,http://billstatus.ls.state.ms.us/members/house/norquist.jpg,2010-12-10 00:05:11.774000,2012-01-05 00:05:51.796000
MSL000112,Sidney Bondurant,Sidney,,Bondurant,,,False,ms,,,,de55c6fb265d45ac907ab7be82c261f4,http://billstatus.ls.state.ms.us/members/house/bondurant.jpg,2010-12-10 00:05:11.777000,2012-01-05 00:05:51.759000
MSL000113,Jim Ellington,Jim,,Ellington,,,False,ms,,,,1fe8e35fc89548548548094873edf2b9,http://billstatus.ls.state.ms.us/members/house/ellington.jpg,2010-12-10 00:05:11.778000,2012-01-05 00:05:51.800000
MSL000115,Russ Nowell,Russ,,Nowell,,,False,ms,,,,8e14bd1e86c44359ae0c60d6b52371b2,http://billstatus.ls.state.ms.us/members/house/nowell.jpg,2010-12-10 00:05:11.792000,2012-01-05 00:05:51.764000
MSL000120,Steven Palazzo,Steven,,Palazzo,,,False,ms,,,,09d3ee98f85a4ab3b867cc3556c386c7,,2010-12-10 00:05:11.800000,2012-01-05 00:05:51.465000
MSL000124,Roger Ishee,Roger,,Ishee,,,False,ms,,,,420a20e3a54940f6ac51f1fb407633dc,http://billstatus.ls.state.ms.us/members/house/ishee.jpg,2010-12-10 00:05:11.807000,2012-01-05 00:05:51.791000
MSL000125,Deryk R Parker,Deryk,R,Parker,,,False,ms,,,,af956945148640069757929569b3ddcd,http://billstatus.ls.state.ms.us/members/house/parker.jpg,2010-12-10 00:05:11.808000,2012-01-05 00:05:51.748000
MSL000131,J. Shaun Walley,J. Shaun,,Walley,,,False,ms,,,,53eb5f0939c1491496d4969c8e7646d4,http://billstatus.ls.state.ms.us/members/house/walley.jpg,2010-12-10 00:05:11.818000,2012-01-05 00:05:51.785000
MSL000138,Harvey Fillingane,Harvey,,Fillingane,,,False,ms,,,,1858e05040ec4ed3b30105ff6004883e,http://billstatus.ls.state.ms.us/members/house/fillingane.jpg,2010-12-10 00:05:11.842000,2012-01-05 00:05:50.914000
MSL000150,Jimmy Puckett,Jimmy,,Puckett,,,False,ms,,,,3fd6d73ded3a471c8eaa2b42d62edb85,http://billstatus.ls.state.ms.us/members/house/puckett.jpg,2010-12-10 00:05:11.875000,2012-01-05 00:05:51.754000
MSL000157,Tad Campbell,Tad,,Campbell,,,False,ms,,,,41fcb35c4a47422b93a150c462967a4e,,2010-12-10 00:05:11.886000,2012-01-05 00:05:51.789000
MSL000160,Dannie Reed,Dannie,,Reed,,,False,ms,,,,c853e96008194a5aac55ecd4ef97581b,http://billstatus.ls.state.ms.us/members/house/reed.jpg,2010-12-10 00:05:11.891000,2012-01-05 00:05:51.794000
MSL000161,Tommy L Woods,Tommy,L,Woods,,,False,ms,,,,b4a2b50f8bf548ee81d8f6206a0c78cc,http://billstatus.ls.state.ms.us/members/house/woods.jpg,2010-12-10 00:05:11.893000,2013-01-09 15:22:12.401000
MSL000163,Jack Gadd,Jack,,Gadd,,,False,ms,,,,8ec84c2a1b1b495c8a62e54836a656dd,http://billstatus.ls.state.ms.us/members/house/gadd.jpg,2010-12-10 00:05:11.896000,2012-01-05 00:05:51.463000
MSL000164,W. T. Mayhall Jr.,W. T.,,Mayhall,Jr.,Ted,False,ms,,,,8ca6111ce31342da9993a5bddb3455ed,http://billstatus.ls.state.ms.us/members/house/mayhall.jpg,2010-12-10 00:05:11.898000,2012-01-05 00:05:50.663000
MSL000172,William J McCoy,William,J,McCoy,,,False,ms,,,,e0ca34acf2734ce08488adde8b71f4c3,,2010-12-10 00:05:11.929000,2012-01-05 00:05:51.460000
MSL000001,Sidney Albritton,Sidney,,Albritton,,,False,ms,,,,998f34266f1d4cb6a962b6da7a9ce821,http://billstatus.ls.state.ms.us/members/senate/albritton.jpg,2010-12-10 00:05:11.485000,2012-01-05 00:05:51.837000
MSL000003,Cindy Hyde-Smith,Cindy,,Hyde-Smith,,,False,ms,,,,2f2c5d07be7142b4b31d0945907dd104,http://billstatus.ls.state.ms.us/members/senate/hyde-smith.jpg,2010-12-10 00:05:11.516000,2012-01-05 00:05:51.840000
MSL000004,T. O. Moffatt,T. O.,,Moffatt,,,False,ms,,,,2c21d1e9610d49d39036d4ee0bcab9c7,http://billstatus.ls.state.ms.us/members/senate/moffatt.jpg,2010-12-10 00:05:11.518000,2012-01-05 00:05:51.824000
MSL000006,Bob M Dearing,Bob,M,Dearing,,,False,ms,,,,3296ac24b6764ef28c7dc62bec202387,http://billstatus.ls.state.ms.us/members/senate/dearing.jpg,2010-12-10 00:05:11.541000,2012-01-05 00:05:51.815000
MSL000010,Tommy Dickerson,Tommy,,Dickerson,,,False,ms,,,,73be8edd0838448bb4251c7065e9014f,http://billstatus.ls.state.ms.us/members/senate/dickerson.jpg,2010-12-10 00:05:11.548000,2012-01-05 00:05:51.817000
MSL000018,Merle Flowers,Merle,,Flowers,,,False,ms,,,,dc2d2afe8056425e80a41a11f573076d,http://billstatus.ls.state.ms.us/members/senate/flowers.jpg,2010-12-10 00:05:11.561000,2013-01-08 15:19:34.535000
MSL000027,Tom King,Tom,,King,,,False,ms,,,,ba60c7ec27384f689a76efd252512b0c,http://billstatus.ls.state.ms.us/members/senate/king.jpg,2010-12-10 00:05:11.576000,2012-01-05 00:05:51.835000
MSL000034,Ezell Lee,Ezell,,Lee,,,False,ms,,,,59a9c7966b8a41738c9e937830be7828,http://billstatus.ls.state.ms.us/members/senate/lee_(47th).jpg,2010-12-10 00:05:11.588000,2012-01-05 00:05:51.842000
MSL000037,Billy Hewes,Billy,,Hewes,,,False,ms,,,,4137e7d702db4048aea9e3b6f1736465,http://billstatus.ls.state.ms.us/members/senate/hewes.jpg,2010-12-10 00:05:11.593000,2012-01-05 00:05:51.826000
MSL000048,Doug E Davis,Doug,E,Davis,,,False,ms,,,,ba5f930d56a94940a6954af8b678a006,http://billstatus.ls.state.ms.us/members/senate/davis.jpg,2010-12-10 00:05:11.645000,2012-01-05 00:05:51.831000
MSL000050,Walter Michel,Walter,,Michel,,,False,ms,,,,76c0271a5f204cd19a31fb238e399fb3,http://billstatus.ls.state.ms.us/members/senate/michel.jpg,2010-12-10 00:05:11.649000,2012-01-05 00:05:51.822000
MSL000051,Lee Yancey,Lee,,Yancey,,,False,ms,,,,d3ecbcb8e2bd47079061218f303865e4,http://billstatus.ls.state.ms.us/members/senate/yancey.jpg,2010-12-10 00:05:11.650000,2012-01-05 00:05:51.819000
MSL000055,Warner F McBride,Warner,F,McBride,,,False,ms,,,,b559698f0e4642b183b37365998710dc,http://billstatus.ls.state.ms.us/members/house/mcbride.jpg,2010-12-10 00:05:11.657000,2012-01-05 00:05:51.810000
MSL000083,Dirk D Dedeaux,Dirk,D,Dedeaux,,,False,ms,,,,7fde1bd7945a4408b776a9b8de56109b,http://billstatus.ls.state.ms.us/members/house/dedeaux.jpg,2010-12-10 00:05:11.719000,2012-01-05 00:05:51.658000
MSL000095,Harvey Moss,Harvey,,Moss,,,False,ms,,,,a6a6e80456244c3da5be5d9b9c52d599,http://billstatus.ls.state.ms.us/members/house/moss.jpg,2010-12-10 00:05:11.739000,2012-01-05 00:05:51.805000
MSL000103,Mark DuVall,Mark,,DuVall,,,False,ms,,,,47908c3c1a1945cdbd2ce0297c3ca92e,http://billstatus.ls.state.ms.us/members/house/duvall.jpg,2010-12-10 00:05:11.762000,2012-01-05 00:05:51.808000
MSL000135,Diane C Peranich,Diane,C,Peranich,,,False,ms,,,,aaa29c1658944f9990446830913b92dc,http://billstatus.ls.state.ms.us/members/house/peranich.jpg,2010-12-10 00:05:11.837000,2012-01-05 00:05:51.766000
MSL000136,Greg Ward,Greg,,Ward,,,False,ms,,,,81cf1f660fac4c92baaae302b9290519,http://billstatus.ls.state.ms.us/members/house/ward.jpg,2010-12-10 00:05:11.839000,2012-01-05 00:05:51.787000
MSL000139,Brandon Jones,Brandon,,Jones,,,False,ms,,,,6868daca0b464b6a9398d8b10e787798,http://billstatus.ls.state.ms.us/members/house/jones_(111th).jpg,2010-12-10 00:05:11.843000,2012-01-05 00:05:51.768000
MSL000153,Frances Fredericks,Frances,,Fredericks,,,False,ms,,,,1d7c51da6f064251ac4e3ae44c14441b,http://billstatus.ls.state.ms.us/members/house/fredericks.jpg,2010-12-10 00:05:11.880000,2012-01-05 00:05:51.803000
MSL000168,Joe C. Gardner,Joe C.,,Gardner,,,False,ms,,,,a820aeaf25924c44bef15ebe66cd6b05,http://billstatus.ls.state.ms.us/members/house/gardner.jpg,2010-12-10 00:05:11.922000,2013-02-21 15:32:41.973000
MSL000169,John Mayo,John,,Mayo,,,False,ms,,,,45876647f76b426e9c51973487963f58,http://billstatus.ls.state.ms.us/members/house/mayo.jpg,2010-12-10 00:05:11.924000,2012-01-05 00:05:51.761000
MSL000170,Walter L Robinson Jr.,Walter,L,Robinson,Jr.,,False,ms,,,,95c01c34f3894b3bb6be882239ce2e8e,http://billstatus.ls.state.ms.us/members/house/robinson.jpg,2010-12-10 00:05:11.925000,2012-01-05 00:05:51.467000
MSL000173,Joseph Patrick Compretta,Joseph,Patrick,Compretta,,J.P.,False,ms,,,,3645959ca06e40ae8dffe328be50242d,,2010-12-10 00:05:11.930000,2012-01-05 00:05:51.798000
MSL000054,David Gibbs,David,,Gibbs,,,True,ms,lower,36,Republican,904751fcf70646d282e2aac4bbdf5c68,http://billstatus.ls.state.ms.us/members/house/gibbs.jpg,2010-12-10 00:05:11.655000,2013-03-01 01:34:40.384000
MSL000097,Donnie Bell,Donnie,,Bell,,,True,ms,lower,21,Republican,397da5b7bea74fa28260553face8a205,http://billstatus.ls.state.ms.us/members/house/bell.jpg,2010-12-10 00:05:11.753000,2013-03-01 01:40:54.934000
MSL000123,Chuck Espy,Chuck,,Espy,,,True,ms,lower,26,Democratic,724a530507274435bb4cac11a522c30c,http://billstatus.ls.state.ms.us/members/house/espy.jpg,2010-12-10 00:05:11.805000,2013-03-01 01:40:53.716000
MSL000194,Gene Alday,Gene,,Alday,,,True,ms,lower,25,Republican,,http://billstatus.ls.state.ms.us/members/house/alday.jpg,2012-01-05 00:05:48.956000,2013-03-01 01:40:54.926000
MSL000221,"John Thomas ""Trey"" Lamar, III","John Thomas ""Trey""",,Lamar,III,,True,ms,lower,8,Republican,,http://billstatus.ls.state.ms.us/members/house/lamar.jpg,2012-01-05 00:05:49.994000,2013-03-01 01:40:54.880000
MSL000057,Brian Aldridge,Brian,,Aldridge,,,True,ms,lower,17,Republican,0f35ef297c424dec831994b3443a7b6b,http://billstatus.ls.state.ms.us/members/house/aldridge.jpg,2010-12-10 00:05:11.660000,2013-03-01 01:40:54.784000
MSL000223,Charles Busby,Charles,,Busby,,,True,ms,lower,111,Republican,0992ceed763e4e1494935863b002e3cd,http://billstatus.ls.state.ms.us/members/house/busby.jpg,2012-01-05 00:05:50.077000,2013-03-01 01:40:54.861000
MSL000230,Brent Powell,Brent,,Powell,,,True,ms,lower,59,Republican,,http://billstatus.ls.state.ms.us/members/house/powell.jpg,2013-01-12 00:13:44.752000,2013-03-01 01:40:54.301000
MSL000218,Chris Brown,Chris,,Brown,,,True,ms,lower,20,Republican,b95171474f494e048e16cdbdf135c158,http://billstatus.ls.state.ms.us/members/house/brown_(20th).jpg,2012-01-05 00:05:49.871000,2013-03-01 01:40:54.793000
MSL000229,Bill Kinkade,Bill,,Kinkade,,,True,ms,lower,52,Republican,,http://billstatus.ls.state.ms.us/members/house/kinkade.jpg,2013-01-09 00:04:18.303000,2013-03-01 01:40:54.949000
MSL000201,Doug McLeod,Doug,,McLeod,,,True,ms,lower,107,Republican,e07021b3009d45a3a818ee228e338321,http://billstatus.ls.state.ms.us/members/house/mcleod.jpg,2012-01-05 00:05:49.194000,2013-03-01 01:40:54.751000
MSL000214,Pat Nelson,Pat,,Nelson,,,True,ms,lower,40,Republican,a067d8d4faa141a3848085a6bbea7890,http://billstatus.ls.state.ms.us/members/house/nelson.jpg,2012-01-05 00:05:49.703000,2013-03-01 01:40:54.753000
MSL000222,Michael T. Evans,Michael T.,,Evans,,,True,ms,lower,43,Democratic,024bed54a5a5433bb6d1ecacf0e5d522,http://billstatus.ls.state.ms.us/members/house/evans_(43rd).jpg,2012-01-05 00:05:50.033000,2013-03-01 01:40:54.874000
MSL000225,"Charles Young, Jr.",Charles,,Young,Jr.,,True,ms,lower,82,Democratic,,http://billstatus.ls.state.ms.us/members/house/young.jpg,2012-01-05 00:05:50.119000,2013-03-01 01:40:54.974000
MSL000132,Kelvin Buck,Kelvin,,Buck,,,True,ms,lower,5,Democratic,f175fc4882934f2caf587650f5d66534,http://billstatus.ls.state.ms.us/members/house/buck_(5th).jpg,2010-12-10 00:05:11.820000,2013-03-01 01:40:54.726000
MSL000117,C. Scott Bounds,C. Scott,,Bounds,,,True,ms,lower,44,Republican,82fc68d3e3bc4e2f803c652bf42c3e29,http://billstatus.ls.state.ms.us/members/house/bounds.jpg,2010-12-10 00:05:11.795000,2013-03-01 01:40:54.856000
MSL000220,Sonya Williams-Barnes,Sonya,,Williams-Barnes,,,True,ms,lower,119,Democratic,fd4811c9640141d7a0d38f0abf2e0e99,http://billstatus.ls.state.ms.us/members/house/williams-barnes.jpg,2012-01-05 00:05:49.964000,2013-03-01 01:40:54.642000
MSL000209,Dennis DeBar,Dennis,,DeBar,,,True,ms,lower,105,Republican,97b5e538ab7a4cfab2a50c1f8b3e14b3,http://billstatus.ls.state.ms.us/members/house/debar.jpg,2012-01-05 00:05:49.479000,2013-03-01 01:40:54.800000
MSL000005,David Baria,David,,Baria,,,True,ms,lower,122,Democratic,4b988853e88744ddb6824a966a783152,http://billstatus.ls.state.ms.us/members/senate/baria.jpg,2010-12-10 00:05:11.519000,2013-03-01 01:40:54.238000
MSL000046,Nolan Mettetal,Nolan,,Mettetal,,,True,ms,lower,10,Republican,34da89ae7b8b45babe627d7e5d37bbbc,http://billstatus.ls.state.ms.us/members/house/mettetal.jpg,2010-12-10 00:05:11.640000,2013-03-01 01:40:54.905000
MSL000053,Bryant W Clark,Bryant,W,Clark,,,True,ms,lower,47,Democratic,dccd16ccdf2045aebe5fd53af55927de,http://billstatus.ls.state.ms.us/members/house/clark.jpg,2010-12-10 00:05:11.654000,2013-03-01 01:40:54.867000
MSL000056,Margaret Rogers,Margaret,,Rogers,,,True,ms,lower,14,Republican,fda636e75a174341b51d93b9e6056845,http://billstatus.ls.state.ms.us/members/house/rogers_(14th).jpg,2010-12-10 00:05:11.659000,2013-03-01 01:40:54.964000
MSL000058,Alyce G Clarke,Alyce,G,Clarke,,,True,ms,lower,69,Democratic,268f4b9200da4c1d9cab5a6e3d0de536,http://billstatus.ls.state.ms.us/members/house/clarke.jpg,2010-12-10 00:05:11.662000,2013-03-01 01:40:54.938000
MSL000059,Andy Gipson,Andy,,Gipson,,,True,ms,lower,77,Republican,5893cf9d9710476ea836cce14ca98351,http://billstatus.ls.state.ms.us/members/house/gipson.jpg,2010-12-10 00:05:11.664000,2013-03-01 01:40:54.809000
MSL000061,Ray Rogers,Ray,,Rogers,,,True,ms,lower,61,Republican,04bd9d29f26c4180a6921c43261682b5,http://billstatus.ls.state.ms.us/members/house/rogers_(61st).jpg,2010-12-10 00:05:11.667000,2013-03-01 01:40:54.779000
MSL000063,Angela Cockerham,Angela,,Cockerham,,,True,ms,lower,96,Democratic,6a689e3aeab24dc1bab2296d159d47cc,http://billstatus.ls.state.ms.us/members/house/cockerham.jpg,2010-12-10 00:05:11.671000,2013-03-01 01:40:54.869000
MSL000065,America Middleton,America,,Middleton,,Chuck,True,ms,lower,85,Democratic,58f08a1f97ae43bfbb66554f2fe8477f,http://billstatus.ls.state.ms.us/members/house/middleton.jpg,2010-12-10 00:05:11.674000,2013-03-01 01:40:54.907000
MSL000066,Omeria Scott,Omeria,,Scott,,,True,ms,lower,80,Democratic,9df3d4dd42974a2aa9023394ed627d16,http://billstatus.ls.state.ms.us/members/house/scott.jpg,2010-12-10 00:05:11.676000,2013-03-01 01:40:54.837000
MSL000067,Willie Bailey,Willie,,Bailey,,,True,ms,lower,49,Democratic,62498c839e81483b9a78b8e4fe937a4f,http://billstatus.ls.state.ms.us/members/house/bailey.jpg,2010-12-10 00:05:11.677000,2013-03-01 01:40:54.657000
MSL000068,Linda F Coleman,Linda,F,Coleman,,,True,ms,lower,29,Democratic,b8913d69233d4f7ab90fc297d06d4db0,http://billstatus.ls.state.ms.us/members/house/coleman_(29th).jpg,2010-12-10 00:05:11.679000,2013-03-01 01:40:54.668000
MSL000069,Philip Gunn,Philip,,Gunn,,,True,ms,lower,56,Republican,e9edc0e16f5f4d84b41b654c41e2cc20,http://billstatus.ls.state.ms.us/members/house/gunn.jpg,2010-12-10 00:05:11.695000,2013-03-01 01:40:54.436000
MSL000071,Bobby Shows,Bobby,,Shows,,,True,ms,lower,89,Republican,8a06a7d13709444293e0c7107b4c9e88,http://billstatus.ls.state.ms.us/members/house/shows.jpg,2010-12-10 00:05:11.699000,2013-03-01 01:40:54.761000
MSL000073,Mary H Coleman,Mary,H,Coleman,,,True,ms,lower,65,Democratic,fde0ce030b634c0fad52c4b223b2031a,http://billstatus.ls.state.ms.us/members/house/coleman_(65th).jpg,2010-12-10 00:05:11.702000,2013-03-01 01:40:54.670000
MSL000074,Eugene Forrest Hamilton,Eugene,Forrest,Hamilton,,,True,ms,lower,6,Republican,0606e1fd9cd242fe85c22c1acf78d01c,http://billstatus.ls.state.ms.us/members/house/hamilton.jpg,2010-12-10 00:05:11.704000,2013-03-01 01:40:54.812000
MSL000075,Bobby Moak,Bobby,,Moak,,,True,ms,lower,53,Democratic,78c67046cf9140f4aedc3d9ee1196c68,http://billstatus.ls.state.ms.us/members/house/moak.jpg,2010-12-10 00:05:11.705000,2013-03-01 01:40:54.830000
MSL000076,Ferr Smith,Ferr,,Smith,,,True,ms,lower,27,Democratic,6ddc2172d04248d6bcd3dd226b31c9a4,http://billstatus.ls.state.ms.us/members/house/smith_(27th).jpg,2010-12-10 00:05:11.707000,2013-03-01 01:40:54.840000
MSL000078,Becky Currie,Becky,,Currie,,,True,ms,lower,92,Republican,1aac42a8e9474ac08fad114cc1dc4fe0,http://billstatus.ls.state.ms.us/members/house/currie.jpg,2010-12-10 00:05:11.710000,2013-03-01 01:40:54.535000
MSL000080,Alex Monsour,Alex,,Monsour,,,True,ms,lower,54,Republican,ee6bb079136a4b6f9fa67876951f17fd,http://billstatus.ls.state.ms.us/members/house/monsour.jpg,2010-12-10 00:05:11.714000,2013-03-01 01:40:54.833000
MSL000081,Jeffrey C Smith,Jeffrey,C,Smith,,,True,ms,lower,39,Republican,e78273c701df4e449970ca27acfd0adc,http://billstatus.ls.state.ms.us/members/house/smith_(39th).jpg,2010-12-10 00:05:11.715000,2013-03-01 01:40:54.777000
MSL000082,Earle S Banks,Earle,S,Banks,,,True,ms,lower,67,Democratic,5bcb11b022f841fa96ffb3c5d40dac95,http://billstatus.ls.state.ms.us/members/house/banks.jpg,2010-12-10 00:05:11.717000,2013-03-01 01:40:54.379000
MSL000084,Esther Harrison,Esther,,Harrison,,,True,ms,lower,41,Democratic,e229c56a442f4c9cbc4e7d27e7b471ee,http://billstatus.ls.state.ms.us/members/house/harrison.jpg,2010-12-10 00:05:11.720000,2013-03-01 01:40:54.814000
MSL000085,John L Moore,John,L,Moore,,,True,ms,lower,60,Republican,08d99862fb2f4fb29e3765e2fe037784,http://billstatus.ls.state.ms.us/members/house/moore.jpg,2010-12-10 00:05:11.722000,2013-03-01 01:40:54.442000
MSL000086,Greg Snowden,Greg,,Snowden,,,True,ms,lower,83,Republican,fafb3a9bfbfa4e0da2a022d078dfcbd2,http://billstatus.ls.state.ms.us/members/house/snowden.jpg,2010-12-10 00:05:11.724000,2013-03-01 01:40:54.448000
MSL000087,Toby Barker,Toby,,Barker,,,True,ms,lower,102,Republican,9cdc5d0d7e4244eb896e3180d7f70506,http://billstatus.ls.state.ms.us/members/house/barker.jpg,2010-12-10 00:05:11.726000,2013-03-01 01:40:54.719000
MSL000088,Scott DeLano,Scott,,DeLano,,,True,ms,lower,117,Republican,6b890bb198ee4368824bd80471496efc,http://billstatus.ls.state.ms.us/members/house/DeLano.jpg,2010-12-10 00:05:11.727000,2013-03-01 01:40:54.672000
MSL000089,John W Hines Sr.,John,W,Hines,Sr.,,True,ms,lower,50,Democratic,a847642dff07429d89f25eced7fbd63f,http://billstatus.ls.state.ms.us/members/house/hines.jpg,2010-12-10 00:05:11.729000,2013-03-01 01:40:54.921000
MSL000090,Ken Morgan,Ken,,Morgan,,,True,ms,lower,100,Republican,1f7c0cba1204404d864af7ab08b6f3ba,http://billstatus.ls.state.ms.us/members/house/morgan.jpg,2010-12-10 00:05:11.731000,2013-03-01 01:40:54.858000
MSL000091,Gary V Staples,Gary,V,Staples,,,True,ms,lower,88,Republican,26b32e98fc6e4537b4e570797e07563f,http://billstatus.ls.state.ms.us/members/house/staples.jpg,2010-12-10 00:05:11.733000,2013-03-01 01:40:54.842000
MSL000092,Charles Jim Beckett,Charles,Jim,Beckett,,,True,ms,lower,23,Republican,4850ce987f9445acb2a3c6d5dd0f93c6,http://billstatus.ls.state.ms.us/members/house/beckett.jpg,2010-12-10 00:05:11.734000,2013-03-01 01:40:54.422000
MSL000093,Bill Denny,Bill,,Denny,,,True,ms,lower,64,Republican,4edad52a71f14b89833e44b45b74d767,http://billstatus.ls.state.ms.us/members/house/denny.jpg,2010-12-10 00:05:11.736000,2013-03-01 01:40:54.189000
MSL000094,D. Stephen Holland,D. Stephen,,Holland,,,True,ms,lower,16,Democratic,cd37043da8b444fba54bc5620f049f4f,http://billstatus.ls.state.ms.us/members/house/holland.jpg,2010-12-10 00:05:11.738000,2013-03-01 01:40:54.945000
MSL000098,Reecy L Dickson,Reecy,L,Dickson,,,True,ms,lower,42,Democratic,c6d9de6089d64e43be6afd7ea978fd24,http://billstatus.ls.state.ms.us/members/house/dickson.jpg,2010-12-10 00:05:11.754000,2013-03-01 01:40:54.898000
MSL000099,Gregory Holloway,Gregory,,Holloway,,,True,ms,lower,76,Democratic,2d12dc321b914ea0a3c0fbb3da766e53,http://billstatus.ls.state.ms.us/members/house/holloway.jpg,2010-12-10 00:05:11.756000,2013-03-01 01:40:54.717000
MSL000100,David W Myers,David,W,Myers,,,True,ms,lower,98,Democratic,b6c9892d98b1401e9342c359b0cccdde,http://billstatus.ls.state.ms.us/members/house/myers.jpg,2010-12-10 00:05:11.757000,2013-03-01 01:40:54.394000
MSL000101,Rufus Straughter,Rufus,,Straughter,,,True,ms,lower,51,Democratic,4101b3d1040e4a59a91e9be438af16cd,http://billstatus.ls.state.ms.us/members/house/straughter.jpg,2010-12-10 00:05:11.759000,2013-03-01 01:40:54.914000
MSL000104,Steven A Horne,Steven,A,Horne,,,True,ms,lower,81,Republican,49650b639489415ea384a03c16eabb17,http://billstatus.ls.state.ms.us/members/house/horne.jpg,2010-12-10 00:05:11.764000,2013-03-01 01:40:54.819000
MSL000106,Johnny W Stringer,Johnny,W,Stringer,,,True,ms,lower,87,Democratic,17fa6e21d8954569a78d8c21cff7c59a,http://billstatus.ls.state.ms.us/members/house/stringer.jpg,2010-12-10 00:05:11.767000,2013-03-01 01:40:54.844000
MSL000107,Edward Blackmon Jr.,Edward,,Blackmon,Jr.,,True,ms,lower,57,Democratic,450109247369489a89ef260d908f1374,http://billstatus.ls.state.ms.us/members/house/blackmon.jpg,2010-12-10 00:05:11.769000,2013-03-01 01:40:54.791000
MSL000108,Blaine Eaton,Blaine,,Eaton,,,True,ms,lower,79,Democratic,d5351e096f7a45438fd9cec637f6ceba,http://billstatus.ls.state.ms.us/members/house/eaton.jpg,2010-12-10 00:05:11.771000,2013-03-01 01:40:54.674000
MSL000109,Bobby B Howell,Bobby,B,Howell,,,True,ms,lower,46,Republican,8a4e5cce89ef4c749d92c886ef04bffe,http://billstatus.ls.state.ms.us/members/house/howell.jpg,2010-12-10 00:05:11.772000,2013-03-01 01:40:54.683000
MSL000111,Preston E Sullivan,Preston,E,Sullivan,,,True,ms,lower,22,Democratic,20fc6bb06f8f406487bb7359e827aa5e,http://billstatus.ls.state.ms.us/members/house/sullivan.jpg,2010-12-10 00:05:11.775000,2013-03-01 01:40:54.367000
MSL000114,Mac Huddleston,Mac,,Huddleston,,,True,ms,lower,15,Republican,f4ac74f4d1774c72a69b1eac203abf41,http://billstatus.ls.state.ms.us/members/house/huddleston_(15th).jpg,2010-12-10 00:05:11.780000,2013-03-01 01:40:54.739000
MSL000116,Sara R Thomas,Sara,R,Thomas,,,True,ms,lower,31,Democratic,441c7e8f48dc425e8bf996d737d62cab,http://billstatus.ls.state.ms.us/members/house/thomas.jpg,2010-12-10 00:05:11.793000,2013-03-01 01:40:54.924000
MSL000118,Tyrone Ellis,Tyrone,,Ellis,,,True,ms,lower,38,Democratic,c996c619d9c444999b5419867e3308a1,http://billstatus.ls.state.ms.us/members/house/ellis.jpg,2010-12-10 00:05:11.797000,2013-03-01 01:40:54.802000
MSL000119,Robert E Huddleston,Robert,E,Huddleston,,,True,ms,lower,30,Democratic,f4ac74f4d1774c72a69b1eac203abf41,http://billstatus.ls.state.ms.us/members/house/huddleston_(30th).jpg,2010-12-10 00:05:11.798000,2013-03-01 01:40:53.580000
MSL000121,Jerry R Turner,Jerry,R,Turner,,,True,ms,lower,18,Republican,825065b55fb141319456b9cced093d66,http://billstatus.ls.state.ms.us/members/house/turner.jpg,2010-12-10 00:05:11.802000,2013-03-01 01:40:54.703000
MSL000122,Billy Broomfield,Billy,,Broomfield,,,True,ms,lower,110,Democratic,d43c91dca6324d14998ecc9a3d5eec50,http://billstatus.ls.state.ms.us/members/house/broomfield.jpg,2010-12-10 00:05:11.803000,2013-03-01 01:40:54.156000
MSL000126,Jessica Upshaw,Jessica,,Upshaw,,,True,ms,lower,95,Republican,124d07db634348ffb066eb016ed75680,http://billstatus.ls.state.ms.us/members/house/upshaw.jpg,2010-12-10 00:05:11.810000,2013-03-01 01:40:54.846000
MSL000127,Cecil Brown,Cecil,,Brown,,,True,ms,lower,66,Democratic,0e4439d423df47618b6933cc0a6e94e5,http://billstatus.ls.state.ms.us/members/house/brown.jpg,2010-12-10 00:05:11.812000,2013-03-01 01:40:54.724000
MSL000128,Bob Evans,Bob,,Evans,,,True,ms,lower,91,Democratic,674484eab55c4bd18f53b96ad7d6235d,http://billstatus.ls.state.ms.us/members/house/evans_(91st).jpg,2010-12-10 00:05:11.813000,2013-03-01 01:40:54.900000
MSL000129,Wanda Jennings,Wanda,,Jennings,,,True,ms,lower,7,Republican,eb158f8858304366b1618fd289a6af6a,http://billstatus.ls.state.ms.us/members/house/jennings.jpg,2010-12-10 00:05:11.815000,2013-03-01 01:40:54.947000
MSL000130,Randall Patterson,Randall,,Patterson,,,True,ms,lower,115,Democratic,136fa7458bd64c3bb968dd1e32fa4f06,http://billstatus.ls.state.ms.us/members/house/patterson.jpg,2010-12-10 00:05:11.816000,2013-03-01 01:40:54.757000
MSL000133,James Evans,James,,Evans,,,True,ms,lower,70,Democratic,d1dca502a3d14887962485a5d8c0520a,http://billstatus.ls.state.ms.us/members/house/evans_(70th).jpg,2010-12-10 00:05:11.834000,2013-03-01 01:40:54.804000
MSL000134,Robert L Johnson III,Robert,L,Johnson,III,,True,ms,lower,94,Democratic,f00a76d338bc4f76b277c3733763c9d2,http://billstatus.ls.state.ms.us/members/house/johnson.jpg,2010-12-10 00:05:11.835000,2013-03-01 01:40:54.647000
MSL000137,Kimberly Campbell Buck,Kimberly,Campbell,Buck,,,True,ms,lower,72,Democratic,6bb44818ef5641ceb33bb78ddf4a7234,http://billstatus.ls.state.ms.us/members/house/buck_(72nd).jpg,2010-12-10 00:05:11.840000,2013-03-01 01:40:54.728000
MSL000140,Willie J Perkins Sr.,Willie,J,Perkins,Sr.,,True,ms,lower,32,Democratic,f8be78a315f04f83b01f61cc87450d42,http://billstatus.ls.state.ms.us/members/house/perkins.jpg,2010-12-10 00:05:11.847000,2013-03-01 01:40:54.959000
MSL000141,Joseph L Warren,Joseph,L,Warren,,,True,ms,lower,90,Democratic,e1ff2704645e4d93978a8002f3533898,http://billstatus.ls.state.ms.us/members/house/warren.jpg,2010-12-10 00:05:11.849000,2013-03-01 01:40:54.450000
MSL000142,Clara Burnett,Clara,,Burnett,,,True,ms,lower,9,Democratic,5a89128236e941f1ad7f09fbd61acb86,http://billstatus.ls.state.ms.us/members/house/burnett.jpg,2010-12-10 00:05:11.851000,2013-03-01 01:40:54.936000
MSL000143,George Flaggs Jr.,George,,Flaggs,Jr.,,True,ms,lower,55,Democratic,67311733d6d4409db57687cb4ef89088,http://billstatus.ls.state.ms.us/members/house/flaggs.jpg,2010-12-10 00:05:11.852000,2013-03-01 01:40:54.429000
MSL000145,Bill Pigott,Bill,,Pigott,,,True,ms,lower,99,Republican,3e5b9dbc15554620a2b035ec54b93776,http://billstatus.ls.state.ms.us/members/house/pigott.jpg,2010-12-10 00:05:11.856000,2013-03-01 01:40:54.962000
MSL000146,Percy W Watson,Percy,W,Watson,,,True,ms,lower,103,Democratic,906b6d9d096e47a0a1c8da3815b87d48,http://billstatus.ls.state.ms.us/members/house/watson.jpg,2010-12-10 00:05:11.858000,2013-03-01 01:40:54.415000
MSL000147,Larry Byrd,Larry,,Byrd,,,True,ms,lower,104,Republican,355a995ea2cd42958aa038752b2b22ac,http://billstatus.ls.state.ms.us/members/house/byrd.jpg,2010-12-10 00:05:11.860000,2013-03-01 01:40:54.242000
MSL000148,Mark Formby,Mark,,Formby,,,True,ms,lower,108,Republican,64f0a3b5a12f4aa4abb3085ccd463a89,http://billstatus.ls.state.ms.us/members/house/formby.jpg,2010-12-10 00:05:11.861000,2013-03-01 01:40:54.806000
MSL000149,Sherra Hillman Lane,Sherra Hillman,,Lane,,,True,ms,lower,86,Democratic,c371c1106df145ed90cbfc3567af0904,http://billstatus.ls.state.ms.us/members/house/lane.jpg,2010-12-10 00:05:11.873000,2013-03-01 01:40:54.822000
MSL000151,Tom Weathersby,Tom,,Weathersby,,,True,ms,lower,62,Republican,1be5aebfa5474107b9f9e4471f54db0b,http://billstatus.ls.state.ms.us/members/house/weathersby.jpg,2010-12-10 00:05:11.876000,2013-03-01 01:40:54.849000
MSL000152,Credell Calhoun,Credell,,Calhoun,,,True,ms,lower,68,Democratic,d930f625901247b9bee2182a825137ad,http://billstatus.ls.state.ms.us/members/house/calhoun.jpg,2010-12-10 00:05:11.878000,2013-03-01 01:40:54.795000
MSL000154,Bennett Malone,Bennett,,Malone,,,True,ms,lower,45,Democratic,e407497ac22d4136bb978ae701167a12,http://billstatus.ls.state.ms.us/members/house/malone.jpg,2010-12-10 00:05:11.881000,2013-03-01 01:40:54.882000
MSL000155,John Read,John,,Read,,,True,ms,lower,112,Republican,de28baf7219f4589b2505d900e733750,http://billstatus.ls.state.ms.us/members/house/read.jpg,2010-12-10 00:05:11.883000,2013-03-01 01:40:54.446000
MSL000158,Herb Frierson,Herb,,Frierson,,,True,ms,lower,106,Republican,e695c9fec81a494c976512af58d8e099,http://billstatus.ls.state.ms.us/members/house/frierson.jpg,2010-12-10 00:05:11.888000,2013-03-01 01:40:54.876000
MSL000159,Rita Martinson,Rita,,Martinson,,,True,ms,lower,58,Republican,844a1a428e7a443f85cd73237ca807c7,http://billstatus.ls.state.ms.us/members/house/martinson.jpg,2010-12-10 00:05:11.889000,2013-03-01 01:40:54.826000
MSL000162,Lester Carpenter,Lester,,Carpenter,,,True,ms,lower,1,Republican,e935028858db4be983b4b28b159f4c27,http://billstatus.ls.state.ms.us/members/house/carpenter.jpg,2010-12-10 00:05:11.894000,2013-03-01 01:40:54.863000
MSL000165,Thomas U Reynolds,Thomas,U,Reynolds,,,True,ms,lower,33,Democratic,3053743dbad74dd6a4866341f168d091,http://billstatus.ls.state.ms.us/members/house/reynolds.jpg,2010-12-10 00:05:11.900000,2013-03-01 01:40:54.835000
MSL000167,Gary Chism,Gary,,Chism,,,True,ms,lower,37,Republican,7e83d16ffa0c434f80ce82a32200cb24,http://billstatus.ls.state.ms.us/members/house/chism.jpg,2010-12-10 00:05:11.920000,2013-03-01 01:40:54.798000
MSL000171,Henry Zuber III,Henry,,Zuber,III,,True,ms,lower,113,Republican,b95fe04bcc9f49b9beb5584f6f2d5120,http://billstatus.ls.state.ms.us/members/house/zuber.jpg,2010-12-10 00:05:11.927000,2013-03-01 01:40:54.851000
MSL000176,Casey Eure,Casey,,Eure,,,True,ms,lower,116,Republican,25697105ad554ec294678cc247f350c8,http://billstatus.ls.state.ms.us/members/house/eure.jpg,2011-02-09 00:59:45.155000,2013-03-01 01:40:54.872000
MSL000195,Steve Massengill,Steve,,Massengill,,,True,ms,lower,13,Republican,9e339e15d9f24103acce9232800c1d12,http://billstatus.ls.state.ms.us/members/house/massengill.jpg,2012-01-05 00:05:49.036000,2013-03-01 01:40:54.955000
MSL000196,William Shirley,William,,Shirley,,,True,ms,lower,84,Republican,22694b731ec740978502cc666d502380,http://billstatus.ls.state.ms.us/members/house/shirley.jpg,2012-01-05 00:05:49.048000,2013-03-01 01:40:54.968000
MSL000197,William Tracy Arnold,William Tracy,,Arnold,,,True,ms,lower,3,Republican,431e0043b8214627bfe8ac3d4061126a,http://billstatus.ls.state.ms.us/members/house/arnold.jpg,2012-01-05 00:05:49.062000,2013-03-01 01:40:54.928000
MSL000198,Brad Mayo,Brad,,Mayo,,,True,ms,lower,12,Republican,1d8d5d615b6b456096b0a213e94fe3db,http://billstatus.ls.state.ms.us/members/house/mayo.jpg,2012-01-05 00:05:49.092000,2013-03-01 01:40:54.828000
MSL000199,Nick Bain,Nick,,Bain,,,True,ms,lower,2,Democratic,0f0504338fc1401f81e7f813073b1fe7,http://billstatus.ls.state.ms.us/members/house/bain.jpg,2012-01-05 00:05:49.162000,2013-03-01 01:40:54.930000
MSL000203,Greg Haney,Greg,,Haney,,,True,ms,lower,118,Republican,c0618814d9174612927c12069b98fd35,http://billstatus.ls.state.ms.us/members/house/haney.jpg,2012-01-05 00:05:49.288000,2013-03-01 01:40:54.943000
MSL000204,Jody Steverson,Jody,,Steverson,,,True,ms,lower,4,Democratic,9ea4f64f0d2c4631ad0fb439f2fd91e9,http://billstatus.ls.state.ms.us/members/house/steverson.jpg,2012-01-05 00:05:49.309000,2013-03-01 01:40:54.765000
MSL000207,Carolyn Crawford,Carolyn,,Crawford,,,True,ms,lower,121,Republican,de91b2396f1f4e748cbd140b6c89f78e,http://billstatus.ls.state.ms.us/members/house/crawford.jpg,2012-01-05 00:05:49.380000,2013-03-01 01:40:54.622000
MSL000208,Manly Barton,Manly,,Barton,,,True,ms,lower,109,Republican,616b7bfa89a341b893b7b1e3495d35c3,http://billstatus.ls.state.ms.us/members/house/barton.jpg,2012-01-05 00:05:49.422000,2013-03-01 01:40:54.932000
MSL000210,Tommy Taylor,Tommy,,Taylor,,,True,ms,lower,28,Republican,001a2d7156224c73aafc023db6bdf13a,http://billstatus.ls.state.ms.us/members/house/taylor.jpg,2012-01-05 00:05:49.510000,2013-03-01 01:40:54.767000
MSL000212,Kevin Horan,Kevin,,Horan,,,True,ms,lower,24,Democratic,14a39194372d4e16817a69faa6794509,http://billstatus.ls.state.ms.us/members/house/horan.jpg,2012-01-05 00:05:49.594000,2013-03-01 01:40:54.681000
MSL000213,Deborah Butler Dixon,Deborah Butler,,Dixon,,,True,ms,lower,63,Democratic,3f902fb5028b4897b7119c2fe291d025,http://billstatus.ls.state.ms.us/members/house/dixon.jpg,2012-01-05 00:05:49.682000,2013-03-01 01:40:54.941000
MSL000215,Randy P. Boyd,Randy P.,,Boyd,,,True,ms,lower,19,Republican,a4f3a5b930e84955b3c0dc58ff5b6965,http://billstatus.ls.state.ms.us/members/house/boyd.jpg,2012-01-05 00:05:49.724000,2013-03-01 01:40:54.334000
MSL000216,Brad A. Oberhousen,Brad A.,,Oberhousen,,,True,ms,lower,73,Democratic,89bf955f3a91442abbf8667dc3b497b4,http://billstatus.ls.state.ms.us/members/house/oberhousen.jpg,2012-01-05 00:05:49.753000,2013-03-01 01:40:54.886000
MSL000217,Jason White,Jason,,White,,,True,ms,lower,48,Republican,f1c50d9d6f994e5ab39eace9002c3bf5,http://billstatus.ls.state.ms.us/members/house/white.jpg,2012-01-05 00:05:49.858000,2013-03-01 01:40:54.888000
MSL000219,Timmy Ladner,Timmy,,Ladner,,,True,ms,lower,93,Republican,7cd7e7a5df624eb48761a2e1491eaf39,http://billstatus.ls.state.ms.us/members/house/ladner.jpg,2012-01-05 00:05:49.944000,2013-03-01 01:40:54.951000
MSL000224,Hank Lott,Hank,,Lott,,,True,ms,lower,101,Republican,ca3e670b4af34ceb9d15b95118802db4,http://billstatus.ls.state.ms.us/members/house/lott.jpg,2012-01-05 00:05:50.098000,2013-03-01 01:40:54.953000
MSL000226,Randy Rushing,Randy,,Rushing,,,True,ms,lower,78,Republican,75e326cc40cf450392fcbfe196869ca6,http://billstatus.ls.state.ms.us/members/house/rushing.jpg,2012-01-05 00:05:50.168000,2013-03-01 01:40:54.550000
MSL000206,Tom Miles,Tom,,Miles,,,True,ms,lower,75,Democratic,ab06864d360249279af92f98efcecf7c,http://billstatus.ls.state.ms.us/members/house/miles.jpg,2012-01-05 00:05:49.351000,2013-03-01 01:40:54.884000
MSL000070,Sam C Mims V,Sam,C,Mims,V,,True,ms,lower,97,Republican,313846ef13ab4ffe926ed3df94aab021,http://billstatus.ls.state.ms.us/members/house/mims.jpg,2010-12-10 00:05:11.697000,2013-03-01 01:40:54.957000
MSL000156,Linda Whittington,Linda,,Whittington,,,True,ms,lower,34,Democratic,bf4aa2bca920494b893e9f19fd74bc5f,http://billstatus.ls.state.ms.us/members/house/whittington.jpg,2010-12-10 00:05:11.885000,2013-03-01 01:40:54.972000
MSL000211,Joey Hood,Joey,,Hood,,,True,ms,lower,35,Republican,2eaa4b78da084c9387cc87f2faecce80,http://billstatus.ls.state.ms.us/members/house/hood.jpg,2012-01-05 00:05:49.542000,2013-03-01 01:40:54.737000
MSL000102,Richard Bennett,Richard,,Bennett,,,True,ms,lower,120,Republican,fee0d244226f4b6a93cfdd4e7b60f322,http://billstatus.ls.state.ms.us/members/house/bennett.jpg,2010-12-10 00:05:11.761000,2013-03-01 01:40:54.788000
MSL000064,Jeffrey Guice,Jeffrey S.,,Guice,,,True,ms,lower,114,Republican,7f68b6a69e86429e99ecf1ce3e667613,http://billstatus.ls.state.ms.us/members/house/guice.jpg,2010-12-10 00:05:11.672000,2013-03-01 01:40:54.878000
MSL000166,Adrienne Wooten,Adrienne,,Wooten,,,True,ms,lower,71,Democratic,6d26f5d821204311853136a21cb57821,http://billstatus.ls.state.ms.us/members/house/wooten.jpg,2010-12-10 00:05:11.902000,2013-03-01 01:40:54.916000
MSL000077,Mark Baker,Mark,,Baker,,,True,ms,lower,74,Republican,2dd9dcf3ba464549bda0ecc345da2377,http://billstatus.ls.state.ms.us/members/house/baker_(74th).jpg,2010-12-10 00:05:11.709000,2013-03-01 01:40:54.786000
MSL000231,Angela Turner,Angela,,Turner,,,True,ms,upper,16,Democratic,,http://billstatus.ls.state.ms.us/members/senate/turner.jpg,2013-01-24 00:37:20.587000,2013-03-01 01:40:52.951000
MSL000033,Alice Harden,Alice,,Harden,,,True,ms,upper,28,Republican,5680e1b3ef254da28c7bf23fec7c2fbb,http://billstatus.ls.state.ms.us/members/senate/harden.jpg,2010-12-10 00:05:11.586000,2013-03-01 01:34:40.549000
MSL000013,Terry W Brown,Terry,W,Brown,,,True,ms,upper,17,Republican,b25e112a19d349edb8ea7df428e5afb3,http://billstatus.ls.state.ms.us/members/senate/brown.jpg,2010-12-10 00:05:11.553000,2013-03-01 01:40:52.843000
MSL000029,Albert Butler,Albert,,Butler,,,True,ms,upper,36,Democratic,1b12315932b1457a807114f662efe2dd,http://billstatus.ls.state.ms.us/members/senate/butler_(36th).jpg,2010-12-10 00:05:11.580000,2013-03-01 01:40:52.880000
MSL000022,Hillman Terome Frazier,Hillman,Terome,Frazier,,,True,ms,upper,27,Democratic,92425658057d47cd92b02de67fade200,http://billstatus.ls.state.ms.us/members/senate/frazier.jpg,2010-12-10 00:05:11.568000,2013-03-01 01:40:52.909000
MSL000041,W. Briggs Hopson III,W. Briggs,,Hopson,III,,True,ms,upper,23,Republican,eff1e8305799443da3453fa141cf4d68,http://billstatus.ls.state.ms.us/members/senate/hopson.jpg,2010-12-10 00:05:11.600000,2013-03-01 01:40:52.916000
MSL000049,Billy Hudson,Billy,,Hudson,,,True,ms,upper,45,Republican,87449281b0844d3abde74ec72990571e,http://billstatus.ls.state.ms.us/members/senate/hudson.jpg,2010-12-10 00:05:11.647000,2013-03-01 01:40:52.918000
MSL000047,J. P. Wilemon Jr.,J. P.,,Wilemon,Jr.,,True,ms,upper,5,Democratic,8a519d9378de46489510abe7be0543a9,http://billstatus.ls.state.ms.us/members/senate/wilemon.jpg,2010-12-10 00:05:11.644000,2013-03-01 01:40:52.932000
MSL000008,Haskins Montgomery,Haskins,,Montgomery,,,True,ms,upper,34,Democratic,9903e1a1f62640b69b5d2e37b8abb121,http://billstatus.ls.state.ms.us/members/senate/montgomery.jpg,2010-12-10 00:05:11.544000,2013-03-01 01:40:52.937000
MSL000175,Nancy Adams Collins,Nancy Adams,,Collins,,,True,ms,upper,6,Republican,66fc035d7ea64410a49c1721751f89dd,http://billstatus.ls.state.ms.us/members/senate/collins.jpg,2011-01-18 00:37:02.073000,2013-03-01 01:40:52.942000
MSL000193,Rita Potts Parks,Rita Potts,,Parks,,,True,ms,upper,4,Republican,dc48461935b840e6be7180a114d2cbf1,http://billstatus.ls.state.ms.us/members/senate/parks.jpg,2012-01-05 00:05:48.934000,2013-03-01 01:40:52.949000
MSL000177,Derrick T. Simmons,Derrick T.,,Simmons,,,True,ms,upper,12,Democratic,2f842a7bcc98413581eecfeba1410204,http://billstatus.ls.state.ms.us/members/senate/simmons_(12th).jpg,2011-03-08 01:18:49.246000,2013-03-01 01:40:52.974000
MSL000024,Bill Stone,Bill,,Stone,,,True,ms,upper,2,Democratic,6c71fa4fa1dc43fb9d13bc90ec796156,http://billstatus.ls.state.ms.us/members/senate/stone.jpg,2010-12-10 00:05:11.571000,2013-03-01 01:40:52.976000
MSL000028,Gray Tollison,Gray,,Tollison,,,True,ms,upper,9,Republican,24d9409107c14ecc950b77b6a5c596e6,http://billstatus.ls.state.ms.us/members/senate/tollison.jpg,2010-12-10 00:05:11.578000,2013-03-01 01:40:52.979000
MSL000228,David Parker,David,,Parker,,,True,ms,upper,19,Republican,,http://billstatus.ls.state.ms.us/members/senate/parker.jpg,2013-01-07 16:23:33.190000,2013-03-01 01:40:52.803000
MSL000186,Josh Harkins,Josh,,Harkins,,,True,ms,upper,20,Republican,607ef9ef8a7f42feba3639637e7718ec,http://billstatus.ls.state.ms.us/members/senate/harkins.jpg,2012-01-05 00:05:48.680000,2013-03-01 01:40:52.914000
MSL000188,Angela Burks Hill,Angela Burks,,Hill,,,True,ms,upper,40,Republican,ecdc6ad55b204112a5d01c49c17055be,http://billstatus.ls.state.ms.us/members/senate/hill.jpg,2012-01-05 00:05:48.728000,2013-03-01 01:40:52.958000
MSL000019,Kenneth Wayne Jones,Kenneth,Wayne,Jones,,,True,ms,upper,21,Democratic,8de63d74e3b0418f8d3a83948550aa73,http://billstatus.ls.state.ms.us/members/senate/jones.jpg,2010-12-10 00:05:11.563000,2013-03-01 01:40:52.801000
MSL000185,Sean J. Tindell,Sean J.,,Tindell,,,True,ms,upper,49,Republican,,http://billstatus.ls.state.ms.us/members/senate/tindell.jpg,2012-01-05 00:05:48.658000,2013-03-01 01:40:52.928000
MSL000192,Sally Doty,Sally,,Doty,,,True,ms,upper,39,Republican,07d4d4d9176b43df8263dc662958260b,http://billstatus.ls.state.ms.us/members/senate/doty.jpg,2012-01-05 00:05:48.912000,2013-03-01 01:40:52.823000
MSL000182,Tony Smith,Tony,,Smith,,,True,ms,upper,47,Republican,541c2ce5a39d49ffa2aa232c3b026d64,http://billstatus.ls.state.ms.us/members/senate/smith.jpg,2012-01-05 00:05:48.512000,2013-03-01 01:40:52.838000
MSL000180,John A. Polk,John A.,,Polk,,,True,ms,upper,44,Republican,39476caa30924627902ccbfde658bba0,http://billstatus.ls.state.ms.us/members/senate/polk.jpg,2012-01-05 00:05:48.382000,2013-03-01 01:40:52.904000
MSL000002,Deborah Jeanne Dawkins,Deborah,Jeanne,Dawkins,,,True,ms,upper,48,Democratic,319f8e4bd55b40509349ecd17101d0d7,http://billstatus.ls.state.ms.us/members/senate/dawkins.jpg,2010-12-10 00:05:11.514000,2013-03-01 01:40:52.860000
MSL000007,Gary Jackson,Gary,,Jackson,,,True,ms,upper,15,Republican,ba841eb3a61a404c9faf202d7468a450,http://billstatus.ls.state.ms.us/members/senate/jackson_(15th).jpg,2010-12-10 00:05:11.543000,2013-03-01 01:40:52.960000
MSL000011,Robert L Jackson,Robert,L,Jackson,,,True,ms,upper,11,Democratic,c6fa5985612e47c9966de419f05a240d,http://billstatus.ls.state.ms.us/members/senate/jackson_(11th).jpg,2010-12-10 00:05:11.550000,2013-03-01 01:40:52.836000
MSL000014,Joey Fillingane,Joey,,Fillingane,,,True,ms,upper,41,Republican,9eff52ce78b04edb9355d5f2f764b169,http://billstatus.ls.state.ms.us/members/house/fillingane.jpg,2010-12-10 00:05:11.555000,2013-03-01 01:40:52.786000
MSL000015,Sampson Jackson II,Sampson,,Jackson,II,,True,ms,upper,32,Democratic,7ef912f9631548b4896533b1f5c0f5b5,http://billstatus.ls.state.ms.us/members/senate/jackson_(32nd).jpg,2010-12-10 00:05:11.556000,2013-03-01 01:40:52.962000
MSL000017,Nickey Browning,Nickey,,Browning,,,True,ms,upper,3,Democratic,b6a59b2cb4154eb7bec137f5a9f5ea68,http://billstatus.ls.state.ms.us/members/senate/browning.jpg,2010-12-10 00:05:11.560000,2013-03-01 01:40:52.471000
MSL000020,Willie Simmons,Willie,,Simmons,,,True,ms,upper,13,Democratic,f3774b1e284b42f384c61e940a97a9e9,http://billstatus.ls.state.ms.us/members/senate/simmons_(13th).jpg,2010-12-10 00:05:11.565000,2013-03-01 01:40:52.870000
MSL000021,Hob Bryan,Hob,,Bryan,,,True,ms,upper,7,Democratic,478201955aef4d4a842a7bfddd97ae36,http://billstatus.ls.state.ms.us/members/senate/bryan.jpg,2010-12-10 00:05:11.566000,2013-03-01 01:40:52.772000
MSL000023,David Jordan,David,,Jordan,,,True,ms,upper,24,Democratic,251bd12a63b14444a8fd5812912b3b4d,http://billstatus.ls.state.ms.us/members/senate/jordan.jpg,2010-12-10 00:05:11.570000,2013-03-01 01:40:52.894000
MSL000026,Tommy A Gollott,Tommy,A,Gollott,,,True,ms,upper,50,Republican,dba5a01644b3417286813c66064ee750,http://billstatus.ls.state.ms.us/members/senate/gollott.jpg,2010-12-10 00:05:11.575000,2013-03-01 01:40:52.885000
MSL000031,Dean Kirby,Dean,,Kirby,,,True,ms,upper,30,Republican,42b0b654d3b5443c852384dbb4583533,http://billstatus.ls.state.ms.us/members/senate/kirby.jpg,2010-12-10 00:05:11.583000,2013-03-01 01:40:52.769000
MSL000036,Videt Carmichael,Videt,,Carmichael,,,True,ms,upper,33,Republican,c5f0b17ec72d46ec9c6cf40749e346c4,http://billstatus.ls.state.ms.us/members/senate/carmichael.jpg,2010-12-10 00:05:11.591000,2013-03-01 01:40:52.742000
MSL000038,Perry Lee,Perry,,Lee,,,True,ms,upper,35,Republican,518eb457985345c8910d0110fb63234f,http://billstatus.ls.state.ms.us/members/senate/lee_(35th).jpg,2010-12-10 00:05:11.595000,2013-03-01 01:40:52.923000
MSL000039,Giles Ward,Giles,,Ward,,,True,ms,upper,18,Republican,a28563b0196e4cf3890267ffeb64e55c,http://billstatus.ls.state.ms.us/members/senate/ward.jpg,2010-12-10 00:05:11.597000,2013-03-01 01:40:52.956000
MSL000040,Lydia Graves Chassaniol,Lydia,Graves,Chassaniol,,,True,ms,upper,14,Republican,cce886d2f8614eda9c6cc4d096d5e2ba,http://billstatus.ls.state.ms.us/members/senate/chassaniol.jpg,2010-12-10 00:05:11.598000,2013-03-01 01:40:52.875000
MSL000042,Chris McDaniel,Chris,,McDaniel,,,True,ms,upper,42,Republican,f2e486b780324ba19e368aed45215d7e,http://billstatus.ls.state.ms.us/members/senate/mcdaniel.jpg,2010-12-10 00:05:11.621000,2013-03-01 01:40:52.968000
MSL000179,Russell Jolly,Russell,,Jolly,,,True,ms,upper,8,Democratic,6cf9aca35ee14a1eacaab93735f9dc9d,http://billstatus.ls.state.ms.us/members/senate/jolly.jpg,2011-11-16 02:02:57.387000,2013-03-01 01:40:52.422000
MSL000181,Phillip A. Gandy,Phillip A.,,Gandy,,,True,ms,upper,43,Republican,db6be6ef2a46406faacc9f77eb4ee881,http://billstatus.ls.state.ms.us/members/senate/gandy.jpg,2012-01-05 00:05:48.490000,2013-03-01 01:40:52.944000
MSL000183,Melanie Sojourner,Melanie,,Sojourner,,,True,ms,upper,37,Republican,8daaf198807a4026a9556db813ebb745,http://billstatus.ls.state.ms.us/members/senate/sojourner.jpg,2012-01-05 00:05:48.568000,2013-03-01 01:40:52.898000
MSL000184,Steve Hale,Steve,,Hale,,,True,ms,upper,10,Democratic,611fcae6730f48f09fb97e085900f731,http://billstatus.ls.state.ms.us/members/senate/hale.jpg,2012-01-05 00:05:48.596000,2013-03-01 01:40:52.912000
MSL000187,Will Longwitz,Will,,Longwitz,,,True,ms,upper,25,Republican,231a341cee554669add31fd4fbd658fe,http://billstatus.ls.state.ms.us/members/senate/longwitz.jpg,2012-01-05 00:05:48.693000,2013-03-01 01:40:52.553000
MSL000189,Chris Massey,Chris,,Massey,,,True,ms,upper,1,Republican,e9dc8c606b8344a78540d350336a05b3,http://billstatus.ls.state.ms.us/members/senate/massey.jpg,2012-01-05 00:05:48.740000,2013-03-01 01:40:52.966000
MSL000190,Philip Moran,Philip,,Moran,,,True,ms,upper,46,Republican,402f62c8e7ad4f18bb156415efeced5e,http://billstatus.ls.state.ms.us/members/senate/moran.jpg,2012-01-05 00:05:48.866000,2013-03-01 01:40:52.972000
MSL000191,Brice Wiggins,Brice,,Wiggins,,,True,ms,upper,52,Republican,9529ea8868ab47aebd254f6784915d66,http://billstatus.ls.state.ms.us/members/senate/wiggins.jpg,2012-01-05 00:05:48.880000,2013-03-01 01:40:52.816000
MSL000009,David Blount,David,,Blount,,,True,ms,upper,29,Democratic,27d0f8117c694053ae4be2ff969e77e1,http://billstatus.ls.state.ms.us/members/senate/blount.jpg,2010-12-10 00:05:11.546000,2013-03-01 01:40:52.821000
MSL000044,Eugene S Clarke,Eugene,S,Clarke,,,True,ms,upper,22,Republican,0406cd7df89f406f87b52adfebb21733,http://billstatus.ls.state.ms.us/members/senate/clarke.jpg,2010-12-10 00:05:11.625000,2013-03-01 01:40:52.744000
MSL000174,Kelvin E Butler,Kelvin,E,Butler,,,True,ms,upper,38,Democratic,008e162eb47e4bd89a8e64afdaae74ac,http://billstatus.ls.state.ms.us/members/senate/butler_(38th).jpg,2011-01-14 22:24:08.506000,2013-03-01 01:40:52.882000
MSL000045,John Horhn,John,,Horhn,,,True,ms,upper,26,Democratic,fbc0d00ce1704917a359f85a7b50f1e2,http://billstatus.ls.state.ms.us/members/senate/horhn.jpg,2010-12-10 00:05:11.626000,2013-03-01 01:40:52.892000
MSL000025,Terry C Burton,Terry,C,Burton,,,True,ms,upper,31,Republican,906d84ed3f3b4a0a9059ee8a680a5347,http://billstatus.ls.state.ms.us/members/senate/burton.jpg,2010-12-10 00:05:11.573000,2013-03-01 01:40:52.906000
MSL000043,Michael Watson,Michael,,Watson,,,True,ms,upper,51,Republican,09acc5d3813d436cb95f3022a7686a9b,http://billstatus.ls.state.ms.us/members/senate/watson.jpg,2010-12-10 00:05:11.623000,2013-03-01 01:40:52.981000
