state,session,chamber,bill_id,vote_id,vote_chamber,motion,date,type,yes_count,no_count,other_count
ia,2011-2012,upper,SF 2344,IAV00000001,upper,Shall amendment S–5258 be adopted?,2012-05-08 00:00:00,other,21,26,3
ia,2011-2012,upper,SF 2344,IAV00000002,upper,Shall the bill pass?,2012-05-08 00:00:00,other,24,23,3
ia,2011-2012,upper,SF 2343,IAV00000003,upper,Shall the bill pass?,2012-05-07 00:00:00,other,45,0,5
ia,2011-2012,upper,SF 2343,IAV00000004,lower,Shall the bill pass?,2012-05-08 00:00:00,other,96,0,4
ia,2011-2012,upper,SF 2342,IAV00000005,upper,Shall the bill pass?,2012-04-26 00:00:00,other,45,1,4
ia,2011-2012,upper,SF 2342,IAV00000006,lower,Shall the bill pass?,2012-05-07 00:00:00,other,82,14,4
ia,2011-2012,upper,SF 2339,IAV00000007,upper,Shall the bill pass?,2012-04-23 00:00:00,other,49,0,1
ia,2011-2012,upper,SF 2338,IAV00000008,upper,Shall amendment S–5224 be adopted?,2012-04-19 00:00:00,other,24,24,2
ia,2011-2012,upper,SF 2338,IAV00000009,upper,Shall the bill pass?,2012-04-19 00:00:00,other,47,0,3
ia,2011-2012,upper,SF 2338,IAV00000010,lower,Shall the bill pass?,2012-04-25 00:00:00,other,93,0,7
ia,2011-2012,upper,SF 2336,IAV00000011,upper,Shall amendment S–5209 to amendment S–5203 be adopted?,2012-04-12 00:00:00,other,21,26,3
ia,2011-2012,upper,SF 2336,IAV00000012,upper,Shall amendment S–5206 be adopted?,2012-04-12 00:00:00,other,22,25,3
ia,2011-2012,upper,SF 2336,IAV00000013,upper,Shall amendment S–5207 be adopted?,2012-04-12 00:00:00,other,22,25,3
ia,2011-2012,upper,SF 2336,IAV00000014,upper,Shall amendment S–5210 be adopted?,2012-04-12 00:00:00,other,47,0,3
ia,2011-2012,upper,SF 2336,IAV00000015,upper,Shall the bill pass?,2012-04-12 00:00:00,other,26,21,3
ia,2011-2012,upper,SF 2336,IAV00000017,upper,Shall the bill pass?,2012-05-09 00:00:00,other,27,18,5
ia,2011-2012,upper,SF 2336,IAV00000556,lower,"Shall amendment H–8473 , to amendment H–8464 ,be adopted?",2012-04-18 00:00:00,other,39,58,3
ia,2011-2012,upper,SF 2336,IAV00000557,lower,"Shall amendment H–8488 , to amendment H–8464 ,be adopted?",2012-04-18 00:00:00,other,38,57,5
ia,2011-2012,upper,SF 2336,IAV00000558,lower,"Shall amendment H–8468 , to amendment H–8464 ,be adopted?",2012-04-18 00:00:00,other,38,55,7
ia,2011-2012,upper,SF 2336,IAV00000559,lower,"Shall amendment H–8470 , to amendment H–8464 ,be adopted?",2012-04-18 00:00:00,other,37,58,5
ia,2011-2012,upper,SF 2336,IAV00000560,lower,"Shall amendment H–8477 , to amendment H–8464 ,be adopted?",2012-04-18 00:00:00,other,37,58,5
ia,2011-2012,upper,SF 2336,IAV00000561,lower,"Shall amendment H–8474 , to amendment H–8464 ,be adopted?",2012-04-18 00:00:00,other,38,58,4
ia,2011-2012,upper,SF 2336,IAV00000562,lower,"Shall amendment H–8489 , to amendment H–8464 ,be adopted?",2012-04-18 00:00:00,other,58,37,5
ia,2011-2012,upper,SF 2336,IAV00000563,lower,"Shall amendment H–8479 , to amendment H–8464 , beadopted?",2012-04-18 00:00:00,other,38,56,6
ia,2011-2012,upper,SF 2336,IAV00000564,lower,"Shall amendment H–8482 , to amendment H–8464 , beadopted?",2012-04-18 00:00:00,other,37,58,5
ia,2011-2012,upper,SF 2336,IAV00000565,lower,"Shall amendment H–8466 , to amendment H–8464 , beadopted?",2012-04-18 00:00:00,other,38,57,5
ia,2011-2012,upper,SF 2336,IAV00000566,lower,"Shall amendment H–8478 , to amendment H–8464 , beadopted?",2012-04-18 00:00:00,other,37,59,4
ia,2011-2012,upper,SF 2336,IAV00000567,lower,"Shall amendment H–8481 , to amendment H–8464 , beadopted?",2012-04-18 00:00:00,other,38,56,6
ia,2011-2012,upper,SF 2336,IAV00000568,lower,"Shall amendment H–8483 , to amendment H–8464 ,be adopted?",2012-04-18 00:00:00,other,38,58,4
ia,2011-2012,upper,SF 2336,IAV00000569,lower,"Shall amendment H–8493 , to amendment H–8464 ,be adopted?",2012-04-18 00:00:00,other,55,39,6
ia,2011-2012,upper,SF 2336,IAV00000032,lower,Shall the bill pass?,2012-04-18 00:00:00,other,58,38,4
ia,2011-2012,upper,SF 2336,IAV00000033,lower,Shall the bill pass?,2012-05-09 00:00:00,other,53,44,3
ia,2011-2012,upper,SF 2335,IAV00000034,upper,Shall amendment S–5218 be adopted?,2012-04-18 00:00:00,other,33,15,2
ia,2011-2012,upper,SF 2335,IAV00000035,upper,Shall the bill pass?,2012-04-18 00:00:00,other,35,13,2
ia,2011-2012,upper,SF 2333,IAV00000036,upper,Shall the bill pass?,2012-04-09 00:00:00,other,49,0,1
ia,2011-2012,upper,SF 2333,IAV00000037,lower,Shall the bill pass?,2012-04-11 00:00:00,other,94,0,6
ia,2011-2012,upper,SF 2332,IAV00000038,upper,Shall the bill pass?,2012-04-10 00:00:00,other,50,0,0
ia,2011-2012,upper,SF 2332,IAV00000039,upper,Shall the bill pass?,2012-04-23 00:00:00,other,49,0,1
ia,2011-2012,upper,SF 2332,IAV00000040,lower,Shall the bill pass?,2012-04-19 00:00:00,other,97,0,3
ia,2011-2012,upper,SF 2330,IAV00000041,upper,Shall the bill pass?,2012-04-03 00:00:00,other,48,0,2
ia,2011-2012,upper,SF 2329,IAV00000042,upper,Shall amendment S–5162 be adopted?,2012-04-03 00:00:00,other,13,35,2
ia,2011-2012,upper,SF 2329,IAV00000043,upper,Shall the bill pass?,2012-04-03 00:00:00,other,34,14,2
ia,2011-2012,upper,SF 2329,IAV00000044,lower,Shall the bill pass?,2012-04-04 00:00:00,other,53,43,4
ia,2011-2012,upper,SF 2328,IAV00000045,upper,Shall the bill pass?,2012-04-04 00:00:00,other,44,1,5
ia,2011-2012,upper,SF 2328,IAV00000046,lower,Shall the bill pass?,2012-04-17 00:00:00,other,75,24,1
ia,2011-2012,upper,SF 2327,IAV00000047,upper,Shall the bill pass?,2012-04-03 00:00:00,other,48,0,2
ia,2011-2012,upper,SF 2326,IAV00000048,upper,Shall the bill pass?,2012-04-10 00:00:00,other,41,9,0
ia,2011-2012,upper,SF 2325,IAV00000049,upper,Shall the bill pass?,2012-04-03 00:00:00,other,48,0,2
ia,2011-2012,upper,SF 2325,IAV00000050,lower,Shall the bill pass?,2012-04-10 00:00:00,other,99,0,1
ia,2011-2012,upper,SF 2324,IAV00000051,upper,Shall the bill pass?,2012-03-28 00:00:00,other,48,1,1
ia,2011-2012,upper,SF 2324,IAV00000052,lower,Shall the bill pass?,2012-03-29 00:00:00,other,95,0,5
ia,2011-2012,upper,SF 2322,IAV00000053,upper,Shall the bill pass?,2012-03-26 00:00:00,other,50,0,0
ia,2011-2012,upper,SF 2322,IAV00000054,lower,Shall the bill pass?,2012-04-17 00:00:00,other,96,1,3
ia,2011-2012,upper,SF 2321,IAV00000055,upper,Shall the bill pass?,2012-03-19 00:00:00,other,26,24,0
ia,2011-2012,upper,SF 2321,IAV00000056,upper,Shall the bill pass?,2012-05-07 00:00:00,other,28,19,3
ia,2011-2012,upper,SF 2321,IAV00000570,lower,"Shall amendment H–8361 , to the committeeamendment H–8327 , be adopted?",2012-03-27 00:00:00,other,39,59,2
ia,2011-2012,upper,SF 2321,IAV00000571,lower,"Shall amendment H–8362 , to the committeeamendment H–8327 , be adopted?",2012-03-27 00:00:00,other,39,58,3
ia,2011-2012,upper,SF 2321,IAV00000572,lower,"Shall amendment H–8355 , to the committeeamendment H–8327 , be adopted?",2012-03-27 00:00:00,other,96,2,2
ia,2011-2012,upper,SF 2321,IAV00000060,lower,Shall the bill pass?,2012-03-27 00:00:00,other,56,42,2
ia,2011-2012,upper,SF 2321,IAV00000061,lower,Shall the bill pass?,2012-05-07 00:00:00,other,92,5,3
ia,2011-2012,upper,SF 2319,IAV00000062,upper,Shall the bill pass?,2012-03-21 00:00:00,other,46,3,0
ia,2011-2012,upper,SF 2318,IAV00000063,upper,Shall the bill pass?,2012-03-19 00:00:00,other,45,5,0
ia,2011-2012,upper,SF 2318,IAV00000064,upper,Shall the bill pass?,2012-04-04 00:00:00,other,44,2,4
ia,2011-2012,upper,SF 2318,IAV00000065,lower,Shall the bill pass?,2012-04-03 00:00:00,other,97,2,1
ia,2011-2012,upper,SF 2317,IAV00000066,upper,Shall the bill pass?,2012-03-19 00:00:00,other,50,0,0
ia,2011-2012,upper,SF 2317,IAV00000067,upper,Shall the bill pass?,2012-04-04 00:00:00,other,45,1,4
ia,2011-2012,upper,SF 2317,IAV00000068,lower,Shall the bill pass?,2012-03-28 00:00:00,other,94,0,6
ia,2011-2012,upper,SF 2316,IAV00000069,upper,Shall amendment S–5097 be adopted?,2012-03-19 00:00:00,other,30,20,0
ia,2011-2012,upper,SF 2316,IAV00000573,upper,Shall amendment S–5107 to amendment S–5016 beadopted?,2012-03-19 00:00:00,other,19,31,0
ia,2011-2012,upper,SF 2316,IAV00000071,upper,Shall the bill pass?,2012-03-19 00:00:00,other,26,24,0
ia,2011-2012,upper,SF 2316,IAV00000072,upper,Shall the bill pass?,2012-05-07 00:00:00,other,29,18,3
ia,2011-2012,upper,SF 2316,IAV00000574,lower,"Shall amendment H–8352 , to the committeeamendment H–8328 , be adopted?",2012-03-28 00:00:00,other,38,57,5
ia,2011-2012,upper,SF 2316,IAV00000575,lower,"Shall amendment H–8373 , to the committeeamendment H–8328 , be adopted?",2012-03-28 00:00:00,other,24,72,4
ia,2011-2012,upper,SF 2316,IAV00000075,lower,Shall the bill pass?,2012-03-28 00:00:00,other,58,38,4
ia,2011-2012,upper,SF 2316,IAV00000076,lower,Shall the bill pass?,2012-05-07 00:00:00,other,92,5,3
ia,2011-2012,upper,SF 2315,IAV00000077,upper,Shall amendment S–5072 be adopted?,2012-03-12 00:00:00,other,49,1,0
ia,2011-2012,upper,SF 2315,IAV00000078,upper,Shall the bill pass?,2012-03-12 00:00:00,other,32,18,0
ia,2011-2012,upper,SF 2315,IAV00000079,upper,Shall the bill pass?,2012-05-08 00:00:00,other,28,18,4
ia,2011-2012,upper,SF 2315,IAV00000080,upper,Shall the bill pass?,2012-05-09 00:00:00,other,30,16,4
ia,2011-2012,upper,SF 2315,IAV00000576,lower,"Shall amendment H–8498 , to amendment H–8413 ,be adopted?",2012-04-24 00:00:00,other,94,1,5
ia,2011-2012,upper,SF 2315,IAV00000577,lower,"Shall amendment H–8502 , to amendment H–8413 ,be adopted?",2012-04-24 00:00:00,other,94,0,6
ia,2011-2012,upper,SF 2315,IAV00000083,lower,Shall the bill pass?,2012-04-24 00:00:00,other,66,32,2
ia,2011-2012,upper,SF 2315,IAV00000084,lower,Shall the bill pass?,2012-05-09 00:00:00,other,66,31,3
ia,2011-2012,upper,SF 2314,IAV00000085,upper,Shall the bill pass?,2012-03-06 00:00:00,other,42,7,1
ia,2011-2012,upper,SF 2314,IAV00000086,upper,Shall the bill pass?,2012-03-26 00:00:00,other,45,5,0
ia,2011-2012,upper,SF 2314,IAV00000087,lower,Shall the bill pass?,2012-03-20 00:00:00,other,94,2,4
ia,2011-2012,upper,SF 2313,IAV00000088,upper,Shall the bill pass?,2012-03-06 00:00:00,other,26,24,0
ia,2011-2012,upper,SF 2313,IAV00000089,upper,Shall the bill pass?,2012-05-07 00:00:00,other,27,20,3
ia,2011-2012,upper,SF 2313,IAV00000578,lower,"Shall amendment H–8296 , to the committeeamendment H–8223 , be adopted?",2012-03-20 00:00:00,other,38,58,4
ia,2011-2012,upper,SF 2313,IAV00000579,lower,"Shall amendment H–8297 , to the committeeamendment H–8223 , be adopted?",2012-03-20 00:00:00,other,41,55,4
ia,2011-2012,upper,SF 2313,IAV00000580,lower,"Shall amendment H–8298 , to the committeeamendment H–8223 , be adopted?",2012-03-20 00:00:00,other,38,58,4
ia,2011-2012,upper,SF 2313,IAV00000581,lower,"Shall amendment H–8300 , to the committeeamendment H–8223 , be adopted?",2012-03-20 00:00:00,other,38,58,4
ia,2011-2012,upper,SF 2313,IAV00000582,lower,"Shall amendment H–8302 , to the committeeamendment H–8223 , be adopted?",2012-03-20 00:00:00,other,38,59,3
ia,2011-2012,upper,SF 2313,IAV00000095,lower,Shall the bill pass?,2012-03-20 00:00:00,other,59,37,4
ia,2011-2012,upper,SF 2313,IAV00000096,lower,Shall the bill pass?,2012-05-07 00:00:00,other,58,39,3
ia,2011-2012,upper,SF 2312,IAV00000097,upper,Shall the bill pass?,2012-03-05 00:00:00,other,49,0,1
ia,2011-2012,upper,SF 2312,IAV00000098,lower,Shall the bill pass?,2012-03-20 00:00:00,other,95,1,4
ia,2011-2012,upper,SF 2312,IAV00000099,lower,Shall the bill pass?,2012-04-03 00:00:00,other,99,0,1
ia,2011-2012,upper,SF 2311,IAV00000100,upper,Shall the bill pass?,2012-03-05 00:00:00,other,49,0,1
ia,2011-2012,upper,SF 2311,IAV00000101,upper,Shall the bill pass?,2012-04-04 00:00:00,other,46,0,4
ia,2011-2012,upper,SF 2311,IAV00000102,lower,Shall the bill pass?,2012-04-03 00:00:00,other,98,0,2
ia,2011-2012,upper,SF 2308,IAV00000103,upper,Shall the bill pass?,2012-03-06 00:00:00,other,49,1,0
ia,2011-2012,upper,SF 2307,IAV00000104,upper,Shall the bill pass?,2012-03-05 00:00:00,other,47,2,1
ia,2011-2012,upper,SF 2306,IAV00000105,upper,Shall the bill pass?,2012-03-05 00:00:00,other,49,0,1
ia,2011-2012,upper,SF 2304,IAV00000106,upper,Shall the bill pass?,2012-03-05 00:00:00,other,33,16,1
ia,2011-2012,upper,SF 2303,IAV00000107,upper,Shall the bill pass?,2012-03-05 00:00:00,other,49,0,1
ia,2011-2012,upper,SF 2302,IAV00000108,upper,Shall amendment S–5075 be adopted?,2012-03-13 00:00:00,other,24,25,0
ia,2011-2012,upper,SF 2302,IAV00000109,upper,Shall the bill pass?,2012-03-13 00:00:00,other,35,15,0
ia,2011-2012,upper,SF 2301,IAV00000110,upper,Shall the bill pass?,2012-03-12 00:00:00,other,30,20,0
ia,2011-2012,upper,SF 2298,IAV00000111,upper,Shall the bill pass?,2012-03-12 00:00:00,other,26,24,0
ia,2011-2012,upper,SF 2296,IAV00000112,upper,Shall the bill pass?,2012-03-06 00:00:00,other,47,1,2
ia,2011-2012,upper,SF 2296,IAV00000113,lower,Shall the bill pass?,2012-03-21 00:00:00,other,84,12,4
ia,2011-2012,upper,SF 2295,IAV00000114,upper,Shall the bill pass?,2012-03-05 00:00:00,other,49,0,1
ia,2011-2012,upper,SF 2294,IAV00000115,upper,Shall the bill pass?,2012-03-13 00:00:00,other,47,3,0
ia,2011-2012,upper,SF 2294,IAV00000116,lower,Shall the bill pass?,2012-03-20 00:00:00,other,90,6,4
ia,2011-2012,upper,SF 2293,IAV00000117,upper,Shall amendment S–5049 be adopted?,2012-03-13 00:00:00,other,24,26,0
ia,2011-2012,upper,SF 2293,IAV00000118,upper,Shall the bill pass?,2012-03-13 00:00:00,other,23,27,0
ia,2011-2012,upper,SF 2293,IAV00000119,upper,Shall the bill pass?,2012-03-13 00:00:00,other,26,23,1
ia,2011-2012,upper,SF 2293,IAV00000120,upper,Shall the bill pass?,2012-05-01 00:00:00,other,26,23,1
ia,2011-2012,upper,SF 2293,IAV00000121,lower,Shall amendment H–8412 be adopted?,2012-04-04 00:00:00,other,54,41,5
ia,2011-2012,upper,SF 2293,IAV00000583,lower,"Shall amendment H–8417 , to amendment H–8414 ,be adopted?",2012-04-04 00:00:00,other,34,60,6
ia,2011-2012,upper,SF 2293,IAV00000123,lower,Shall amendment H–8414 be adopted?,2012-04-04 00:00:00,other,76,19,5
ia,2011-2012,upper,SF 2293,IAV00000124,lower,Shall the bill pass?,2012-04-04 00:00:00,other,66,29,5
ia,2011-2012,upper,SF 2292,IAV00000125,upper,Shall the bill pass?,2012-03-06 00:00:00,other,48,1,1
ia,2011-2012,upper,SF 2292,IAV00000126,lower,Shall the bill pass?,2012-03-07 00:00:00,other,97,0,3
ia,2011-2012,upper,SF 2289,IAV00000127,upper,Shall the bill pass?,2012-03-05 00:00:00,other,49,0,1
ia,2011-2012,upper,SF 2289,IAV00000128,upper,Shall the bill pass?,2012-04-03 00:00:00,other,48,0,2
ia,2011-2012,upper,SF 2289,IAV00000129,lower,Shall the bill pass?,2012-03-28 00:00:00,other,96,0,4
ia,2011-2012,upper,SF 2288,IAV00000130,upper,Shall the bill pass?,2012-03-05 00:00:00,other,49,0,1
ia,2011-2012,upper,SF 2288,IAV00000131,lower,Shall the bill pass?,2012-03-21 00:00:00,other,96,0,4
ia,2011-2012,upper,SF 2287,IAV00000132,upper,Shall amendment S–5071 be adopted?,2012-03-12 00:00:00,other,23,27,0
ia,2011-2012,upper,SF 2287,IAV00000133,upper,Shall the bill pass?,2012-03-12 00:00:00,other,37,13,0
ia,2011-2012,upper,SF 2286,IAV00000134,upper,Shall amendment S–5151 to amendment S–5147 be adopted?,2012-03-28 00:00:00,other,22,27,1
ia,2011-2012,upper,SF 2286,IAV00000135,upper,Shall the bill pass?,2012-03-28 00:00:00,other,35,14,1
ia,2011-2012,upper,SF 2285,IAV00000136,upper,Shall the bill pass?,2012-03-05 00:00:00,other,49,0,1
ia,2011-2012,upper,SF 2285,IAV00000137,lower,Shall the bill pass?,2012-03-06 00:00:00,other,99,0,1
ia,2011-2012,upper,SF 2284,IAV00000138,upper,Shall amendment S–5174 be adopted?,2012-04-04 00:00:00,other,21,25,4
ia,2011-2012,upper,SF 2284,IAV00000139,upper,Shall amendment S–5175 be adopted?,2012-04-04 00:00:00,other,14,31,5
ia,2011-2012,upper,SF 2284,IAV00000140,upper,Shall amendment S–5177 to amendment S–5166 be adopted?,2012-04-04 00:00:00,other,21,25,4
ia,2011-2012,upper,SF 2284,IAV00000141,upper,Shall amendment S–5172 be adopted?,2012-04-04 00:00:00,other,22,24,4
ia,2011-2012,upper,SF 2284,IAV00000142,upper,Shall amendment S–5180 be adopted?,2012-04-04 00:00:00,other,21,25,4
ia,2011-2012,upper,SF 2284,IAV00000143,upper,Shall amendment S–5176 be adopted?,2012-04-04 00:00:00,other,21,25,4
ia,2011-2012,upper,SF 2284,IAV00000144,upper,Shall amendment S–5186 be adopted?,2012-04-09 00:00:00,other,24,26,0
ia,2011-2012,upper,SF 2284,IAV00000145,upper,Shall the bill pass?,2012-04-09 00:00:00,other,26,24,0
ia,2011-2012,upper,SF 2284,IAV00000584,upper,Shall the bill pass?,2012-05-08 00:00:00,other,31,15,4
ia,2011-2012,upper,SF 2284,IAV00000585,lower,"Shall the committee amendment H–8458 , asamended, be adopted?",2012-04-17 00:00:00,other,55,43,2
ia,2011-2012,upper,SF 2284,IAV00000586,lower,Shall the bill pass?,2012-04-17 00:00:00,other,54,45,1
ia,2011-2012,upper,SF 2284,IAV00000587,lower,Shall the bill pass?,2012-05-08 00:00:00,other,87,9,4
ia,2011-2012,upper,SF 2283,IAV00000148,upper,Shall the bill pass?,2012-03-05 00:00:00,other,48,1,1
ia,2011-2012,upper,SF 2283,IAV00000149,upper,Shall the bill pass?,2012-04-16 00:00:00,other,48,0,2
ia,2011-2012,upper,SF 2283,IAV00000150,lower,Shall the bill pass?,2012-03-08 00:00:00,other,97,0,3
ia,2011-2012,upper,SF 2283,IAV00000151,lower,Shall the bill pass?,2012-04-17 00:00:00,other,97,0,3
ia,2011-2012,upper,SF 2282,IAV00000152,upper,Shall the bill pass?,2012-03-05 00:00:00,other,49,0,1
ia,2011-2012,upper,SF 2282,IAV00000153,lower,Shall the bill pass?,2012-03-06 00:00:00,other,97,0,3
ia,2011-2012,upper,SF 2280,IAV00000154,upper,Shall the bill pass?,2012-03-06 00:00:00,other,49,0,1
ia,2011-2012,upper,SF 2280,IAV00000155,lower,Shall the bill pass?,2012-03-21 00:00:00,other,96,0,4
ia,2011-2012,upper,SF 2279,IAV00000156,upper,Shall the bill pass?,2012-03-05 00:00:00,other,49,0,1
ia,2011-2012,upper,SF 2279,IAV00000157,lower,Shall the bill pass?,2012-03-06 00:00:00,other,95,3,2
ia,2011-2012,upper,SF 2277,IAV00000158,upper,Shall the bill pass?,2012-03-06 00:00:00,other,47,2,1
ia,2011-2012,upper,SF 2277,IAV00000159,upper,Shall the bill pass?,2012-03-06 00:00:00,other,48,2,0
ia,2011-2012,upper,SF 2275,IAV00000160,upper,Shall amendment S–5086 be adopted?,2012-03-13 00:00:00,other,22,27,1
ia,2011-2012,upper,SF 2275,IAV00000161,upper,Shall the bill pass?,2012-03-13 00:00:00,other,29,20,1
ia,2011-2012,upper,SF 2270,IAV00000162,upper,Shall the bill pass?,2012-03-05 00:00:00,other,44,6,0
ia,2011-2012,upper,SF 2269,IAV00000163,upper,Shall the bill pass?,2012-03-05 00:00:00,other,50,0,0
ia,2011-2012,upper,SF 2269,IAV00000164,lower,Shall the bill pass?,2012-03-20 00:00:00,other,96,0,4
ia,2011-2012,upper,SF 2267,IAV00000165,upper,Shall the bill pass?,2012-03-05 00:00:00,other,49,0,1
ia,2011-2012,upper,SF 2267,IAV00000166,lower,Shall the bill pass?,2012-03-28 00:00:00,other,96,0,4
ia,2011-2012,upper,SF 2265,IAV00000167,upper,Shall the bill pass?,2012-02-29 00:00:00,other,50,0,0
ia,2011-2012,upper,SF 2265,IAV00000168,lower,Shall the bill pass?,2012-03-20 00:00:00,other,96,0,4
ia,2011-2012,upper,SF 2260,IAV00000169,upper,Shall the bill pass?,2012-02-29 00:00:00,other,50,0,0
ia,2011-2012,upper,SF 2260,IAV00000170,upper,Shall the bill pass?,2012-03-26 00:00:00,other,50,0,0
ia,2011-2012,upper,SF 2260,IAV00000171,lower,Shall the bill pass?,2012-03-13 00:00:00,other,97,0,3
ia,2011-2012,upper,SF 2257,IAV00000172,upper,Shall the bill pass?,2012-03-06 00:00:00,other,49,0,1
ia,2011-2012,upper,SF 2249,IAV00000173,upper,Shall the bill pass?,2012-02-29 00:00:00,other,50,0,0
ia,2011-2012,upper,SF 2249,IAV00000174,upper,Shall the bill pass?,2012-03-26 00:00:00,other,50,0,0
ia,2011-2012,upper,SF 2249,IAV00000175,lower,Shall the bill pass?,2012-03-12 00:00:00,other,98,0,2
ia,2011-2012,upper,SF 2248,IAV00000176,upper,Shall the bill pass?,2012-02-29 00:00:00,other,50,0,0
ia,2011-2012,upper,SF 2248,IAV00000177,lower,Shall the bill pass?,2012-03-21 00:00:00,other,94,1,5
ia,2011-2012,upper,SF 2247,IAV00000178,upper,Shall the bill pass?,2012-02-28 00:00:00,other,50,0,0
ia,2011-2012,upper,SF 2247,IAV00000179,lower,Shall the bill pass?,2012-03-06 00:00:00,other,96,0,4
ia,2011-2012,upper,SF 2245,IAV00000180,upper,Shall the bill pass?,2012-02-29 00:00:00,other,50,0,0
ia,2011-2012,upper,SF 2245,IAV00000181,upper,Shall the bill pass?,2012-04-03 00:00:00,other,48,0,2
ia,2011-2012,upper,SF 2245,IAV00000182,lower,Shall the bill pass?,2012-03-28 00:00:00,other,96,0,4
ia,2011-2012,upper,SF 2244,IAV00000183,upper,Shall the bill pass?,2012-02-29 00:00:00,other,50,0,0
ia,2011-2012,upper,SF 2244,IAV00000184,lower,Shall the bill pass?,2012-03-06 00:00:00,other,98,0,2
ia,2011-2012,upper,SF 2243,IAV00000185,upper,Shall the bill pass?,2012-02-29 00:00:00,other,27,23,0
ia,2011-2012,upper,SF 2242,IAV00000186,upper,Shall the bill pass?,2012-02-28 00:00:00,other,49,0,1
ia,2011-2012,upper,SF 2240,IAV00000187,upper,Shall the bill pass?,2012-02-29 00:00:00,other,50,0,0
ia,2011-2012,upper,SF 2237,IAV00000188,upper,Shall the bill pass?,2012-02-28 00:00:00,other,50,0,0
ia,2011-2012,upper,SF 2237,IAV00000189,upper,Shall the bill pass?,2012-05-09 00:00:00,other,46,0,4
ia,2011-2012,upper,SF 2237,IAV00000190,lower,Shall the bill pass?,2012-03-28 00:00:00,other,88,6,6
ia,2011-2012,upper,SF 2236,IAV00000191,upper,Shall amendment S–5088 be adopted?,2012-03-14 00:00:00,other,16,33,1
ia,2011-2012,upper,SF 2236,IAV00000192,upper,Shall amendment S–5089 be adopted?,2012-03-14 00:00:00,other,10,40,0
ia,2011-2012,upper,SF 2236,IAV00000193,upper,Shall the bill pass?,2012-03-14 00:00:00,other,31,19,0
ia,2011-2012,upper,SF 2232,IAV00000194,upper,Shall the bill pass?,2012-02-28 00:00:00,other,50,0,0
ia,2011-2012,upper,SF 2231,IAV00000195,upper,Shall the bill pass?,2012-02-28 00:00:00,other,50,0,0
ia,2011-2012,upper,SF 2231,IAV00000196,lower,Shall the bill pass?,2012-03-27 00:00:00,other,94,0,6
ia,2011-2012,upper,SF 2225,IAV00000197,upper,Shall the bill pass?,2012-02-29 00:00:00,other,50,0,0
ia,2011-2012,upper,SF 2225,IAV00000198,lower,Shall the bill pass?,2012-03-21 00:00:00,other,96,0,4
ia,2011-2012,upper,SF 2221,IAV00000199,upper,Shall the bill pass?,2012-02-28 00:00:00,other,50,0,0
ia,2011-2012,upper,SF 2221,IAV00000200,upper,Shall the bill pass?,2012-03-26 00:00:00,other,50,0,0
ia,2011-2012,upper,SF 2221,IAV00000201,lower,Shall the bill pass?,2012-03-20 00:00:00,other,95,0,5
ia,2011-2012,upper,SF 2220,IAV00000202,upper,Shall the bill pass?,2012-02-28 00:00:00,other,50,0,0
ia,2011-2012,upper,SF 2220,IAV00000203,lower,Shall the bill pass?,2012-03-27 00:00:00,other,94,0,6
ia,2011-2012,upper,SF 2219,IAV00000204,upper,Shall the bill pass?,2012-02-27 00:00:00,other,26,24,0
ia,2011-2012,upper,SF 2218,IAV00000205,upper,Shall the bill pass?,2012-03-01 00:00:00,other,47,0,3
ia,2011-2012,upper,SF 2218,IAV00000206,lower,Shall the bill pass?,2012-03-13 00:00:00,other,99,0,1
ia,2011-2012,upper,SF 2217,IAV00000207,upper,Shall the bill pass?,2012-02-28 00:00:00,other,50,0,0
ia,2011-2012,upper,SF 2217,IAV00000208,lower,Shall the bill pass?,2012-04-03 00:00:00,other,76,23,1
ia,2011-2012,upper,SF 2216,IAV00000209,upper,Shall the bill pass?,2012-02-29 00:00:00,other,50,0,0
ia,2011-2012,upper,SF 2216,IAV00000210,upper,Shall the bill pass?,2012-04-03 00:00:00,other,48,0,2
ia,2011-2012,upper,SF 2216,IAV00000211,lower,Shall the bill pass?,2012-03-27 00:00:00,other,95,0,5
ia,2011-2012,upper,SF 2212,IAV00000212,upper,Shall the bill pass?,2012-02-27 00:00:00,other,50,0,0
ia,2011-2012,upper,SF 2212,IAV00000213,lower,Shall the bill pass?,2012-03-07 00:00:00,other,96,0,4
ia,2011-2012,upper,SF 2209,IAV00000214,upper,Shall the bill pass?,2012-02-29 00:00:00,other,50,0,0
ia,2011-2012,upper,SF 2208,IAV00000215,upper,Shall the bill pass?,2012-02-28 00:00:00,other,50,0,0
ia,2011-2012,upper,SF 2208,IAV00000216,upper,Shall the bill pass?,2012-04-03 00:00:00,other,48,0,2
ia,2011-2012,upper,SF 2208,IAV00000217,lower,Shall the bill pass?,2012-03-27 00:00:00,other,96,0,4
ia,2011-2012,upper,SF 2203,IAV00000218,upper,Shall the bill pass?,2012-02-28 00:00:00,other,50,0,0
ia,2011-2012,upper,SF 2203,IAV00000219,lower,Shall the bill pass?,2012-03-06 00:00:00,other,97,0,3
ia,2011-2012,upper,SF 2202,IAV00000220,upper,Shall the bill pass?,2012-02-28 00:00:00,other,50,0,0
ia,2011-2012,upper,SF 2202,IAV00000221,lower,Shall the bill pass?,2012-03-06 00:00:00,other,98,0,2
ia,2011-2012,upper,SF 2188,IAV00000222,upper,Shall the bill pass?,2012-02-28 00:00:00,other,50,0,0
ia,2011-2012,upper,SF 2188,IAV00000223,lower,Shall the bill pass?,2012-03-20 00:00:00,other,95,0,5
ia,2011-2012,upper,SF 2186,IAV00000224,upper,Shall the bill pass?,2012-02-29 00:00:00,other,50,0,0
ia,2011-2012,upper,SF 2186,IAV00000225,lower,Shall the bill pass?,2012-03-21 00:00:00,other,94,0,6
ia,2011-2012,upper,SF 2185,IAV00000226,upper,Shall the bill pass?,2012-02-28 00:00:00,other,50,0,0
ia,2011-2012,upper,SF 2185,IAV00000227,lower,Shall the bill pass?,2012-03-21 00:00:00,other,88,5,7
ia,2011-2012,upper,SF 2174,IAV00000228,upper,Shall the bill pass?,2012-02-28 00:00:00,other,50,0,0
ia,2011-2012,upper,SF 2172,IAV00000229,upper,Shall the bill pass?,2012-02-28 00:00:00,other,49,1,0
ia,2011-2012,upper,SF 2172,IAV00000230,lower,Shall the bill pass?,2012-03-20 00:00:00,other,91,3,6
ia,2011-2012,upper,SF 2171,IAV00000231,upper,Shall the bill pass?,2012-03-05 00:00:00,other,40,9,1
ia,2011-2012,upper,SF 2170,IAV00000232,upper,Shall the bill pass?,2012-02-29 00:00:00,other,50,0,0
ia,2011-2012,upper,SF 2170,IAV00000233,lower,Shall the bill pass?,2012-02-29 00:00:00,other,96,0,4
ia,2011-2012,upper,SF 2165,IAV00000234,upper,Shall the bill pass?,2012-02-27 00:00:00,other,50,0,0
ia,2011-2012,upper,SF 2165,IAV00000235,lower,Shall the bill pass?,2012-03-27 00:00:00,other,96,0,4
ia,2011-2012,upper,SF 2164,IAV00000236,upper,Shall the bill pass?,2012-02-27 00:00:00,other,50,0,0
ia,2011-2012,upper,SF 2164,IAV00000237,upper,Shall the bill pass?,2012-03-26 00:00:00,other,50,0,0
ia,2011-2012,upper,SF 2164,IAV00000238,lower,Shall the bill pass?,2012-03-20 00:00:00,other,95,0,5
ia,2011-2012,upper,SF 2163,IAV00000239,upper,Shall the bill pass?,2012-02-27 00:00:00,other,50,0,0
ia,2011-2012,upper,SF 2163,IAV00000240,lower,Shall the bill pass?,2012-03-20 00:00:00,other,95,0,5
ia,2011-2012,upper,SF 2161,IAV00000241,upper,Shall the bill pass?,2012-02-14 00:00:00,other,48,0,2
ia,2011-2012,upper,SF 2160,IAV00000242,upper,Shall the bill pass?,2012-03-05 00:00:00,other,43,7,0
ia,2011-2012,upper,SF 2160,IAV00000243,lower,Shall the bill pass?,2012-03-21 00:00:00,other,93,3,4
ia,2011-2012,upper,SF 2159,IAV00000244,upper,Shall the bill pass?,2012-02-27 00:00:00,other,50,0,0
ia,2011-2012,upper,SF 2159,IAV00000245,lower,Shall the bill pass?,2012-03-21 00:00:00,other,95,0,5
ia,2011-2012,upper,SF 2158,IAV00000246,upper,Shall the bill pass?,2012-02-22 00:00:00,other,48,0,2
ia,2011-2012,upper,SF 2158,IAV00000247,lower,Shall the bill pass?,2012-04-04 00:00:00,other,95,0,5
ia,2011-2012,upper,SF 2153,IAV00000248,upper,Shall the bill pass?,2012-02-27 00:00:00,other,48,2,0
ia,2011-2012,upper,SF 2153,IAV00000249,lower,Shall the bill pass?,2012-03-20 00:00:00,other,95,0,5
ia,2011-2012,upper,SF 2146,IAV00000250,upper,Shall the bill pass?,2012-02-27 00:00:00,other,50,0,0
ia,2011-2012,upper,SF 2146,IAV00000251,lower,Shall the bill pass?,2012-03-08 00:00:00,other,94,0,6
ia,2011-2012,upper,SF 2137,IAV00000252,upper,Shall the bill pass?,2012-03-12 00:00:00,other,50,0,0
ia,2011-2012,upper,SF 2137,IAV00000253,lower,Shall the bill pass?,2012-03-28 00:00:00,other,94,0,6
ia,2011-2012,upper,SF 2128,IAV00000254,upper,Shall the bill pass?,2012-03-13 00:00:00,other,43,7,0
ia,2011-2012,upper,SF 2127,IAV00000255,upper,Shall the bill pass?,2012-02-27 00:00:00,other,50,0,0
ia,2011-2012,upper,SF 2127,IAV00000256,lower,Shall the bill pass?,2012-02-29 00:00:00,other,98,0,2
ia,2011-2012,upper,SF 2126,IAV00000257,upper,Shall the bill pass?,2012-02-27 00:00:00,other,50,0,0
ia,2011-2012,upper,SF 2126,IAV00000258,lower,Shall the bill pass?,2012-03-29 00:00:00,other,92,0,8
ia,2011-2012,upper,SF 2123,IAV00000259,upper,Shall the bill pass?,2012-02-27 00:00:00,other,50,0,0
ia,2011-2012,upper,SF 2123,IAV00000260,lower,Shall the bill pass?,2012-03-29 00:00:00,other,93,0,7
ia,2011-2012,upper,SF 2122,IAV00000261,upper,Shall the bill pass?,2012-02-27 00:00:00,other,50,0,0
ia,2011-2012,upper,SF 2122,IAV00000262,lower,Shall the bill pass?,2012-03-20 00:00:00,other,95,0,5
ia,2011-2012,upper,SF 2121,IAV00000263,upper,Shall the bill pass?,2012-02-27 00:00:00,other,50,0,0
ia,2011-2012,upper,SF 2120,IAV00000264,upper,Shall the bill pass?,2012-02-09 00:00:00,other,50,0,0
ia,2011-2012,upper,SF 2120,IAV00000265,lower,Shall the bill pass?,2012-02-15 00:00:00,other,96,0,4
ia,2011-2012,upper,SF 2115,IAV00000266,upper,Shall the bill pass?,2012-02-07 00:00:00,other,26,23,1
ia,2011-2012,upper,SF 2114,IAV00000267,upper,Shall the bill pass?,2012-02-07 00:00:00,other,26,23,1
ia,2011-2012,upper,SF 2113,IAV00000268,upper,Shall the bill pass?,2012-02-27 00:00:00,other,26,24,0
ia,2011-2012,upper,SF 2112,IAV00000269,upper,Shall the bill pass?,2012-03-13 00:00:00,other,50,0,0
ia,2011-2012,upper,SF 2112,IAV00000270,upper,Shall the bill pass?,2012-04-09 00:00:00,other,48,2,0
ia,2011-2012,upper,SF 2112,IAV00000271,lower,Shall the bill pass?,2012-04-04 00:00:00,other,95,1,4
ia,2011-2012,upper,SF 2111,IAV00000272,upper,Shall the bill pass?,2012-02-27 00:00:00,other,50,0,0
ia,2011-2012,upper,SF 2097,IAV00000273,upper,Shall the bill pass?,2012-02-27 00:00:00,other,50,0,0
ia,2011-2012,upper,SF 2097,IAV00000274,lower,Shall the bill pass?,2012-03-27 00:00:00,other,96,0,4
ia,2011-2012,upper,SF 2096,IAV00000275,upper,Shall the bill pass?,2012-02-27 00:00:00,other,50,0,0
ia,2011-2012,upper,SF 2096,IAV00000276,lower,Shall the bill pass?,2012-03-21 00:00:00,other,96,0,4
ia,2011-2012,upper,SF 2092,IAV00000277,upper,Shall the bill pass?,2012-02-27 00:00:00,other,50,0,0
ia,2011-2012,upper,SF 2092,IAV00000278,lower,Shall the bill pass?,2012-03-06 00:00:00,other,99,0,1
ia,2011-2012,upper,SF 2086,IAV00000279,upper,Shall the bill pass?,2012-02-09 00:00:00,other,50,0,0
ia,2011-2012,upper,SF 2086,IAV00000280,lower,Shall the bill pass?,2012-02-13 00:00:00,other,95,0,5
ia,2011-2012,upper,SF 2071,IAV00000281,upper,Shall amendment S–5005 be adopted?,2012-02-01 00:00:00,other,23,26,1
ia,2011-2012,upper,SF 2071,IAV00000282,upper,Shall the bill pass?,2012-02-01 00:00:00,other,26,23,1
ia,2011-2012,upper,SF 2071,IAV00000283,upper,Shall the bill pass?,2012-02-20 00:00:00,other,48,1,1
ia,2011-2012,upper,SF 2071,IAV00000588,lower,"Shall amendment H–8020 , to the committeeamendment H–8009 , be adopted?",2012-02-15 00:00:00,other,39,57,4
ia,2011-2012,upper,SF 2071,IAV00000589,lower,"Shall amendment H–8013 , to the committeeamendment H–8009 , be adopted?",2012-02-15 00:00:00,other,42,54,4
ia,2011-2012,upper,SF 2071,IAV00000286,lower,Shall the bill pass?,2012-02-15 00:00:00,other,96,0,4
ia,2011-2012,upper,SF 2071,IAV00000287,lower,Shall the bill pass?,2012-02-21 00:00:00,other,97,0,3
ia,2011-2012,upper,SF 2058,IAV00000288,upper,Shall the bill pass?,2012-03-05 00:00:00,other,50,0,0
ia,2011-2012,upper,SF 2058,IAV00000289,lower,Shall the bill pass?,2012-03-06 00:00:00,other,96,0,4
ia,2011-2012,upper,SF 2038,IAV00000290,upper,Shall the bill pass?,2012-02-01 00:00:00,other,49,0,1
ia,2011-2012,upper,SF 2038,IAV00000291,lower,Shall the bill pass?,2012-03-28 00:00:00,other,95,0,5
ia,2011-2012,upper,SF 2024,IAV00000292,upper,Shall the bill pass?,2012-02-22 00:00:00,other,26,22,2
ia,2011-2012,upper,SF 2018,IAV00000293,upper,Shall amendment S–5001 be adopted?,2012-01-18 00:00:00,other,22,27,1
ia,2011-2012,upper,SF 2018,IAV00000294,upper,Shall the bill pass?,2012-01-18 00:00:00,other,49,0,1
ia,2011-2012,upper,SF 2018,IAV00000295,lower,Shall the bill pass?,2012-01-26 00:00:00,other,96,0,4
ia,2011-2012,upper,SF 2011,IAV00000296,upper,Shall the bill pass?,2012-02-29 00:00:00,other,50,0,0
ia,2011-2012,upper,SF 2007,IAV00000297,upper,Shall amendment S–5002 be adopted?,2012-01-18 00:00:00,other,23,26,1
ia,2011-2012,upper,SF 2007,IAV00000298,upper,Shall the bill pass?,2012-01-18 00:00:00,other,49,0,1
ia,2011-2012,upper,SF 2007,IAV00000299,lower,Shall the bill pass?,2012-01-26 00:00:00,other,96,0,4
ia,2011-2012,upper,SF 479,IAV00000300,lower,Shall the bill pass?,2012-03-20 00:00:00,other,55,39,6
ia,2011-2012,upper,SF 466,IAV00000301,upper,Shall the bill pass?,2012-04-11 00:00:00,other,47,2,1
ia,2011-2012,upper,SF 466,IAV00000302,upper,Shall the bill pass?,2012-05-08 00:00:00,other,45,1,4
ia,2011-2012,upper,SF 466,IAV00000590,lower,Shall the House concur in the Senate amendment H–8453 to the House amendment?,2012-04-23 00:00:00,other,38,59,3
ia,2011-2012,upper,SF 466,IAV00000304,lower,Shall the bill pass?,2012-05-09 00:00:00,other,72,23,5
ia,2011-2012,upper,SF 451,IAV00000305,upper,Shall amendment S–5191 to House amendment S–5170 be adopted?,2012-04-10 00:00:00,other,24,26,0
ia,2011-2012,upper,SF 451,IAV00000306,upper,Shall the bill pass?,2012-04-10 00:00:00,other,26,24,0
ia,2011-2012,upper,SF 451,IAV00000307,lower,Shall the bill pass?,2012-04-04 00:00:00,other,92,6,2
ia,2011-2012,upper,SF 430,IAV00000308,upper,Shall the bill pass?,2012-04-23 00:00:00,other,49,0,1
ia,2011-2012,upper,SF 430,IAV00000309,lower,Shall the bill pass?,2012-04-17 00:00:00,other,92,7,1
ia,2011-2012,upper,SF 413,IAV00000310,upper,Shall the bill pass?,2012-04-03 00:00:00,other,48,0,2
ia,2011-2012,upper,SF 413,IAV00000311,lower,Shall the bill pass?,2012-03-27 00:00:00,other,96,0,4
ia,2011-2012,upper,SF 365,IAV00000312,upper,Shall the bill pass?,2012-03-19 00:00:00,other,50,0,0
ia,2011-2012,upper,SF 364,IAV00000313,upper,Shall the bill pass?,2012-04-11 00:00:00,other,39,10,1
ia,2011-2012,upper,SF 364,IAV00000314,lower,Shall the bill pass?,2012-04-03 00:00:00,other,91,6,3
ia,2011-2012,upper,SF 364,IAV00000315,lower,Shall the bill pass?,2012-04-11 00:00:00,other,93,0,7
ia,2011-2012,upper,SF 93,IAV00000316,lower,Shall the bill pass?,2012-02-02 00:00:00,other,96,1,3
ia,2011-2012,lower,HF 2475,IAV00000317,lower,Shall the bill pass?,2012-05-07 00:00:00,other,71,26,3
ia,2011-2012,lower,HF 2473,IAV00000318,upper,Shall the bill pass?,2012-05-08 00:00:00,other,46,0,4
ia,2011-2012,lower,HF 2473,IAV00000319,lower,Shall the bill pass?,2012-05-08 00:00:00,other,92,2,6
ia,2011-2012,lower,HF 2472,IAV00000320,upper,Shall the bill pass?,2012-04-26 00:00:00,other,46,0,4
ia,2011-2012,lower,HF 2472,IAV00000321,lower,Shall the bill pass?,2012-04-25 00:00:00,other,95,0,5
ia,2011-2012,lower,HF 2471,IAV00000322,lower,Shall the bill pass?,2012-04-23 00:00:00,other,83,14,3
ia,2011-2012,lower,HF 2470,IAV00000323,upper,Shall the bill pass?,2012-05-08 00:00:00,other,43,3,4
ia,2011-2012,lower,HF 2470,IAV00000324,lower,Shall the bill pass?,2012-04-18 00:00:00,other,93,2,5
ia,2011-2012,lower,HF 2470,IAV00000325,lower,Shall the bill pass?,2012-05-09 00:00:00,other,94,2,4
ia,2011-2012,lower,HF 2467,IAV00000326,upper,Shall the bill pass?,2012-04-12 00:00:00,other,29,18,3
ia,2011-2012,lower,HF 2467,IAV00000327,lower,Shall the bill pass?,2012-04-11 00:00:00,other,89,3,8
ia,2011-2012,lower,HF 2466,IAV00000328,upper,Shall the bill pass?,2012-05-09 00:00:00,other,46,0,4
ia,2011-2012,lower,HF 2466,IAV00000329,lower,Shall the bill pass?,2012-04-11 00:00:00,other,93,0,7
ia,2011-2012,lower,HF 2466,IAV00000330,lower,Shall the bill pass?,2012-05-09 00:00:00,other,97,0,3
ia,2011-2012,lower,HF 2465,IAV00000331,upper,Shall amendment S–5238 to amendment S–5236 be adopted?,2012-05-01 00:00:00,other,22,26,2
ia,2011-2012,lower,HF 2465,IAV00000332,upper,Shall amendment S–5243 to amendment S–5236 be adopted?,2012-05-01 00:00:00,other,46,2,2
ia,2011-2012,lower,HF 2465,IAV00000333,upper,Shall amendment S–5242 to amendment S–5236 be adopted?,2012-05-01 00:00:00,other,19,29,2
ia,2011-2012,lower,HF 2465,IAV00000334,upper,Shall amendment S–5244 to amendment S–5236 be adopted?,2012-05-01 00:00:00,other,23,25,2
ia,2011-2012,lower,HF 2465,IAV00000335,upper,Shall amendment S–5250 to amendment S–5236 be adopted?,2012-05-01 00:00:00,other,23,25,2
ia,2011-2012,lower,HF 2465,IAV00000336,upper,Shall amendment S–5239 to amendment S–5236 be adopted?,2012-05-01 00:00:00,other,48,0,2
ia,2011-2012,lower,HF 2465,IAV00000337,upper,Shall the bill pass?,2012-05-01 00:00:00,other,26,22,2
ia,2011-2012,lower,HF 2465,IAV00000338,upper,Shall the bill pass?,2012-05-09 00:00:00,other,29,19,2
ia,2011-2012,lower,HF 2465,IAV00000339,lower,Shall amendment H–8435 be adopted?,2012-04-10 00:00:00,other,99,0,1
ia,2011-2012,lower,HF 2465,IAV00000340,lower,Shall amendment H–8430 A be adopted?,2012-04-10 00:00:00,other,98,0,2
ia,2011-2012,lower,HF 2465,IAV00000341,lower,Shall amendment H–8430 B be adopted?,2012-04-10 00:00:00,other,39,58,3
ia,2011-2012,lower,HF 2465,IAV00000342,lower,Shall amendment H–8434 be adopted?,2012-04-10 00:00:00,other,96,1,3
ia,2011-2012,lower,HF 2465,IAV00000343,lower,Shall amendment H–8439 be adopted?,2012-04-10 00:00:00,other,39,59,2
ia,2011-2012,lower,HF 2465,IAV00000344,lower,Shall amendment H–8444 be adopted?,2012-04-10 00:00:00,other,90,7,2
ia,2011-2012,lower,HF 2465,IAV00000345,lower,Shall amendment H–8429 be adopted?,2012-04-10 00:00:00,other,40,58,2
ia,2011-2012,lower,HF 2465,IAV00000346,lower,Shall amendment H–8432 be adopted?,2012-04-10 00:00:00,other,0,99,1
ia,2011-2012,lower,HF 2465,IAV00000347,lower,Shall amendment H–8445 be adopted?,2012-04-10 00:00:00,other,99,0,1
ia,2011-2012,lower,HF 2465,IAV00000348,lower,Shall the bill pass?,2012-04-10 00:00:00,other,59,40,1
ia,2011-2012,lower,HF 2465,IAV00000591,lower,Shall the bill pass?,2012-05-08 00:00:00,other,90,7,3
ia,2011-2012,lower,HF 2464,IAV00000349,upper,Shall the bill pass?,2012-04-23 00:00:00,other,49,0,1
ia,2011-2012,lower,HF 2464,IAV00000350,lower,Shall the bill pass?,2012-04-10 00:00:00,other,94,5,1
ia,2011-2012,lower,HF 2462,IAV00000351,lower,Shall amendment H–8420 be adopted?,2012-04-10 00:00:00,other,100,0,0
ia,2011-2012,lower,HF 2462,IAV00000352,lower,Shall the bill pass?,2012-04-10 00:00:00,other,56,44,0
ia,2011-2012,lower,HF 2460,IAV00000353,upper,Shall amendment S–5231 be adopted?,2012-04-24 00:00:00,other,23,25,2
ia,2011-2012,lower,HF 2460,IAV00000354,upper,Shall amendment S–5230 be adopted?,2012-04-24 00:00:00,other,48,0,2
ia,2011-2012,lower,HF 2460,IAV00000355,upper,Shall amendment S–5233 be adopted?,2012-04-24 00:00:00,other,30,18,2
ia,2011-2012,lower,HF 2460,IAV00000592,upper,"Shall amendment S–5220 , as amended, beadopted?",2012-04-24 00:00:00,other,48,0,2
ia,2011-2012,lower,HF 2460,IAV00000357,upper,Shall the bill pass?,2012-04-24 00:00:00,other,26,22,2
ia,2011-2012,lower,HF 2460,IAV00000358,lower,Shall the bill pass?,2012-04-11 00:00:00,other,54,43,3
ia,2011-2012,lower,HF 2460,IAV00000359,lower,Shall the bill pass?,2012-05-07 00:00:00,other,97,0,3
ia,2011-2012,lower,HF 2459,IAV00000360,upper,Shall the bill pass?,2012-04-19 00:00:00,other,31,16,3
ia,2011-2012,lower,HF 2459,IAV00000361,lower,Shall the bill pass?,2012-04-04 00:00:00,other,96,1,3
ia,2011-2012,lower,HF 2458,IAV00000362,upper,Shall the bill pass?,2012-04-19 00:00:00,other,47,0,3
ia,2011-2012,lower,HF 2458,IAV00000363,lower,Shall the bill pass?,2012-04-09 00:00:00,other,96,0,4
ia,2011-2012,lower,HF 2455,IAV00000364,upper,Shall the bill pass?,2012-04-16 00:00:00,other,48,0,2
ia,2011-2012,lower,HF 2455,IAV00000365,lower,Shall the bill pass?,2012-04-09 00:00:00,other,96,0,4
ia,2011-2012,lower,HF 2450,IAV00000366,lower,Shall amendment H–8392 be adopted?,2012-04-03 00:00:00,other,42,54,4
ia,2011-2012,lower,HF 2450,IAV00000367,lower,Shall amendment H–8360 be adopted?,2012-04-03 00:00:00,other,39,60,1
ia,2011-2012,lower,HF 2450,IAV00000368,lower,Shall the bill pass?,2012-04-03 00:00:00,other,58,42,0
ia,2011-2012,lower,HF 2435,IAV00000369,lower,Shall amendment H–8459 be adopted?,2012-04-18 00:00:00,other,95,0,5
ia,2011-2012,lower,HF 2433,IAV00000370,lower,Shall the bill pass?,2012-03-13 00:00:00,other,96,1,3
ia,2011-2012,lower,HF 2429,IAV00000371,lower,Shall the bill pass?,2012-03-13 00:00:00,other,72,26,2
ia,2011-2012,lower,HF 2428,IAV00000372,upper,Shall the bill pass?,2012-03-26 00:00:00,other,50,0,0
ia,2011-2012,lower,HF 2428,IAV00000373,lower,Shall the bill pass?,2012-03-12 00:00:00,other,98,0,2
ia,2011-2012,lower,HF 2427,IAV00000374,upper,Shall the bill pass?,2012-03-28 00:00:00,other,38,11,1
ia,2011-2012,lower,HF 2427,IAV00000375,lower,Shall the bill pass?,2012-03-07 00:00:00,other,78,17,5
ia,2011-2012,lower,HF 2427,IAV00000376,lower,Shall the bill pass?,2012-04-03 00:00:00,other,81,18,1
ia,2011-2012,lower,HF 2422,IAV00000377,upper,Shall amendment S–5219 be adopted?,2012-04-18 00:00:00,other,26,21,3
ia,2011-2012,lower,HF 2422,IAV00000378,upper,Shall the bill pass?,2012-04-18 00:00:00,other,47,0,3
ia,2011-2012,lower,HF 2422,IAV00000379,lower,Shall the bill pass?,2012-03-14 00:00:00,other,97,0,3
ia,2011-2012,lower,HF 2422,IAV00000593,lower,Shall the bill pass?,2012-04-23 00:00:00,other,97,0,3
ia,2011-2012,lower,HF 2407,IAV00000380,lower,Shall the bill pass?,2012-03-06 00:00:00,other,97,0,3
ia,2011-2012,lower,HF 2404,IAV00000381,upper,Shall the bill pass?,2012-03-21 00:00:00,other,49,0,1
ia,2011-2012,lower,HF 2404,IAV00000382,lower,Shall the bill pass?,2012-03-12 00:00:00,other,98,0,2
ia,2011-2012,lower,HF 2403,IAV00000383,upper,Shall the bill pass?,2012-03-21 00:00:00,other,49,0,1
ia,2011-2012,lower,HF 2403,IAV00000384,lower,Shall the bill pass?,2012-03-07 00:00:00,other,98,0,2
ia,2011-2012,lower,HF 2402,IAV00000385,upper,Shall the bill pass?,2012-03-21 00:00:00,other,49,0,1
ia,2011-2012,lower,HF 2402,IAV00000386,lower,Shall the bill pass?,2012-03-12 00:00:00,other,97,1,2
ia,2011-2012,lower,HF 2400,IAV00000387,lower,Shall the bill pass?,2012-03-12 00:00:00,other,96,2,2
ia,2011-2012,lower,HF 2399,IAV00000388,upper,Shall the bill pass?,2012-04-04 00:00:00,other,45,0,5
ia,2011-2012,lower,HF 2399,IAV00000389,lower,Shall the bill pass?,2012-03-12 00:00:00,other,97,1,2
ia,2011-2012,lower,HF 2399,IAV00000390,lower,Shall the bill pass?,2012-04-05 00:00:00,other,94,1,5
ia,2011-2012,lower,HF 2398,IAV00000391,lower,Shall the bill pass?,2012-03-14 00:00:00,other,93,0,7
ia,2011-2012,lower,HF 2397,IAV00000392,lower,Shall the bill pass?,2012-03-08 00:00:00,other,95,0,5
ia,2011-2012,lower,HF 2392,IAV00000594,upper,Shall the bill pass?,2012-05-08 00:00:00,other,22,24,4
ia,2011-2012,lower,HF 2392,IAV00000394,lower,Shall the bill pass?,2012-04-25 00:00:00,other,63,31,6
ia,2011-2012,lower,HF 2390,IAV00000395,upper,Shall the bill pass?,2012-03-26 00:00:00,other,50,0,0
ia,2011-2012,lower,HF 2390,IAV00000396,lower,Shall the bill pass?,2012-03-08 00:00:00,other,95,0,5
ia,2011-2012,lower,HF 2390,IAV00000397,lower,Shall the bill pass?,2012-03-28 00:00:00,other,94,0,6
ia,2011-2012,lower,HF 2388,IAV00000398,upper,Shall the bill pass?,2012-03-26 00:00:00,other,31,19,0
ia,2011-2012,lower,HF 2388,IAV00000399,lower,Shall the bill pass?,2012-03-12 00:00:00,other,98,0,2
ia,2011-2012,lower,HF 2387,IAV00000400,upper,Shall the bill pass?,2012-03-21 00:00:00,other,49,0,1
ia,2011-2012,lower,HF 2387,IAV00000401,lower,Shall the bill pass?,2012-03-06 00:00:00,other,97,0,3
ia,2011-2012,lower,HF 2385,IAV00000402,lower,Shall the bill pass?,2012-03-13 00:00:00,other,61,36,3
ia,2011-2012,lower,HF 2383,IAV00000403,upper,Shall the bill pass?,2012-03-21 00:00:00,other,49,0,1
ia,2011-2012,lower,HF 2383,IAV00000404,lower,Shall the bill pass?,2012-03-07 00:00:00,other,96,0,4
ia,2011-2012,lower,HF 2380,IAV00000407,lower,Shall amendment H–8180 be adopted?,2012-03-13 00:00:00,other,63,35,2
ia,2011-2012,lower,HF 2380,IAV00000408,lower,Shall amendment H–8204 be adopted?,2012-03-13 00:00:00,other,40,58,2
ia,2011-2012,lower,HF 2380,IAV00000409,lower,Shall amendment H–8176 be adopted?,2012-03-13 00:00:00,other,98,0,2
ia,2011-2012,lower,HF 2380,IAV00000410,lower,Shall amendment H–8202 be adopted?,2012-03-13 00:00:00,other,39,59,2
ia,2011-2012,lower,HF 2380,IAV00000411,lower,Shall amendment H–8200 be adopted?,2012-03-13 00:00:00,other,36,59,5
ia,2011-2012,lower,HF 2380,IAV00000412,lower,Shall amendment H–8216 B be adopted?,2012-03-13 00:00:00,other,61,37,2
ia,2011-2012,lower,HF 2380,IAV00000413,lower,Shall amendment H–8198 be adopted?,2012-03-13 00:00:00,other,98,0,2
ia,2011-2012,lower,HF 2380,IAV00000414,lower,Shall amendment H–8214 be adopted?,2012-03-13 00:00:00,other,39,60,1
ia,2011-2012,lower,HF 2380,IAV00000595,lower,"Shall amendment H–8237 , to amendment H–8181 ,be adopted?",2012-03-13 00:00:00,other,78,21,1
ia,2011-2012,lower,HF 2380,IAV00000416,lower,Shall amendment H–8212 be adopted?,2012-03-13 00:00:00,other,39,59,2
ia,2011-2012,lower,HF 2380,IAV00000417,lower,Shall amendment H–8208 be adopted?,2012-03-13 00:00:00,other,39,59,2
ia,2011-2012,lower,HF 2380,IAV00000418,lower,Shall amendment H–8201 be adopted?,2012-03-13 00:00:00,other,38,61,1
ia,2011-2012,lower,HF 2380,IAV00000419,lower,Shall the bill pass?,2012-03-13 00:00:00,other,53,46,1
ia,2011-2012,lower,HF 2379,IAV00000420,upper,Shall the bill pass?,2012-03-21 00:00:00,other,49,0,1
ia,2011-2012,lower,HF 2379,IAV00000421,lower,Shall the bill pass?,2012-03-12 00:00:00,other,98,0,2
ia,2011-2012,lower,HF 2370,IAV00000422,upper,Shall the bill pass?,2012-03-21 00:00:00,other,49,0,1
ia,2011-2012,lower,HF 2370,IAV00000423,lower,Shall the bill pass?,2012-03-12 00:00:00,other,98,0,2
ia,2011-2012,lower,HF 2369,IAV00000424,upper,Shall the bill pass?,2012-03-21 00:00:00,other,50,0,0
ia,2011-2012,lower,HF 2369,IAV00000425,lower,Shall the bill pass?,2012-03-12 00:00:00,other,98,0,2
ia,2011-2012,lower,HF 2369,IAV00000426,lower,Shall the bill pass?,2012-03-28 00:00:00,other,95,0,5
ia,2011-2012,lower,HF 2368,IAV00000427,upper,Shall the bill pass?,2012-03-21 00:00:00,other,50,0,0
ia,2011-2012,lower,HF 2368,IAV00000428,lower,Shall the bill pass?,2012-03-06 00:00:00,other,98,0,2
ia,2011-2012,lower,HF 2367,IAV00000429,lower,Shall the bill pass?,2012-03-08 00:00:00,other,68,30,2
ia,2011-2012,lower,HF 2363,IAV00000430,lower,Shall the bill pass?,2012-03-06 00:00:00,other,98,0,2
ia,2011-2012,lower,HF 2362,IAV00000431,lower,Shall the bill pass?,2012-03-06 00:00:00,other,98,0,2
ia,2011-2012,lower,HF 2345,IAV00000432,lower,Shall the bill pass?,2012-03-06 00:00:00,other,98,0,2
ia,2011-2012,lower,HF 2343,IAV00000433,upper,Shall the bill pass?,2012-04-18 00:00:00,other,46,1,3
ia,2011-2012,lower,HF 2343,IAV00000434,lower,Shall the bill pass?,2012-03-06 00:00:00,other,95,0,5
ia,2011-2012,lower,HF 2338,IAV00000435,upper,Shall the bill pass?,2012-03-21 00:00:00,other,26,24,0
ia,2011-2012,lower,HF 2338,IAV00000436,upper,Shall the bill pass?,2012-05-07 00:00:00,other,26,20,4
ia,2011-2012,lower,HF 2338,IAV00000437,lower,Shall amendment H–8052 be adopted?,2012-02-28 00:00:00,other,39,57,4
ia,2011-2012,lower,HF 2338,IAV00000438,lower,Shall the bill pass?,2012-02-28 00:00:00,other,54,43,3
ia,2011-2012,lower,HF 2338,IAV00000439,lower,Shall the bill pass?,2012-05-07 00:00:00,other,90,7,3
ia,2011-2012,lower,HF 2337,IAV00000440,upper,Shall the bill pass?,2012-04-09 00:00:00,other,26,24,0
ia,2011-2012,lower,HF 2337,IAV00000441,upper,Shall the bill pass?,2012-05-07 00:00:00,other,32,14,4
ia,2011-2012,lower,HF 2337,IAV00000442,lower,Shall amendment H–8037 be adopted?,2012-02-28 00:00:00,other,39,56,5
ia,2011-2012,lower,HF 2337,IAV00000443,lower,Shall amendment H–8038 be adopted?,2012-02-28 00:00:00,other,40,56,4
ia,2011-2012,lower,HF 2337,IAV00000596,lower,"Shall amendment H–8041 , as amended, beadopted?",2012-02-28 00:00:00,other,40,55,5
ia,2011-2012,lower,HF 2337,IAV00000597,lower,"Shall amendment H–8062 , to amendment H–8039 ,be adopted?",2012-02-28 00:00:00,other,43,52,5
ia,2011-2012,lower,HF 2337,IAV00000446,lower,Shall amendment H–8039 be adopted?,2012-02-28 00:00:00,other,40,56,4
ia,2011-2012,lower,HF 2337,IAV00000447,lower,Shall amendment H–8051 be adopted?,2012-02-28 00:00:00,other,40,56,4
ia,2011-2012,lower,HF 2337,IAV00000448,lower,Shall the bill pass?,2012-02-28 00:00:00,other,56,42,2
ia,2011-2012,lower,HF 2337,IAV00000449,lower,Shall the bill pass?,2012-05-07 00:00:00,other,82,15,3
ia,2011-2012,lower,HF 2336,IAV00000450,upper,Shall the bill pass?,2012-03-21 00:00:00,other,26,24,0
ia,2011-2012,lower,HF 2336,IAV00000451,upper,Shall the bill pass?,2012-05-08 00:00:00,other,33,12,5
ia,2011-2012,lower,HF 2336,IAV00000452,lower,Shall amendment H–8042 be adopted?,2012-02-28 00:00:00,other,40,59,1
ia,2011-2012,lower,HF 2336,IAV00000453,lower,Shall amendment H–8050 be adopted?,2012-02-28 00:00:00,other,40,59,1
ia,2011-2012,lower,HF 2336,IAV00000454,lower,Shall the bill pass?,2012-02-28 00:00:00,other,57,42,1
ia,2011-2012,lower,HF 2336,IAV00000455,lower,Shall the bill pass?,2012-05-07 00:00:00,other,89,7,4
ia,2011-2012,lower,HF 2335,IAV00000598,upper,"Shall amendment S–5056 , as amended, beadopted?",2012-03-21 00:00:00,other,26,24,0
ia,2011-2012,lower,HF 2335,IAV00000457,upper,Shall the bill pass?,2012-03-21 00:00:00,other,26,24,0
ia,2011-2012,lower,HF 2335,IAV00000458,upper,Shall the bill pass?,2012-05-08 00:00:00,other,26,19,5
ia,2011-2012,lower,HF 2335,IAV00000459,lower,Shall amendment H–8046 be adopted?,2012-02-28 00:00:00,other,40,56,4
ia,2011-2012,lower,HF 2335,IAV00000460,lower,Shall amendment H–8047 be adopted?,2012-02-28 00:00:00,other,43,55,2
ia,2011-2012,lower,HF 2335,IAV00000599,lower,"Shall amendment H–8067 , to amendment H–8044 ,be adopted?",2012-02-28 00:00:00,other,40,58,2
ia,2011-2012,lower,HF 2335,IAV00000600,lower,"Shall amendment H–8070 , to amendment H–8044 ,be adopted?",2012-02-28 00:00:00,other,99,0,1
ia,2011-2012,lower,HF 2335,IAV00000463,lower,Shall amendment H–8045 be adopted?,2012-02-28 00:00:00,other,43,56,1
ia,2011-2012,lower,HF 2335,IAV00000464,lower,Shall amendment H–8053 be adopted?,2012-02-28 00:00:00,other,40,59,1
ia,2011-2012,lower,HF 2335,IAV00000465,lower,Shall the bill pass?,2012-02-28 00:00:00,other,69,30,1
ia,2011-2012,lower,HF 2335,IAV00000466,lower,Shall the bill pass?,2012-05-07 00:00:00,other,55,42,3
ia,2011-2012,lower,HF 2329,IAV00000467,lower,Shall the bill pass?,2012-03-08 00:00:00,other,96,0,4
ia,2011-2012,lower,HF 2323,IAV00000468,upper,Shall the bill pass?,2012-03-28 00:00:00,other,49,0,1
ia,2011-2012,lower,HF 2323,IAV00000469,lower,Shall the bill pass?,2012-03-07 00:00:00,other,97,0,3
ia,2011-2012,lower,HF 2323,IAV00000470,lower,Shall the bill pass?,2012-04-04 00:00:00,other,95,0,5
ia,2011-2012,lower,HF 2322,IAV00000471,lower,Shall the bill pass?,2012-03-07 00:00:00,other,84,12,4
ia,2011-2012,lower,HF 2321,IAV00000472,upper,Shall the bill pass?,2012-03-21 00:00:00,other,50,0,0
ia,2011-2012,lower,HF 2321,IAV00000473,lower,Shall the bill pass?,2012-03-06 00:00:00,other,98,0,2
ia,2011-2012,lower,HF 2320,IAV00000474,upper,Shall the bill pass?,2012-03-19 00:00:00,other,29,21,0
ia,2011-2012,lower,HF 2320,IAV00000475,lower,Shall the bill pass?,2012-03-06 00:00:00,other,92,7,1
ia,2011-2012,lower,HF 2319,IAV00000476,lower,Shall the bill pass?,2012-03-07 00:00:00,other,96,0,4
ia,2011-2012,lower,HF 2318,IAV00000477,lower,Shall the bill pass?,2012-03-15 00:00:00,other,95,0,5
ia,2011-2012,lower,HF 2315,IAV00000478,lower,Shall the bill pass?,2012-03-06 00:00:00,other,97,1,2
ia,2011-2012,lower,HF 2306,IAV00000479,upper,Shall the bill pass?,2012-03-21 00:00:00,other,50,0,0
ia,2011-2012,lower,HF 2306,IAV00000480,lower,Shall the bill pass?,2012-03-08 00:00:00,other,97,0,3
ia,2011-2012,lower,HF 2305,IAV00000481,upper,Shall the bill pass?,2012-03-21 00:00:00,other,49,1,0
ia,2011-2012,lower,HF 2305,IAV00000482,lower,Shall the bill pass?,2012-03-06 00:00:00,other,99,0,1
ia,2011-2012,lower,HF 2305,IAV00000483,lower,Shall the bill pass?,2012-03-29 00:00:00,other,93,0,7
ia,2011-2012,lower,HF 2301,IAV00000484,upper,Shall the bill pass?,2012-03-21 00:00:00,other,50,0,0
ia,2011-2012,lower,HF 2301,IAV00000485,lower,Shall the bill pass?,2012-03-06 00:00:00,other,98,0,2
ia,2011-2012,lower,HF 2292,IAV00000486,upper,Shall the bill pass?,2012-03-27 00:00:00,other,45,5,0
ia,2011-2012,lower,HF 2292,IAV00000487,upper,Shall the bill pass?,2012-04-03 00:00:00,other,45,3,2
ia,2011-2012,lower,HF 2292,IAV00000488,lower,Shall the bill pass?,2012-03-06 00:00:00,other,98,0,2
ia,2011-2012,lower,HF 2292,IAV00000489,lower,Shall the bill pass?,2012-03-28 00:00:00,other,94,1,5
ia,2011-2012,lower,HF 2289,IAV00000490,lower,Shall the bill pass?,2012-03-12 00:00:00,other,98,0,2
ia,2011-2012,lower,HF 2285,IAV00000491,upper,Shall the bill pass?,2012-03-19 00:00:00,other,50,0,0
ia,2011-2012,lower,HF 2285,IAV00000492,lower,Shall the bill pass?,2012-02-29 00:00:00,other,98,0,2
ia,2011-2012,lower,HF 2284,IAV00000493,lower,Shall the bill pass?,2012-02-16 00:00:00,other,93,2,5
ia,2011-2012,lower,HF 2275,IAV00000494,lower,Shall the bill pass?,2012-03-07 00:00:00,other,80,17,3
ia,2011-2012,lower,HF 2274,IAV00000495,lower,Shall amendment H–8014 be adopted?,2012-02-14 00:00:00,other,41,57,2
ia,2011-2012,lower,HF 2274,IAV00000496,lower,Shall amendment H–8015 be adopted?,2012-02-14 00:00:00,other,12,86,2
ia,2011-2012,lower,HF 2274,IAV00000497,lower,Shall amendment H–8016 be adopted?,2012-02-14 00:00:00,other,39,58,3
ia,2011-2012,lower,HF 2274,IAV00000498,lower,Shall the bill pass?,2012-02-14 00:00:00,other,59,40,1
ia,2011-2012,lower,HF 2264,IAV00000499,upper,Shall the bill pass?,2012-03-21 00:00:00,other,50,0,0
ia,2011-2012,lower,HF 2264,IAV00000500,lower,Shall the bill pass?,2012-03-12 00:00:00,other,98,0,2
ia,2011-2012,lower,HF 2245,IAV00000501,upper,Shall amendment S–5053 be adopted?,2012-03-19 00:00:00,other,26,24,0
ia,2011-2012,lower,HF 2245,IAV00000502,upper,Shall the bill pass?,2012-03-19 00:00:00,other,26,24,0
ia,2011-2012,lower,HF 2245,IAV00000503,lower,Shall the bill pass?,2012-02-13 00:00:00,other,56,38,6
ia,2011-2012,lower,HF 2242,IAV00000504,lower,Shall the bill pass?,2012-03-06 00:00:00,other,75,23,2
ia,2011-2012,lower,HF 2231,IAV00000505,upper,Shall the bill pass?,2012-03-26 00:00:00,other,50,0,0
ia,2011-2012,lower,HF 2231,IAV00000506,lower,Shall the bill pass?,2012-03-06 00:00:00,other,99,0,1
ia,2011-2012,lower,HF 2230,IAV00000507,lower,Shall the bill pass?,2012-02-29 00:00:00,other,96,0,4
ia,2011-2012,lower,HF 2228,IAV00000508,upper,Shall the bill pass?,2012-03-21 00:00:00,other,50,0,0
ia,2011-2012,lower,HF 2228,IAV00000509,lower,Shall the bill pass?,2012-03-12 00:00:00,other,97,0,3
ia,2011-2012,lower,HF 2228,IAV00000510,lower,Shall the bill pass?,2012-03-28 00:00:00,other,92,0,8
ia,2011-2012,lower,HF 2227,IAV00000511,lower,Shall amendment H–8006 be adopted?,2012-03-06 00:00:00,other,42,57,1
ia,2011-2012,lower,HF 2227,IAV00000512,lower,Shall the bill pass?,2012-03-06 00:00:00,other,61,38,1
ia,2011-2012,lower,HF 2226,IAV00000513,upper,Shall the bill pass?,2012-03-19 00:00:00,other,50,0,0
ia,2011-2012,lower,HF 2226,IAV00000514,lower,Shall the bill pass?,2012-02-09 00:00:00,other,95,0,5
ia,2011-2012,lower,HF 2226,IAV00000515,lower,Shall the bill pass?,2012-03-29 00:00:00,other,94,0,6
ia,2011-2012,lower,HF 2215,IAV00000516,lower,Shall amendment H–8004 be adopted?,2012-02-29 00:00:00,other,39,59,2
ia,2011-2012,lower,HF 2215,IAV00000517,lower,Shall the bill pass?,2012-02-29 00:00:00,other,60,38,2
ia,2011-2012,lower,HF 2169,IAV00000518,lower,Shall the bill pass?,2012-02-08 00:00:00,other,97,2,1
ia,2011-2012,lower,HF 2168,IAV00000519,upper,Shall the bill pass?,2012-03-21 00:00:00,other,50,0,0
ia,2011-2012,lower,HF 2168,IAV00000520,lower,Shall the bill pass?,2012-02-08 00:00:00,other,99,0,1
ia,2011-2012,lower,HF 2168,IAV00000521,lower,Shall the bill pass?,2012-03-27 00:00:00,other,96,0,4
ia,2011-2012,lower,HF 2166,IAV00000522,upper,Shall the bill pass?,2012-03-26 00:00:00,other,50,0,0
ia,2011-2012,lower,HF 2166,IAV00000523,lower,Shall the bill pass?,2012-02-08 00:00:00,other,99,0,1
ia,2011-2012,lower,HF 2165,IAV00000524,upper,Shall the bill pass?,2012-02-22 00:00:00,other,48,0,2
ia,2011-2012,lower,HF 2165,IAV00000525,lower,Shall the bill pass?,2012-02-09 00:00:00,other,83,12,5
ia,2011-2012,lower,HF 2150,IAV00000526,upper,Shall the bill pass?,2012-02-28 00:00:00,other,50,0,0
ia,2011-2012,lower,HF 2150,IAV00000527,lower,Shall the bill pass?,2012-02-02 00:00:00,other,100,0,0
ia,2011-2012,lower,HF 2145,IAV00000528,upper,Shall the bill pass?,2012-03-19 00:00:00,other,50,0,0
ia,2011-2012,lower,HF 2145,IAV00000529,lower,Shall the bill pass?,2012-02-01 00:00:00,other,97,0,3
ia,2011-2012,lower,HF 2144,IAV00000530,upper,Shall the bill pass?,2012-03-21 00:00:00,other,50,0,0
ia,2011-2012,lower,HF 2144,IAV00000531,lower,Shall the bill pass?,2012-02-08 00:00:00,other,97,0,3
ia,2011-2012,lower,HF 2104,IAV00000532,lower,Shall the bill pass?,2012-02-01 00:00:00,other,97,0,3
ia,2011-2012,lower,HF 2103,IAV00000533,lower,Shall the bill pass?,2012-02-01 00:00:00,other,94,2,4
ia,2011-2012,lower,HF 2101,IAV00000534,upper,Shall the bill pass?,2012-03-19 00:00:00,other,50,0,0
ia,2011-2012,lower,HF 2101,IAV00000535,lower,Shall the bill pass?,2012-02-08 00:00:00,other,99,0,1
ia,2011-2012,lower,HF 2092,IAV00000536,upper,Shall the bill pass?,2012-03-21 00:00:00,other,50,0,0
ia,2011-2012,lower,HF 2092,IAV00000537,lower,Shall the bill pass?,2012-03-08 00:00:00,other,95,0,5
ia,2011-2012,lower,HF 2042,IAV00000538,lower,Shall the bill pass?,2012-01-25 00:00:00,other,92,0,8
ia,2011-2012,lower,HF 675,IAV00000539,upper,Shall the bill pass?,2012-04-16 00:00:00,other,46,2,2
ia,2011-2012,lower,HF 675,IAV00000540,lower,Shall the bill pass?,2012-04-17 00:00:00,other,75,24,1
ia,2011-2012,lower,HF 609,IAV00000541,upper,Shall the bill pass?,2012-03-28 00:00:00,other,48,1,1
ia,2011-2012,lower,HF 609,IAV00000542,lower,Shall the bill pass?,2012-04-04 00:00:00,other,75,21,4
ia,2011-2012,lower,HF 609,IAV00000543,lower,Shall the bill pass?,2012-05-07 00:00:00,other,97,0,3
ia,2011-2012,lower,HF 589,IAV00000601,upper,Shall amendment S–5030 to amendment S–5004 beadopted?,2012-02-28 00:00:00,other,8,42,0
ia,2011-2012,lower,HF 589,IAV00000545,upper,Shall the bill pass?,2012-02-28 00:00:00,other,40,10,0
ia,2011-2012,lower,HF 589,IAV00000546,lower,Shall the bill pass?,2012-02-28 00:00:00,other,69,28,3
ia,2011-2012,lower,HF 563,IAV00000547,upper,Shall the bill pass?,2012-04-23 00:00:00,other,49,0,1
ia,2011-2012,lower,HF 563,IAV00000548,lower,Shall the bill pass?,2012-04-23 00:00:00,other,96,0,4
ia,2011-2012,lower,HF 524,IAV00000549,upper,Shall the bill pass?,2012-03-19 00:00:00,other,50,0,0
ia,2011-2012,lower,HF 524,IAV00000550,lower,Shall the bill pass?,2012-04-04 00:00:00,other,97,0,3
ia,2011-2012,lower,HJR 2009,IAV00000602,lower,"Shall amendment H–8061 , to amendment H–8032 , beadopted?",2012-02-29 00:00:00,other,60,38,2
ia,2011-2012,lower,HJR 2009,IAV00000603,lower,Shall the joint resolution be adopted and agreedto?,2012-02-29 00:00:00,other,61,37,2
ia,2011-2012,lower,HJR 2008,IAV00000553,upper,Shall the resolution be adopted?,2012-04-25 00:00:00,other,43,0,7
ia,2011-2012,lower,HJR 2008,IAV00000604,lower,Shall the joint resolution be adopted and agreedto?,2012-04-19 00:00:00,other,98,0,2
ia,2011-2012,lower,HJR 2001,IAV00000605,lower,Shall the joint resolution be adopted and agreedto?,2012-02-02 00:00:00,other,73,27,0
ia,2011-2012,upper,SF 2336,IAV00000016,upper,Shall amendment S–5227 to House amendment S–5221 be adopted?,2012-04-19 00:00:00,other,25,25,0
ia,2011-2012,lower,HF 2380,IAV00000406,lower,Shall amendment H–8199 be adopted?,2012-03-13 00:00:00,other,98,0,2
ia,2011-2012,lower,HF 2380,IAV00000405,lower,Shall amendment H–8141 be adopted?,2012-03-13 00:00:00,other,98,0,2
